id_student,code_module,code_presentation
28400,AAA,2013J
30268,AAA,2013J
31604,AAA,2013J
32885,AAA,2013J
45462,AAA,2013J
45642,AAA,2013J
53025,AAA,2013J
57506,AAA,2013J
58873,AAA,2013J
59185,AAA,2013J
62155,AAA,2013J
65002,AAA,2013J
70464,AAA,2013J
71361,AAA,2013J
75091,AAA,2013J
77367,AAA,2013J
91265,AAA,2013J
98094,AAA,2013J
100893,AAA,2013J
101781,AAA,2013J
102806,AAA,2013J
102952,AAA,2013J
104476,AAA,2013J
106247,AAA,2013J
110175,AAA,2013J
111717,AAA,2013J
113295,AAA,2013J
114017,AAA,2013J
116692,AAA,2013J
123044,AAA,2013J
127582,AAA,2013J
129955,AAA,2013J
132976,AAA,2013J
134143,AAA,2013J
135335,AAA,2013J
141355,AAA,2013J
141377,AAA,2013J
142326,AAA,2013J
144801,AAA,2013J
145130,AAA,2013J
148993,AAA,2013J
155550,AAA,2013J
155854,AAA,2013J
155984,AAA,2013J
157568,AAA,2013J
167906,AAA,2013J
168936,AAA,2013J
172112,AAA,2013J
172797,AAA,2013J
174782,AAA,2013J
175392,AAA,2013J
175932,AAA,2013J
175991,AAA,2013J
181316,AAA,2013J
183096,AAA,2013J
183947,AAA,2013J
185439,AAA,2013J
186149,AAA,2013J
188278,AAA,2013J
192183,AAA,2013J
195262,AAA,2013J
200860,AAA,2013J
205350,AAA,2013J
205719,AAA,2013J
227499,AAA,2013J
227517,AAA,2013J
228082,AAA,2013J
228222,AAA,2013J
229179,AAA,2013J
229361,AAA,2013J
231554,AAA,2013J
235507,AAA,2013J
238007,AAA,2013J
240884,AAA,2013J
241729,AAA,2013J
242793,AAA,2013J
246834,AAA,2013J
248270,AAA,2013J
256815,AAA,2013J
258392,AAA,2013J
258894,AAA,2013J
260355,AAA,2013J
262011,AAA,2013J
262934,AAA,2013J
268073,AAA,2013J
268733,AAA,2013J
271251,AAA,2013J
277880,AAA,2013J
279572,AAA,2013J
281250,AAA,2013J
281589,AAA,2013J
282821,AAA,2013J
286488,AAA,2013J
287548,AAA,2013J
290201,AAA,2013J
290757,AAA,2013J
293699,AAA,2013J
294570,AAA,2013J
294594,AAA,2013J
298696,AAA,2013J
300398,AAA,2013J
302302,AAA,2013J
305152,AAA,2013J
305539,AAA,2013J
306466,AAA,2013J
306897,AAA,2013J
307061,AAA,2013J
307866,AAA,2013J
312537,AAA,2013J
318933,AAA,2013J
319047,AAA,2013J
321942,AAA,2013J
324002,AAA,2013J
324084,AAA,2013J
333059,AAA,2013J
333323,AAA,2013J
334259,AAA,2013J
334333,AAA,2013J
335764,AAA,2013J
336207,AAA,2013J
339972,AAA,2013J
341872,AAA,2013J
342007,AAA,2013J
342514,AAA,2013J
342972,AAA,2013J
344282,AAA,2013J
345068,AAA,2013J
345357,AAA,2013J
346025,AAA,2013J
346843,AAA,2013J
350188,AAA,2013J
354858,AAA,2013J
357668,AAA,2013J
365244,AAA,2013J
365642,AAA,2013J
366483,AAA,2013J
368194,AAA,2013J
368824,AAA,2013J
368963,AAA,2013J
376439,AAA,2013J
380953,AAA,2013J
383254,AAA,2013J
386952,AAA,2013J
388722,AAA,2013J
388885,AAA,2013J
390890,AAA,2013J
392756,AAA,2013J
392931,AAA,2013J
396872,AAA,2013J
398552,AAA,2013J
401869,AAA,2013J
402470,AAA,2013J
405088,AAA,2013J
405961,AAA,2013J
414117,AAA,2013J
415969,AAA,2013J
420087,AAA,2013J
429958,AAA,2013J
441888,AAA,2013J
442442,AAA,2013J
444677,AAA,2013J
470588,AAA,2013J
489455,AAA,2013J
494424,AAA,2013J
495284,AAA,2013J
508818,AAA,2013J
512460,AAA,2013J
550383,AAA,2013J
564450,AAA,2013J
568601,AAA,2013J
572652,AAA,2013J
580389,AAA,2013J
581129,AAA,2013J
588775,AAA,2013J
591774,AAA,2013J
603861,AAA,2013J
606143,AAA,2013J
704156,AAA,2013J
721259,AAA,2013J
749412,AAA,2013J
760729,AAA,2013J
905042,AAA,2013J
949618,AAA,2013J
968578,AAA,2013J
969076,AAA,2013J
978739,AAA,2013J
1035023,AAA,2013J
1105478,AAA,2013J
1352868,AAA,2013J
1401935,AAA,2013J
1414443,AAA,2013J
1456619,AAA,2013J
1472925,AAA,2013J
1488959,AAA,2013J
1518989,AAA,2013J
1640609,AAA,2013J
1686521,AAA,2013J
1729319,AAA,2013J
1746134,AAA,2013J
1765788,AAA,2013J
1801229,AAA,2013J
1801641,AAA,2013J
1847830,AAA,2013J
1860318,AAA,2013J
1889511,AAA,2013J
1889577,AAA,2013J
1894188,AAA,2013J
1938355,AAA,2013J
1976139,AAA,2013J
2011876,AAA,2013J
2012966,AAA,2013J
2051699,AAA,2013J
2062879,AAA,2013J
2065691,AAA,2013J
2073016,AAA,2013J
2080474,AAA,2013J
2083877,AAA,2013J
2084066,AAA,2013J
2104505,AAA,2013J
2122180,AAA,2013J
2146792,AAA,2013J
2149225,AAA,2013J
2153153,AAA,2013J
2155014,AAA,2013J
2164705,AAA,2013J
2171627,AAA,2013J
2194100,AAA,2013J
2197016,AAA,2013J
2208424,AAA,2013J
2255601,AAA,2013J
2278464,AAA,2013J
2293923,AAA,2013J
2318055,AAA,2013J
2324976,AAA,2013J
2329342,AAA,2013J
2339528,AAA,2013J
2342426,AAA,2013J
2358969,AAA,2013J
2364471,AAA,2013J
2365101,AAA,2013J
2367155,AAA,2013J
2376496,AAA,2013J
2391984,AAA,2013J
2411661,AAA,2013J
2412002,AAA,2013J
2412967,AAA,2013J
2429854,AAA,2013J
2437837,AAA,2013J
2456480,AAA,2013J
2457256,AAA,2013J
2458355,AAA,2013J
2460080,AAA,2013J
2469673,AAA,2013J
2470694,AAA,2013J
2479954,AAA,2013J
2481901,AAA,2013J
2486127,AAA,2013J
2498700,AAA,2013J
2516503,AAA,2013J
2518069,AAA,2013J
2523736,AAA,2013J
2529279,AAA,2013J
2532302,AAA,2013J
2536991,AAA,2013J
2542724,AAA,2013J
2550279,AAA,2013J
2551220,AAA,2013J
2555340,AAA,2013J
2557283,AAA,2013J
2566163,AAA,2013J
2569324,AAA,2013J
2574528,AAA,2013J
2576122,AAA,2013J
2586560,AAA,2013J
2594139,AAA,2013J
2598871,AAA,2013J
2606098,AAA,2013J
2613116,AAA,2013J
2620584,AAA,2013J
2639449,AAA,2013J
2639540,AAA,2013J
2639641,AAA,2013J
2643002,AAA,2013J
2645733,AAA,2013J
2649826,AAA,2013J
2650282,AAA,2013J
2666246,AAA,2013J
2669816,AAA,2013J
2671132,AAA,2013J
2678643,AAA,2013J
2685865,AAA,2013J
2691244,AAA,2013J
2694424,AAA,2013J
2698257,AAA,2013J
6516,AAA,2014J
24734,AAA,2014J
26192,AAA,2014J
28061,AAA,2014J
31600,AAA,2014J
46844,AAA,2014J
52765,AAA,2014J
55104,AAA,2014J
58071,AAA,2014J
58316,AAA,2014J
62487,AAA,2014J
63165,AAA,2014J
65002,AAA,2014J
70011,AAA,2014J
75255,AAA,2014J
79403,AAA,2014J
85144,AAA,2014J
87431,AAA,2014J
95755,AAA,2014J
101116,AAA,2014J
107489,AAA,2014J
109155,AAA,2014J
111512,AAA,2014J
119902,AAA,2014J
121349,AAA,2014J
124064,AAA,2014J
125018,AAA,2014J
129955,AAA,2014J
130034,AAA,2014J
130547,AAA,2014J
133816,AAA,2014J
133922,AAA,2014J
135335,AAA,2014J
135471,AAA,2014J
139033,AAA,2014J
141377,AAA,2014J
141506,AAA,2014J
146503,AAA,2014J
148993,AAA,2014J
149741,AAA,2014J
149962,AAA,2014J
152668,AAA,2014J
155984,AAA,2014J
158707,AAA,2014J
164944,AAA,2014J
165226,AAA,2014J
167961,AAA,2014J
174024,AAA,2014J
174745,AAA,2014J
175772,AAA,2014J
183057,AAA,2014J
185350,AAA,2014J
188278,AAA,2014J
199897,AAA,2014J
200804,AAA,2014J
205494,AAA,2014J
228021,AAA,2014J
232307,AAA,2014J
235068,AAA,2014J
235507,AAA,2014J
237274,AAA,2014J
243510,AAA,2014J
244246,AAA,2014J
248581,AAA,2014J
252073,AAA,2014J
258587,AAA,2014J
260355,AAA,2014J
260623,AAA,2014J
263251,AAA,2014J
263952,AAA,2014J
266524,AAA,2014J
268733,AAA,2014J
273346,AAA,2014J
274947,AAA,2014J
275674,AAA,2014J
275792,AAA,2014J
277880,AAA,2014J
281636,AAA,2014J
285315,AAA,2014J
287040,AAA,2014J
287210,AAA,2014J
288994,AAA,2014J
289449,AAA,2014J
292525,AAA,2014J
292775,AAA,2014J
294496,AAA,2014J
294655,AAA,2014J
295075,AAA,2014J
296424,AAA,2014J
298034,AAA,2014J
298838,AAA,2014J
301967,AAA,2014J
302476,AAA,2014J
303521,AAA,2014J
303985,AAA,2014J
304465,AAA,2014J
306646,AAA,2014J
310412,AAA,2014J
311659,AAA,2014J
313937,AAA,2014J
315076,AAA,2014J
315744,AAA,2014J
328024,AAA,2014J
328734,AAA,2014J
330594,AAA,2014J
332884,AAA,2014J
334441,AAA,2014J
335247,AAA,2014J
335764,AAA,2014J
337748,AAA,2014J
338407,AAA,2014J
341876,AAA,2014J
342007,AAA,2014J
345440,AAA,2014J
345519,AAA,2014J
346118,AAA,2014J
348275,AAA,2014J
348807,AAA,2014J
350156,AAA,2014J
350939,AAA,2014J
353665,AAA,2014J
354170,AAA,2014J
356170,AAA,2014J
358182,AAA,2014J
364957,AAA,2014J
369834,AAA,2014J
371710,AAA,2014J
373872,AAA,2014J
375260,AAA,2014J
375646,AAA,2014J
377546,AAA,2014J
382095,AAA,2014J
383180,AAA,2014J
383600,AAA,2014J
383723,AAA,2014J
384203,AAA,2014J
384725,AAA,2014J
387533,AAA,2014J
387954,AAA,2014J
388147,AAA,2014J
390890,AAA,2014J
391249,AAA,2014J
396655,AAA,2014J
398171,AAA,2014J
398349,AAA,2014J
400147,AAA,2014J
400682,AAA,2014J
401404,AAA,2014J
402204,AAA,2014J
402961,AAA,2014J
404356,AAA,2014J
406671,AAA,2014J
406682,AAA,2014J
409100,AAA,2014J
410092,AAA,2014J
411971,AAA,2014J
415969,AAA,2014J
418731,AAA,2014J
421455,AAA,2014J
429858,AAA,2014J
431025,AAA,2014J
439305,AAA,2014J
440319,AAA,2014J
442064,AAA,2014J
446108,AAA,2014J
468120,AAA,2014J
468694,AAA,2014J
470588,AAA,2014J
470982,AAA,2014J
483800,AAA,2014J
485962,AAA,2014J
488382,AAA,2014J
500113,AAA,2014J
503889,AAA,2014J
514526,AAA,2014J
518808,AAA,2014J
522482,AAA,2014J
527100,AAA,2014J
527801,AAA,2014J
537081,AAA,2014J
544253,AAA,2014J
548120,AAA,2014J
561467,AAA,2014J
567922,AAA,2014J
569505,AAA,2014J
588477,AAA,2014J
593846,AAA,2014J
598070,AAA,2014J
603834,AAA,2014J
603861,AAA,2014J
623710,AAA,2014J
623840,AAA,2014J
626240,AAA,2014J
628088,AAA,2014J
628312,AAA,2014J
630142,AAA,2014J
637665,AAA,2014J
639053,AAA,2014J
642878,AAA,2014J
648130,AAA,2014J
676546,AAA,2014J
677186,AAA,2014J
677281,AAA,2014J
684180,AAA,2014J
696073,AAA,2014J
696578,AAA,2014J
721259,AAA,2014J
852847,AAA,2014J
998493,AAA,2014J
1112555,AAA,2014J
1352868,AAA,2014J
1456619,AAA,2014J
1469279,AAA,2014J
1471214,AAA,2014J
1472925,AAA,2014J
1484804,AAA,2014J
1511033,AAA,2014J
1576513,AAA,2014J
1609002,AAA,2014J
1629771,AAA,2014J
1676594,AAA,2014J
1686551,AAA,2014J
1689639,AAA,2014J
1715896,AAA,2014J
1721270,AAA,2014J
1773377,AAA,2014J
1818673,AAA,2014J
1839386,AAA,2014J
1947156,AAA,2014J
1967783,AAA,2014J
2045084,AAA,2014J
2057803,AAA,2014J
2073016,AAA,2014J
2085209,AAA,2014J
2086400,AAA,2014J
2158048,AAA,2014J
2158196,AAA,2014J
2165164,AAA,2014J
2168833,AAA,2014J
2207874,AAA,2014J
2240349,AAA,2014J
2277857,AAA,2014J
2297896,AAA,2014J
2313257,AAA,2014J
2318055,AAA,2014J
2330254,AAA,2014J
2355470,AAA,2014J
2358969,AAA,2014J
2363863,AAA,2014J
2365101,AAA,2014J
2369415,AAA,2014J
2397661,AAA,2014J
2398313,AAA,2014J
2404408,AAA,2014J
2429854,AAA,2014J
2432796,AAA,2014J
2434159,AAA,2014J
2436812,AAA,2014J
2467267,AAA,2014J
2470694,AAA,2014J
2473538,AAA,2014J
2474849,AAA,2014J
2494700,AAA,2014J
2500258,AAA,2014J
2509639,AAA,2014J
2514368,AAA,2014J
2514898,AAA,2014J
2522927,AAA,2014J
2546445,AAA,2014J
2551797,AAA,2014J
2551932,AAA,2014J
2569324,AAA,2014J
2576122,AAA,2014J
2578676,AAA,2014J
2581477,AAA,2014J
2595841,AAA,2014J
2596621,AAA,2014J
2602338,AAA,2014J
2606802,AAA,2014J
2624961,AAA,2014J
2630087,AAA,2014J
2633226,AAA,2014J
2642616,AAA,2014J
2642935,AAA,2014J
2648611,AAA,2014J
2677624,AAA,2014J
2680312,AAA,2014J
2688166,AAA,2014J
2690062,AAA,2014J
2692514,AAA,2014J
2694788,AAA,2014J
23629,BBB,2013B
25107,BBB,2013B
31663,BBB,2013B
33666,BBB,2013B
34353,BBB,2013B
34694,BBB,2013B
34863,BBB,2013B
35812,BBB,2013B
39655,BBB,2013B
50993,BBB,2013B
52899,BBB,2013B
58089,BBB,2013B
71433,BBB,2013B
72070,BBB,2013B
74695,BBB,2013B
74734,BBB,2013B
75399,BBB,2013B
78645,BBB,2013B
79378,BBB,2013B
82535,BBB,2013B
82741,BBB,2013B
83254,BBB,2013B
84245,BBB,2013B
84664,BBB,2013B
86291,BBB,2013B
87732,BBB,2013B
92274,BBB,2013B
92832,BBB,2013B
92947,BBB,2013B
92993,BBB,2013B
94616,BBB,2013B
96291,BBB,2013B
97154,BBB,2013B
98313,BBB,2013B
102849,BBB,2013B
104054,BBB,2013B
108377,BBB,2013B
108589,BBB,2013B
109938,BBB,2013B
110881,BBB,2013B
116603,BBB,2013B
117071,BBB,2013B
120994,BBB,2013B
122524,BBB,2013B
123379,BBB,2013B
123860,BBB,2013B
126322,BBB,2013B
127209,BBB,2013B
133155,BBB,2013B
133531,BBB,2013B
133748,BBB,2013B
141823,BBB,2013B
142324,BBB,2013B
143741,BBB,2013B
145544,BBB,2013B
147876,BBB,2013B
151697,BBB,2013B
152153,BBB,2013B
152910,BBB,2013B
152929,BBB,2013B
153212,BBB,2013B
153704,BBB,2013B
154125,BBB,2013B
155735,BBB,2013B
156835,BBB,2013B
165243,BBB,2013B
169515,BBB,2013B
170356,BBB,2013B
171377,BBB,2013B
173335,BBB,2013B
174321,BBB,2013B
177639,BBB,2013B
179605,BBB,2013B
182824,BBB,2013B
183806,BBB,2013B
186670,BBB,2013B
186780,BBB,2013B
187793,BBB,2013B
188152,BBB,2013B
192424,BBB,2013B
193822,BBB,2013B
197595,BBB,2013B
198956,BBB,2013B
199520,BBB,2013B
200863,BBB,2013B
200905,BBB,2013B
203481,BBB,2013B
204746,BBB,2013B
205231,BBB,2013B
226827,BBB,2013B
228049,BBB,2013B
228235,BBB,2013B
229240,BBB,2013B
229426,BBB,2013B
232600,BBB,2013B
232695,BBB,2013B
232745,BBB,2013B
235097,BBB,2013B
237304,BBB,2013B
237913,BBB,2013B
242149,BBB,2013B
245404,BBB,2013B
247267,BBB,2013B
248103,BBB,2013B
249534,BBB,2013B
251351,BBB,2013B
252340,BBB,2013B
252652,BBB,2013B
253250,BBB,2013B
255347,BBB,2013B
255998,BBB,2013B
256215,BBB,2013B
259182,BBB,2013B
262294,BBB,2013B
262741,BBB,2013B
263499,BBB,2013B
263531,BBB,2013B
265405,BBB,2013B
265958,BBB,2013B
267761,BBB,2013B
267853,BBB,2013B
269076,BBB,2013B
270399,BBB,2013B
270567,BBB,2013B
271036,BBB,2013B
272580,BBB,2013B
273877,BBB,2013B
276717,BBB,2013B
277733,BBB,2013B
278447,BBB,2013B
280962,BBB,2013B
284076,BBB,2013B
285912,BBB,2013B
288380,BBB,2013B
288990,BBB,2013B
291037,BBB,2013B
291194,BBB,2013B
291701,BBB,2013B
292027,BBB,2013B
294961,BBB,2013B
294999,BBB,2013B
297484,BBB,2013B
298322,BBB,2013B
298476,BBB,2013B
302550,BBB,2013B
306886,BBB,2013B
306984,BBB,2013B
309175,BBB,2013B
309709,BBB,2013B
309734,BBB,2013B
311042,BBB,2013B
313810,BBB,2013B
315186,BBB,2013B
318056,BBB,2013B
318101,BBB,2013B
319209,BBB,2013B
322745,BBB,2013B
322960,BBB,2013B
324236,BBB,2013B
325511,BBB,2013B
326012,BBB,2013B
329226,BBB,2013B
329321,BBB,2013B
329800,BBB,2013B
330376,BBB,2013B
331354,BBB,2013B
331844,BBB,2013B
333129,BBB,2013B
334291,BBB,2013B
334794,BBB,2013B
335421,BBB,2013B
335600,BBB,2013B
335910,BBB,2013B
338056,BBB,2013B
338861,BBB,2013B
338912,BBB,2013B
339379,BBB,2013B
339526,BBB,2013B
339946,BBB,2013B
340378,BBB,2013B
340831,BBB,2013B
341040,BBB,2013B
341235,BBB,2013B
341509,BBB,2013B
349040,BBB,2013B
349424,BBB,2013B
350622,BBB,2013B
350795,BBB,2013B
351543,BBB,2013B
352364,BBB,2013B
353093,BBB,2013B
353352,BBB,2013B
354058,BBB,2013B
354815,BBB,2013B
354895,BBB,2013B
355369,BBB,2013B
357030,BBB,2013B
357928,BBB,2013B
359170,BBB,2013B
360188,BBB,2013B
361603,BBB,2013B
362760,BBB,2013B
362877,BBB,2013B
363660,BBB,2013B
364323,BBB,2013B
365439,BBB,2013B
365452,BBB,2013B
365488,BBB,2013B
365707,BBB,2013B
366821,BBB,2013B
367304,BBB,2013B
367609,BBB,2013B
368439,BBB,2013B
370302,BBB,2013B
374102,BBB,2013B
374234,BBB,2013B
376617,BBB,2013B
377695,BBB,2013B
377759,BBB,2013B
377846,BBB,2013B
378462,BBB,2013B
378543,BBB,2013B
378721,BBB,2013B
379402,BBB,2013B
379405,BBB,2013B
380151,BBB,2013B
381640,BBB,2013B
381722,BBB,2013B
383828,BBB,2013B
384678,BBB,2013B
384909,BBB,2013B
385034,BBB,2013B
386348,BBB,2013B
386957,BBB,2013B
387276,BBB,2013B
387702,BBB,2013B
388014,BBB,2013B
388410,BBB,2013B
389369,BBB,2013B
390220,BBB,2013B
390442,BBB,2013B
392213,BBB,2013B
392281,BBB,2013B
392428,BBB,2013B
393327,BBB,2013B
394956,BBB,2013B
395107,BBB,2013B
395229,BBB,2013B
397118,BBB,2013B
397763,BBB,2013B
398084,BBB,2013B
398965,BBB,2013B
400049,BBB,2013B
400469,BBB,2013B
400474,BBB,2013B
400718,BBB,2013B
400894,BBB,2013B
401349,BBB,2013B
403093,BBB,2013B
403191,BBB,2013B
404022,BBB,2013B
404727,BBB,2013B
405471,BBB,2013B
405995,BBB,2013B
406416,BBB,2013B
408112,BBB,2013B
409662,BBB,2013B
410739,BBB,2013B
411197,BBB,2013B
412407,BBB,2013B
412654,BBB,2013B
413984,BBB,2013B
414958,BBB,2013B
415548,BBB,2013B
415716,BBB,2013B
415760,BBB,2013B
416007,BBB,2013B
416314,BBB,2013B
416654,BBB,2013B
417462,BBB,2013B
418065,BBB,2013B
418325,BBB,2013B
420604,BBB,2013B
421205,BBB,2013B
422070,BBB,2013B
422752,BBB,2013B
423314,BBB,2013B
423871,BBB,2013B
425747,BBB,2013B
425808,BBB,2013B
425817,BBB,2013B
425820,BBB,2013B
427536,BBB,2013B
427704,BBB,2013B
427773,BBB,2013B
429158,BBB,2013B
429494,BBB,2013B
430160,BBB,2013B
430357,BBB,2013B
432232,BBB,2013B
432870,BBB,2013B
433531,BBB,2013B
433755,BBB,2013B
433939,BBB,2013B
434094,BBB,2013B
434192,BBB,2013B
434353,BBB,2013B
434646,BBB,2013B
435245,BBB,2013B
435803,BBB,2013B
437562,BBB,2013B
437967,BBB,2013B
438210,BBB,2013B
438703,BBB,2013B
439857,BBB,2013B
440509,BBB,2013B
441181,BBB,2013B
441423,BBB,2013B
442012,BBB,2013B
442143,BBB,2013B
442183,BBB,2013B
442456,BBB,2013B
442466,BBB,2013B
443108,BBB,2013B
443288,BBB,2013B
443452,BBB,2013B
444117,BBB,2013B
444408,BBB,2013B
444784,BBB,2013B
444926,BBB,2013B
445125,BBB,2013B
445889,BBB,2013B
446045,BBB,2013B
446145,BBB,2013B
446247,BBB,2013B
446357,BBB,2013B
446856,BBB,2013B
447007,BBB,2013B
447782,BBB,2013B
465599,BBB,2013B
465730,BBB,2013B
466037,BBB,2013B
466800,BBB,2013B
466810,BBB,2013B
467035,BBB,2013B
467292,BBB,2013B
467756,BBB,2013B
467835,BBB,2013B
468021,BBB,2013B
468792,BBB,2013B
468949,BBB,2013B
470318,BBB,2013B
471219,BBB,2013B
471525,BBB,2013B
472348,BBB,2013B
472586,BBB,2013B
473095,BBB,2013B
473328,BBB,2013B
475078,BBB,2013B
475095,BBB,2013B
475460,BBB,2013B
475688,BBB,2013B
476037,BBB,2013B
476201,BBB,2013B
476297,BBB,2013B
476369,BBB,2013B
476457,BBB,2013B
476709,BBB,2013B
476710,BBB,2013B
476783,BBB,2013B
476855,BBB,2013B
477009,BBB,2013B
477011,BBB,2013B
477164,BBB,2013B
477167,BBB,2013B
477734,BBB,2013B
477835,BBB,2013B
478317,BBB,2013B
478444,BBB,2013B
478718,BBB,2013B
478792,BBB,2013B
478873,BBB,2013B
479060,BBB,2013B
479171,BBB,2013B
479267,BBB,2013B
479343,BBB,2013B
479516,BBB,2013B
479519,BBB,2013B
480151,BBB,2013B
480382,BBB,2013B
480458,BBB,2013B
480507,BBB,2013B
480554,BBB,2013B
481010,BBB,2013B
481607,BBB,2013B
482467,BBB,2013B
482945,BBB,2013B
483064,BBB,2013B
483074,BBB,2013B
483109,BBB,2013B
483243,BBB,2013B
483309,BBB,2013B
483371,BBB,2013B
483411,BBB,2013B
483479,BBB,2013B
483952,BBB,2013B
484039,BBB,2013B
484135,BBB,2013B
484161,BBB,2013B
484768,BBB,2013B
484885,BBB,2013B
484933,BBB,2013B
485352,BBB,2013B
485399,BBB,2013B
485568,BBB,2013B
485630,BBB,2013B
485782,BBB,2013B
486099,BBB,2013B
486214,BBB,2013B
486282,BBB,2013B
486391,BBB,2013B
486521,BBB,2013B
486650,BBB,2013B
486656,BBB,2013B
487329,BBB,2013B
487646,BBB,2013B
488185,BBB,2013B
488425,BBB,2013B
488477,BBB,2013B
489251,BBB,2013B
490110,BBB,2013B
490152,BBB,2013B
490733,BBB,2013B
492182,BBB,2013B
492240,BBB,2013B
492336,BBB,2013B
492590,BBB,2013B
493377,BBB,2013B
493515,BBB,2013B
493958,BBB,2013B
494095,BBB,2013B
494278,BBB,2013B
494304,BBB,2013B
494673,BBB,2013B
494786,BBB,2013B
494838,BBB,2013B
494840,BBB,2013B
494927,BBB,2013B
495377,BBB,2013B
495674,BBB,2013B
495856,BBB,2013B
495875,BBB,2013B
496041,BBB,2013B
496220,BBB,2013B
496243,BBB,2013B
497088,BBB,2013B
497278,BBB,2013B
497280,BBB,2013B
497468,BBB,2013B
497607,BBB,2013B
497793,BBB,2013B
498131,BBB,2013B
498175,BBB,2013B
498296,BBB,2013B
498371,BBB,2013B
498455,BBB,2013B
498967,BBB,2013B
499067,BBB,2013B
499118,BBB,2013B
499380,BBB,2013B
499387,BBB,2013B
499483,BBB,2013B
499511,BBB,2013B
499891,BBB,2013B
499931,BBB,2013B
500507,BBB,2013B
500585,BBB,2013B
500719,BBB,2013B
500791,BBB,2013B
500815,BBB,2013B
500819,BBB,2013B
500958,BBB,2013B
501008,BBB,2013B
501432,BBB,2013B
501550,BBB,2013B
501879,BBB,2013B
502088,BBB,2013B
502604,BBB,2013B
502713,BBB,2013B
502717,BBB,2013B
502872,BBB,2013B
503353,BBB,2013B
503390,BBB,2013B
503491,BBB,2013B
503509,BBB,2013B
504014,BBB,2013B
504021,BBB,2013B
504028,BBB,2013B
504102,BBB,2013B
505417,BBB,2013B
505499,BBB,2013B
505592,BBB,2013B
505595,BBB,2013B
505606,BBB,2013B
505694,BBB,2013B
505871,BBB,2013B
505959,BBB,2013B
505961,BBB,2013B
506233,BBB,2013B
506360,BBB,2013B
506650,BBB,2013B
506753,BBB,2013B
507221,BBB,2013B
507303,BBB,2013B
507320,BBB,2013B
507359,BBB,2013B
507485,BBB,2013B
507685,BBB,2013B
507817,BBB,2013B
508103,BBB,2013B
508537,BBB,2013B
508662,BBB,2013B
508668,BBB,2013B
509226,BBB,2013B
509295,BBB,2013B
509334,BBB,2013B
509737,BBB,2013B
509768,BBB,2013B
509901,BBB,2013B
510492,BBB,2013B
510556,BBB,2013B
510756,BBB,2013B
511050,BBB,2013B
511306,BBB,2013B
511459,BBB,2013B
511474,BBB,2013B
511515,BBB,2013B
511524,BBB,2013B
511652,BBB,2013B
511693,BBB,2013B
512070,BBB,2013B
512180,BBB,2013B
512242,BBB,2013B
512468,BBB,2013B
512883,BBB,2013B
512911,BBB,2013B
512995,BBB,2013B
513005,BBB,2013B
513016,BBB,2013B
513196,BBB,2013B
513210,BBB,2013B
513315,BBB,2013B
513368,BBB,2013B
513733,BBB,2013B
513757,BBB,2013B
514140,BBB,2013B
514819,BBB,2013B
514987,BBB,2013B
515035,BBB,2013B
515105,BBB,2013B
515130,BBB,2013B
515174,BBB,2013B
515311,BBB,2013B
515474,BBB,2013B
515497,BBB,2013B
515959,BBB,2013B
516057,BBB,2013B
516432,BBB,2013B
516456,BBB,2013B
516475,BBB,2013B
516495,BBB,2013B
516529,BBB,2013B
516776,BBB,2013B
516841,BBB,2013B
517043,BBB,2013B
517175,BBB,2013B
517474,BBB,2013B
517617,BBB,2013B
517701,BBB,2013B
517778,BBB,2013B
517853,BBB,2013B
518189,BBB,2013B
518469,BBB,2013B
518876,BBB,2013B
518879,BBB,2013B
518904,BBB,2013B
519012,BBB,2013B
519387,BBB,2013B
519602,BBB,2013B
519647,BBB,2013B
519800,BBB,2013B
520049,BBB,2013B
520230,BBB,2013B
520749,BBB,2013B
521069,BBB,2013B
521081,BBB,2013B
521096,BBB,2013B
521394,BBB,2013B
521430,BBB,2013B
521764,BBB,2013B
521903,BBB,2013B
522090,BBB,2013B
522249,BBB,2013B
522302,BBB,2013B
522373,BBB,2013B
522383,BBB,2013B
523012,BBB,2013B
523156,BBB,2013B
523596,BBB,2013B
523672,BBB,2013B
523789,BBB,2013B
523966,BBB,2013B
524101,BBB,2013B
524171,BBB,2013B
524452,BBB,2013B
524496,BBB,2013B
524968,BBB,2013B
525501,BBB,2013B
525543,BBB,2013B
525679,BBB,2013B
525683,BBB,2013B
525797,BBB,2013B
525869,BBB,2013B
525942,BBB,2013B
526200,BBB,2013B
526370,BBB,2013B
526506,BBB,2013B
527020,BBB,2013B
527227,BBB,2013B
527313,BBB,2013B
527343,BBB,2013B
527382,BBB,2013B
527659,BBB,2013B
527886,BBB,2013B
527980,BBB,2013B
528161,BBB,2013B
528220,BBB,2013B
528261,BBB,2013B
528270,BBB,2013B
528353,BBB,2013B
528649,BBB,2013B
528918,BBB,2013B
529118,BBB,2013B
529212,BBB,2013B
529383,BBB,2013B
529446,BBB,2013B
529502,BBB,2013B
529767,BBB,2013B
530065,BBB,2013B
530153,BBB,2013B
530215,BBB,2013B
530226,BBB,2013B
530245,BBB,2013B
530266,BBB,2013B
530398,BBB,2013B
530483,BBB,2013B
530493,BBB,2013B
530669,BBB,2013B
530987,BBB,2013B
531000,BBB,2013B
531027,BBB,2013B
531235,BBB,2013B
531428,BBB,2013B
531464,BBB,2013B
531481,BBB,2013B
531569,BBB,2013B
531573,BBB,2013B
531634,BBB,2013B
531689,BBB,2013B
532000,BBB,2013B
532034,BBB,2013B
532396,BBB,2013B
532512,BBB,2013B
532534,BBB,2013B
532665,BBB,2013B
532668,BBB,2013B
532710,BBB,2013B
532742,BBB,2013B
532839,BBB,2013B
532886,BBB,2013B
532928,BBB,2013B
532950,BBB,2013B
533324,BBB,2013B
533347,BBB,2013B
533365,BBB,2013B
533512,BBB,2013B
533545,BBB,2013B
533697,BBB,2013B
533722,BBB,2013B
533737,BBB,2013B
533839,BBB,2013B
533846,BBB,2013B
533996,BBB,2013B
534051,BBB,2013B
534086,BBB,2013B
534151,BBB,2013B
534217,BBB,2013B
534343,BBB,2013B
534373,BBB,2013B
534426,BBB,2013B
534530,BBB,2013B
534652,BBB,2013B
534698,BBB,2013B
534709,BBB,2013B
534744,BBB,2013B
534758,BBB,2013B
534922,BBB,2013B
534991,BBB,2013B
535012,BBB,2013B
535140,BBB,2013B
535145,BBB,2013B
535152,BBB,2013B
535155,BBB,2013B
535269,BBB,2013B
535278,BBB,2013B
535328,BBB,2013B
535396,BBB,2013B
535407,BBB,2013B
535468,BBB,2013B
535526,BBB,2013B
535530,BBB,2013B
535558,BBB,2013B
535605,BBB,2013B
535755,BBB,2013B
535760,BBB,2013B
535773,BBB,2013B
535778,BBB,2013B
535807,BBB,2013B
535820,BBB,2013B
536050,BBB,2013B
536188,BBB,2013B
536189,BBB,2013B
536203,BBB,2013B
536216,BBB,2013B
536243,BBB,2013B
536270,BBB,2013B
536442,BBB,2013B
536452,BBB,2013B
536471,BBB,2013B
536510,BBB,2013B
536520,BBB,2013B
536551,BBB,2013B
536670,BBB,2013B
536722,BBB,2013B
536726,BBB,2013B
536856,BBB,2013B
536900,BBB,2013B
537193,BBB,2013B
537255,BBB,2013B
537263,BBB,2013B
537320,BBB,2013B
537342,BBB,2013B
537392,BBB,2013B
537414,BBB,2013B
537433,BBB,2013B
537434,BBB,2013B
537464,BBB,2013B
537473,BBB,2013B
537558,BBB,2013B
537584,BBB,2013B
537676,BBB,2013B
537679,BBB,2013B
537688,BBB,2013B
537704,BBB,2013B
537844,BBB,2013B
537898,BBB,2013B
537905,BBB,2013B
538138,BBB,2013B
538196,BBB,2013B
538221,BBB,2013B
538232,BBB,2013B
538897,BBB,2013B
538942,BBB,2013B
538987,BBB,2013B
539041,BBB,2013B
539056,BBB,2013B
539253,BBB,2013B
539265,BBB,2013B
539303,BBB,2013B
539345,BBB,2013B
539365,BBB,2013B
539385,BBB,2013B
539416,BBB,2013B
539418,BBB,2013B
539572,BBB,2013B
539737,BBB,2013B
539891,BBB,2013B
539962,BBB,2013B
540055,BBB,2013B
540122,BBB,2013B
540184,BBB,2013B
540511,BBB,2013B
540513,BBB,2013B
540530,BBB,2013B
540568,BBB,2013B
540607,BBB,2013B
540614,BBB,2013B
540656,BBB,2013B
540750,BBB,2013B
540780,BBB,2013B
540826,BBB,2013B
540918,BBB,2013B
540953,BBB,2013B
541013,BBB,2013B
541048,BBB,2013B
541061,BBB,2013B
541073,BBB,2013B
541113,BBB,2013B
541232,BBB,2013B
541363,BBB,2013B
541697,BBB,2013B
541709,BBB,2013B
541727,BBB,2013B
541764,BBB,2013B
541794,BBB,2013B
541803,BBB,2013B
541808,BBB,2013B
541822,BBB,2013B
541884,BBB,2013B
541973,BBB,2013B
542010,BBB,2013B
542012,BBB,2013B
542084,BBB,2013B
542115,BBB,2013B
542172,BBB,2013B
542259,BBB,2013B
542260,BBB,2013B
542291,BBB,2013B
542396,BBB,2013B
542543,BBB,2013B
542562,BBB,2013B
542602,BBB,2013B
542613,BBB,2013B
542622,BBB,2013B
542687,BBB,2013B
542692,BBB,2013B
542745,BBB,2013B
542748,BBB,2013B
542991,BBB,2013B
543124,BBB,2013B
543140,BBB,2013B
543165,BBB,2013B
543180,BBB,2013B
543199,BBB,2013B
543356,BBB,2013B
543365,BBB,2013B
543408,BBB,2013B
543465,BBB,2013B
543473,BBB,2013B
543533,BBB,2013B
543630,BBB,2013B
543719,BBB,2013B
543853,BBB,2013B
543896,BBB,2013B
543926,BBB,2013B
543970,BBB,2013B
544017,BBB,2013B
544186,BBB,2013B
544351,BBB,2013B
544408,BBB,2013B
544435,BBB,2013B
544444,BBB,2013B
544455,BBB,2013B
544491,BBB,2013B
544500,BBB,2013B
544519,BBB,2013B
544532,BBB,2013B
544627,BBB,2013B
544632,BBB,2013B
544639,BBB,2013B
544686,BBB,2013B
544796,BBB,2013B
544848,BBB,2013B
544859,BBB,2013B
544890,BBB,2013B
544978,BBB,2013B
544989,BBB,2013B
545001,BBB,2013B
545041,BBB,2013B
545072,BBB,2013B
545191,BBB,2013B
545219,BBB,2013B
545223,BBB,2013B
545240,BBB,2013B
545337,BBB,2013B
545340,BBB,2013B
545376,BBB,2013B
545381,BBB,2013B
545392,BBB,2013B
545480,BBB,2013B
545521,BBB,2013B
545658,BBB,2013B
545697,BBB,2013B
545702,BBB,2013B
545725,BBB,2013B
545780,BBB,2013B
545799,BBB,2013B
545803,BBB,2013B
545896,BBB,2013B
545927,BBB,2013B
546015,BBB,2013B
546019,BBB,2013B
546052,BBB,2013B
546136,BBB,2013B
546157,BBB,2013B
546202,BBB,2013B
546322,BBB,2013B
546407,BBB,2013B
546428,BBB,2013B
546455,BBB,2013B
546609,BBB,2013B
546685,BBB,2013B
546749,BBB,2013B
546786,BBB,2013B
546811,BBB,2013B
546837,BBB,2013B
546909,BBB,2013B
546947,BBB,2013B
547052,BBB,2013B
547165,BBB,2013B
547192,BBB,2013B
547259,BBB,2013B
547267,BBB,2013B
547303,BBB,2013B
547372,BBB,2013B
547390,BBB,2013B
547403,BBB,2013B
547409,BBB,2013B
547427,BBB,2013B
547466,BBB,2013B
547620,BBB,2013B
547663,BBB,2013B
547689,BBB,2013B
547690,BBB,2013B
547697,BBB,2013B
547755,BBB,2013B
547757,BBB,2013B
547855,BBB,2013B
547873,BBB,2013B
547892,BBB,2013B
547902,BBB,2013B
547903,BBB,2013B
548090,BBB,2013B
548106,BBB,2013B
548124,BBB,2013B
548275,BBB,2013B
548307,BBB,2013B
548321,BBB,2013B
548344,BBB,2013B
548355,BBB,2013B
548403,BBB,2013B
548439,BBB,2013B
548488,BBB,2013B
548504,BBB,2013B
548520,BBB,2013B
548617,BBB,2013B
548744,BBB,2013B
548800,BBB,2013B
548813,BBB,2013B
548831,BBB,2013B
548838,BBB,2013B
548839,BBB,2013B
548843,BBB,2013B
548871,BBB,2013B
548884,BBB,2013B
548885,BBB,2013B
548900,BBB,2013B
548921,BBB,2013B
548924,BBB,2013B
548935,BBB,2013B
548954,BBB,2013B
548981,BBB,2013B
548990,BBB,2013B
549009,BBB,2013B
549047,BBB,2013B
549106,BBB,2013B
549143,BBB,2013B
549158,BBB,2013B
549196,BBB,2013B
549203,BBB,2013B
549204,BBB,2013B
549261,BBB,2013B
549278,BBB,2013B
549352,BBB,2013B
549391,BBB,2013B
549406,BBB,2013B
549512,BBB,2013B
549563,BBB,2013B
549568,BBB,2013B
549622,BBB,2013B
549651,BBB,2013B
549732,BBB,2013B
549754,BBB,2013B
549873,BBB,2013B
549907,BBB,2013B
550018,BBB,2013B
550051,BBB,2013B
550077,BBB,2013B
550098,BBB,2013B
550106,BBB,2013B
550163,BBB,2013B
550208,BBB,2013B
550209,BBB,2013B
550322,BBB,2013B
550354,BBB,2013B
550381,BBB,2013B
550400,BBB,2013B
550403,BBB,2013B
550429,BBB,2013B
550520,BBB,2013B
550549,BBB,2013B
550597,BBB,2013B
550613,BBB,2013B
550668,BBB,2013B
550676,BBB,2013B
550707,BBB,2013B
550708,BBB,2013B
550777,BBB,2013B
550842,BBB,2013B
550867,BBB,2013B
550898,BBB,2013B
550921,BBB,2013B
550960,BBB,2013B
551032,BBB,2013B
551053,BBB,2013B
551129,BBB,2013B
551172,BBB,2013B
551274,BBB,2013B
551282,BBB,2013B
551480,BBB,2013B
551487,BBB,2013B
551504,BBB,2013B
551576,BBB,2013B
551601,BBB,2013B
551655,BBB,2013B
551702,BBB,2013B
551706,BBB,2013B
551714,BBB,2013B
551715,BBB,2013B
551716,BBB,2013B
551724,BBB,2013B
551759,BBB,2013B
551762,BBB,2013B
551770,BBB,2013B
551886,BBB,2013B
551891,BBB,2013B
551895,BBB,2013B
551906,BBB,2013B
551938,BBB,2013B
551954,BBB,2013B
551985,BBB,2013B
552007,BBB,2013B
552017,BBB,2013B
552025,BBB,2013B
552039,BBB,2013B
552069,BBB,2013B
552110,BBB,2013B
552135,BBB,2013B
552222,BBB,2013B
552273,BBB,2013B
552420,BBB,2013B
552535,BBB,2013B
552640,BBB,2013B
552667,BBB,2013B
552701,BBB,2013B
552718,BBB,2013B
552749,BBB,2013B
552822,BBB,2013B
552826,BBB,2013B
552859,BBB,2013B
552894,BBB,2013B
552902,BBB,2013B
552914,BBB,2013B
552929,BBB,2013B
552939,BBB,2013B
552991,BBB,2013B
553047,BBB,2013B
553125,BBB,2013B
553321,BBB,2013B
553443,BBB,2013B
553462,BBB,2013B
553487,BBB,2013B
553490,BBB,2013B
553502,BBB,2013B
553508,BBB,2013B
553526,BBB,2013B
553572,BBB,2013B
553729,BBB,2013B
553755,BBB,2013B
553763,BBB,2013B
553800,BBB,2013B
553840,BBB,2013B
553938,BBB,2013B
554068,BBB,2013B
554083,BBB,2013B
554139,BBB,2013B
554206,BBB,2013B
554226,BBB,2013B
554249,BBB,2013B
554294,BBB,2013B
554336,BBB,2013B
554344,BBB,2013B
554352,BBB,2013B
554362,BBB,2013B
554374,BBB,2013B
554393,BBB,2013B
554454,BBB,2013B
554482,BBB,2013B
554512,BBB,2013B
554551,BBB,2013B
554608,BBB,2013B
554637,BBB,2013B
554783,BBB,2013B
554795,BBB,2013B
554818,BBB,2013B
554894,BBB,2013B
554898,BBB,2013B
554920,BBB,2013B
554930,BBB,2013B
554986,BBB,2013B
554998,BBB,2013B
555035,BBB,2013B
555059,BBB,2013B
555086,BBB,2013B
555157,BBB,2013B
555212,BBB,2013B
555263,BBB,2013B
555309,BBB,2013B
555338,BBB,2013B
555407,BBB,2013B
555414,BBB,2013B
555667,BBB,2013B
555670,BBB,2013B
555672,BBB,2013B
555674,BBB,2013B
555675,BBB,2013B
555695,BBB,2013B
555707,BBB,2013B
555747,BBB,2013B
555837,BBB,2013B
555838,BBB,2013B
555880,BBB,2013B
555902,BBB,2013B
555930,BBB,2013B
555935,BBB,2013B
555946,BBB,2013B
555995,BBB,2013B
556077,BBB,2013B
556138,BBB,2013B
556224,BBB,2013B
556284,BBB,2013B
556292,BBB,2013B
556301,BBB,2013B
556318,BBB,2013B
556349,BBB,2013B
556481,BBB,2013B
556502,BBB,2013B
556553,BBB,2013B
556568,BBB,2013B
556585,BBB,2013B
556605,BBB,2013B
556648,BBB,2013B
556692,BBB,2013B
556840,BBB,2013B
556860,BBB,2013B
556865,BBB,2013B
556871,BBB,2013B
556876,BBB,2013B
556877,BBB,2013B
556882,BBB,2013B
556883,BBB,2013B
556887,BBB,2013B
556892,BBB,2013B
556898,BBB,2013B
556959,BBB,2013B
556986,BBB,2013B
556987,BBB,2013B
556988,BBB,2013B
556992,BBB,2013B
556997,BBB,2013B
556999,BBB,2013B
557006,BBB,2013B
557024,BBB,2013B
557060,BBB,2013B
557155,BBB,2013B
557170,BBB,2013B
557220,BBB,2013B
557325,BBB,2013B
557451,BBB,2013B
557528,BBB,2013B
557594,BBB,2013B
557622,BBB,2013B
557709,BBB,2013B
557729,BBB,2013B
557758,BBB,2013B
557775,BBB,2013B
557803,BBB,2013B
557827,BBB,2013B
557935,BBB,2013B
557938,BBB,2013B
557968,BBB,2013B
557979,BBB,2013B
557997,BBB,2013B
558040,BBB,2013B
558042,BBB,2013B
558066,BBB,2013B
558075,BBB,2013B
558092,BBB,2013B
558113,BBB,2013B
558114,BBB,2013B
558146,BBB,2013B
558163,BBB,2013B
558168,BBB,2013B
558212,BBB,2013B
558231,BBB,2013B
558247,BBB,2013B
558250,BBB,2013B
558324,BBB,2013B
558326,BBB,2013B
558373,BBB,2013B
558435,BBB,2013B
558602,BBB,2013B
558622,BBB,2013B
558654,BBB,2013B
558662,BBB,2013B
558689,BBB,2013B
558703,BBB,2013B
558747,BBB,2013B
558769,BBB,2013B
558809,BBB,2013B
558820,BBB,2013B
558903,BBB,2013B
558974,BBB,2013B
559011,BBB,2013B
559173,BBB,2013B
559180,BBB,2013B
559227,BBB,2013B
559253,BBB,2013B
559291,BBB,2013B
559350,BBB,2013B
559389,BBB,2013B
559425,BBB,2013B
559452,BBB,2013B
559458,BBB,2013B
559475,BBB,2013B
559495,BBB,2013B
559595,BBB,2013B
559603,BBB,2013B
559606,BBB,2013B
559608,BBB,2013B
559611,BBB,2013B
559651,BBB,2013B
559697,BBB,2013B
559744,BBB,2013B
559808,BBB,2013B
560005,BBB,2013B
560012,BBB,2013B
560075,BBB,2013B
560102,BBB,2013B
560117,BBB,2013B
560160,BBB,2013B
560161,BBB,2013B
560170,BBB,2013B
560185,BBB,2013B
560208,BBB,2013B
560319,BBB,2013B
560335,BBB,2013B
560455,BBB,2013B
560468,BBB,2013B
560891,BBB,2013B
560968,BBB,2013B
560970,BBB,2013B
561138,BBB,2013B
561161,BBB,2013B
561164,BBB,2013B
561166,BBB,2013B
561366,BBB,2013B
561437,BBB,2013B
561444,BBB,2013B
561445,BBB,2013B
561448,BBB,2013B
561452,BBB,2013B
561455,BBB,2013B
561458,BBB,2013B
561459,BBB,2013B
561461,BBB,2013B
561711,BBB,2013B
561713,BBB,2013B
561715,BBB,2013B
561716,BBB,2013B
561718,BBB,2013B
562146,BBB,2013B
562483,BBB,2013B
562494,BBB,2013B
563157,BBB,2013B
563330,BBB,2013B
563363,BBB,2013B
563874,BBB,2013B
563877,BBB,2013B
565870,BBB,2013B
630346,BBB,2013B
1008675,BBB,2013B
1413989,BBB,2013B
1436591,BBB,2013B
1480800,BBB,2013B
1493476,BBB,2013B
1521540,BBB,2013B
1536591,BBB,2013B
1574398,BBB,2013B
1659662,BBB,2013B
1678401,BBB,2013B
1728437,BBB,2013B
1730702,BBB,2013B
1747892,BBB,2013B
1753965,BBB,2013B
1770733,BBB,2013B
1776925,BBB,2013B
1789199,BBB,2013B
1797614,BBB,2013B
1847146,BBB,2013B
1858523,BBB,2013B
1903527,BBB,2013B
1904710,BBB,2013B
1930254,BBB,2013B
1930367,BBB,2013B
1937864,BBB,2013B
1971393,BBB,2013B
1996746,BBB,2013B
1997796,BBB,2013B
2019837,BBB,2013B
2023366,BBB,2013B
2034350,BBB,2013B
2076177,BBB,2013B
2092834,BBB,2013B
2097916,BBB,2013B
2173572,BBB,2013B
2216178,BBB,2013B
2231614,BBB,2013B
2243551,BBB,2013B
2249372,BBB,2013B
2265234,BBB,2013B
2269480,BBB,2013B
2273828,BBB,2013B
2279538,BBB,2013B
2280038,BBB,2013B
2287671,BBB,2013B
2288607,BBB,2013B
2290090,BBB,2013B
2291598,BBB,2013B
2293443,BBB,2013B
2296749,BBB,2013B
2301111,BBB,2013B
2302925,BBB,2013B
2303034,BBB,2013B
2303848,BBB,2013B
2308528,BBB,2013B
2322046,BBB,2013B
2322342,BBB,2013B
2327072,BBB,2013B
2336550,BBB,2013B
2340190,BBB,2013B
2375144,BBB,2013B
2376628,BBB,2013B
2377567,BBB,2013B
2384819,BBB,2013B
2394212,BBB,2013B
2395222,BBB,2013B
2399361,BBB,2013B
2418877,BBB,2013B
2422639,BBB,2013B
2423078,BBB,2013B
2425333,BBB,2013B
2439201,BBB,2013B
2442685,BBB,2013B
2444088,BBB,2013B
2444102,BBB,2013B
2444703,BBB,2013B
2446144,BBB,2013B
2458984,BBB,2013B
2464963,BBB,2013B
2466123,BBB,2013B
2470672,BBB,2013B
2474493,BBB,2013B
2475034,BBB,2013B
2475780,BBB,2013B
2476649,BBB,2013B
2480865,BBB,2013B
2481224,BBB,2013B
2483179,BBB,2013B
2483568,BBB,2013B
2487541,BBB,2013B
2498182,BBB,2013B
2498299,BBB,2013B
2512392,BBB,2013B
2517864,BBB,2013B
2518653,BBB,2013B
2521745,BBB,2013B
2522093,BBB,2013B
2524127,BBB,2013B
2528352,BBB,2013B
2528966,BBB,2013B
2531031,BBB,2013B
2534033,BBB,2013B
2535788,BBB,2013B
2540362,BBB,2013B
2541120,BBB,2013B
2553749,BBB,2013B
2560219,BBB,2013B
2568958,BBB,2013B
2569163,BBB,2013B
2570633,BBB,2013B
2571447,BBB,2013B
2572118,BBB,2013B
2575914,BBB,2013B
2578041,BBB,2013B
2578567,BBB,2013B
2579459,BBB,2013B
2580439,BBB,2013B
2581528,BBB,2013B
2587260,BBB,2013B
2591421,BBB,2013B
2597027,BBB,2013B
2598220,BBB,2013B
2608235,BBB,2013B
2608453,BBB,2013B
2612483,BBB,2013B
2616787,BBB,2013B
2617596,BBB,2013B
2617650,BBB,2013B
2617999,BBB,2013B
2620178,BBB,2013B
2622465,BBB,2013B
2626410,BBB,2013B
2635505,BBB,2013B
2635829,BBB,2013B
2639611,BBB,2013B
2642029,BBB,2013B
2645061,BBB,2013B
2649947,BBB,2013B
2654302,BBB,2013B
2654411,BBB,2013B
2685831,BBB,2013B
2692384,BBB,2013B
23632,BBB,2013J
23798,BBB,2013J
25629,BBB,2013J
26677,BBB,2013J
27759,BBB,2013J
30091,BBB,2013J
31014,BBB,2013J
31849,BBB,2013J
37622,BBB,2013J
38234,BBB,2013J
47855,BBB,2013J
48040,BBB,2013J
48503,BBB,2013J
51301,BBB,2013J
52797,BBB,2013J
52899,BBB,2013J
55026,BBB,2013J
56789,BBB,2013J
57079,BBB,2013J
57369,BBB,2013J
61118,BBB,2013J
64246,BBB,2013J
65807,BBB,2013J
69843,BBB,2013J
72057,BBB,2013J
73489,BBB,2013J
74169,BBB,2013J
78255,BBB,2013J
80717,BBB,2013J
84812,BBB,2013J
86291,BBB,2013J
96475,BBB,2013J
97567,BBB,2013J
98268,BBB,2013J
98720,BBB,2013J
100282,BBB,2013J
105527,BBB,2013J
105851,BBB,2013J
105883,BBB,2013J
106588,BBB,2013J
109372,BBB,2013J
109782,BBB,2013J
123716,BBB,2013J
125874,BBB,2013J
128386,BBB,2013J
128889,BBB,2013J
131051,BBB,2013J
132626,BBB,2013J
133269,BBB,2013J
134563,BBB,2013J
138289,BBB,2013J
139549,BBB,2013J
146600,BBB,2013J
151800,BBB,2013J
151917,BBB,2013J
153704,BBB,2013J
154011,BBB,2013J
154570,BBB,2013J
156788,BBB,2013J
157060,BBB,2013J
157795,BBB,2013J
161491,BBB,2013J
165823,BBB,2013J
169213,BBB,2013J
174222,BBB,2013J
174487,BBB,2013J
178738,BBB,2013J
178963,BBB,2013J
182661,BBB,2013J
184236,BBB,2013J
184897,BBB,2013J
185597,BBB,2013J
188026,BBB,2013J
189095,BBB,2013J
191269,BBB,2013J
193215,BBB,2013J
195096,BBB,2013J
195938,BBB,2013J
197240,BBB,2013J
197412,BBB,2013J
197759,BBB,2013J
198339,BBB,2013J
199029,BBB,2013J
199663,BBB,2013J
202879,BBB,2013J
203640,BBB,2013J
205788,BBB,2013J
227416,BBB,2013J
228243,BBB,2013J
228513,BBB,2013J
230081,BBB,2013J
231959,BBB,2013J
233102,BBB,2013J
233752,BBB,2013J
235258,BBB,2013J
235428,BBB,2013J
238825,BBB,2013J
240993,BBB,2013J
241338,BBB,2013J
242149,BBB,2013J
242893,BBB,2013J
243047,BBB,2013J
243851,BBB,2013J
243909,BBB,2013J
243992,BBB,2013J
244917,BBB,2013J
247902,BBB,2013J
248653,BBB,2013J
248716,BBB,2013J
248800,BBB,2013J
251815,BBB,2013J
252652,BBB,2013J
253577,BBB,2013J
256998,BBB,2013J
258035,BBB,2013J
259182,BBB,2013J
261466,BBB,2013J
262639,BBB,2013J
264744,BBB,2013J
264842,BBB,2013J
265170,BBB,2013J
266331,BBB,2013J
270646,BBB,2013J
271346,BBB,2013J
272172,BBB,2013J
272617,BBB,2013J
274577,BBB,2013J
276925,BBB,2013J
277812,BBB,2013J
278272,BBB,2013J
278794,BBB,2013J
280140,BBB,2013J
280151,BBB,2013J
280439,BBB,2013J
282038,BBB,2013J
282785,BBB,2013J
284906,BBB,2013J
285050,BBB,2013J
286402,BBB,2013J
286690,BBB,2013J
287107,BBB,2013J
287309,BBB,2013J
287679,BBB,2013J
289753,BBB,2013J
289965,BBB,2013J
290089,BBB,2013J
291544,BBB,2013J
292537,BBB,2013J
293754,BBB,2013J
301987,BBB,2013J
303331,BBB,2013J
303617,BBB,2013J
304069,BBB,2013J
304795,BBB,2013J
305173,BBB,2013J
305547,BBB,2013J
305812,BBB,2013J
305935,BBB,2013J
307193,BBB,2013J
307230,BBB,2013J
308359,BBB,2013J
308509,BBB,2013J
308852,BBB,2013J
312531,BBB,2013J
314850,BBB,2013J
315105,BBB,2013J
316076,BBB,2013J
318848,BBB,2013J
320051,BBB,2013J
322728,BBB,2013J
323090,BBB,2013J
324236,BBB,2013J
324319,BBB,2013J
324614,BBB,2013J
325887,BBB,2013J
329192,BBB,2013J
332257,BBB,2013J
333651,BBB,2013J
335136,BBB,2013J
335481,BBB,2013J
336478,BBB,2013J
336646,BBB,2013J
337151,BBB,2013J
338741,BBB,2013J
338878,BBB,2013J
339494,BBB,2013J
339656,BBB,2013J
340661,BBB,2013J
340911,BBB,2013J
340965,BBB,2013J
341612,BBB,2013J
342678,BBB,2013J
342685,BBB,2013J
344568,BBB,2013J
345083,BBB,2013J
345128,BBB,2013J
349554,BBB,2013J
349675,BBB,2013J
352112,BBB,2013J
352339,BBB,2013J
352688,BBB,2013J
354779,BBB,2013J
355591,BBB,2013J
355692,BBB,2013J
358289,BBB,2013J
360101,BBB,2013J
360876,BBB,2013J
361988,BBB,2013J
362907,BBB,2013J
363151,BBB,2013J
363711,BBB,2013J
364666,BBB,2013J
365060,BBB,2013J
365288,BBB,2013J
365631,BBB,2013J
366524,BBB,2013J
367433,BBB,2013J
368077,BBB,2013J
369986,BBB,2013J
370307,BBB,2013J
370859,BBB,2013J
371530,BBB,2013J
371888,BBB,2013J
372172,BBB,2013J
372658,BBB,2013J
373269,BBB,2013J
373633,BBB,2013J
373807,BBB,2013J
373848,BBB,2013J
375960,BBB,2013J
378721,BBB,2013J
379210,BBB,2013J
379983,BBB,2013J
380205,BBB,2013J
380240,BBB,2013J
381541,BBB,2013J
381669,BBB,2013J
382575,BBB,2013J
382920,BBB,2013J
382979,BBB,2013J
383571,BBB,2013J
385040,BBB,2013J
385820,BBB,2013J
386889,BBB,2013J
387276,BBB,2013J
387378,BBB,2013J
388052,BBB,2013J
388432,BBB,2013J
388975,BBB,2013J
389101,BBB,2013J
389471,BBB,2013J
390958,BBB,2013J
392060,BBB,2013J
392281,BBB,2013J
393327,BBB,2013J
395073,BBB,2013J
395358,BBB,2013J
395715,BBB,2013J
396114,BBB,2013J
396256,BBB,2013J
397590,BBB,2013J
398067,BBB,2013J
398315,BBB,2013J
398525,BBB,2013J
398891,BBB,2013J
401319,BBB,2013J
402993,BBB,2013J
404269,BBB,2013J
404671,BBB,2013J
404708,BBB,2013J
405945,BBB,2013J
408106,BBB,2013J
408975,BBB,2013J
409160,BBB,2013J
409698,BBB,2013J
409930,BBB,2013J
409945,BBB,2013J
410052,BBB,2013J
410281,BBB,2013J
410357,BBB,2013J
410842,BBB,2013J
411126,BBB,2013J
411226,BBB,2013J
411642,BBB,2013J
413052,BBB,2013J
413248,BBB,2013J
414028,BBB,2013J
414350,BBB,2013J
414495,BBB,2013J
415698,BBB,2013J
417657,BBB,2013J
417785,BBB,2013J
420163,BBB,2013J
421018,BBB,2013J
422223,BBB,2013J
422479,BBB,2013J
422505,BBB,2013J
423399,BBB,2013J
424014,BBB,2013J
424539,BBB,2013J
424637,BBB,2013J
425817,BBB,2013J
426458,BBB,2013J
427921,BBB,2013J
428323,BBB,2013J
428653,BBB,2013J
429610,BBB,2013J
430352,BBB,2013J
432144,BBB,2013J
432237,BBB,2013J
433280,BBB,2013J
433864,BBB,2013J
434035,BBB,2013J
434397,BBB,2013J
434585,BBB,2013J
438068,BBB,2013J
438551,BBB,2013J
439182,BBB,2013J
439294,BBB,2013J
440563,BBB,2013J
440751,BBB,2013J
440765,BBB,2013J
442144,BBB,2013J
442910,BBB,2013J
443108,BBB,2013J
443923,BBB,2013J
444225,BBB,2013J
444729,BBB,2013J
444960,BBB,2013J
445230,BBB,2013J
445351,BBB,2013J
446345,BBB,2013J
446873,BBB,2013J
447086,BBB,2013J
447516,BBB,2013J
465730,BBB,2013J
466202,BBB,2013J
466477,BBB,2013J
466800,BBB,2013J
467179,BBB,2013J
467330,BBB,2013J
467396,BBB,2013J
468187,BBB,2013J
468482,BBB,2013J
469878,BBB,2013J
470869,BBB,2013J
471196,BBB,2013J
472327,BBB,2013J
475215,BBB,2013J
475241,BBB,2013J
475594,BBB,2013J
475682,BBB,2013J
476278,BBB,2013J
477319,BBB,2013J
477825,BBB,2013J
478069,BBB,2013J
478718,BBB,2013J
479020,BBB,2013J
479170,BBB,2013J
479853,BBB,2013J
480667,BBB,2013J
480888,BBB,2013J
481448,BBB,2013J
482356,BBB,2013J
482556,BBB,2013J
482680,BBB,2013J
482810,BBB,2013J
483135,BBB,2013J
483744,BBB,2013J
484135,BBB,2013J
484412,BBB,2013J
484446,BBB,2013J
485006,BBB,2013J
485534,BBB,2013J
485560,BBB,2013J
485762,BBB,2013J
486004,BBB,2013J
486457,BBB,2013J
487214,BBB,2013J
487371,BBB,2013J
487681,BBB,2013J
488176,BBB,2013J
488195,BBB,2013J
488427,BBB,2013J
488908,BBB,2013J
489320,BBB,2013J
489966,BBB,2013J
490500,BBB,2013J
490677,BBB,2013J
490894,BBB,2013J
491097,BBB,2013J
491758,BBB,2013J
491907,BBB,2013J
492153,BBB,2013J
492229,BBB,2013J
492247,BBB,2013J
492286,BBB,2013J
493453,BBB,2013J
493465,BBB,2013J
493891,BBB,2013J
493999,BBB,2013J
494471,BBB,2013J
494789,BBB,2013J
494896,BBB,2013J
494960,BBB,2013J
495035,BBB,2013J
495449,BBB,2013J
495509,BBB,2013J
495625,BBB,2013J
495875,BBB,2013J
495879,BBB,2013J
496334,BBB,2013J
496442,BBB,2013J
497130,BBB,2013J
497632,BBB,2013J
497925,BBB,2013J
498543,BBB,2013J
498635,BBB,2013J
498841,BBB,2013J
498892,BBB,2013J
499624,BBB,2013J
499822,BBB,2013J
500016,BBB,2013J
500135,BBB,2013J
500279,BBB,2013J
500552,BBB,2013J
500625,BBB,2013J
500668,BBB,2013J
501053,BBB,2013J
501208,BBB,2013J
501637,BBB,2013J
501862,BBB,2013J
501945,BBB,2013J
502452,BBB,2013J
502621,BBB,2013J
503322,BBB,2013J
503516,BBB,2013J
503804,BBB,2013J
504013,BBB,2013J
504022,BBB,2013J
504466,BBB,2013J
504635,BBB,2013J
504842,BBB,2013J
505413,BBB,2013J
505595,BBB,2013J
506185,BBB,2013J
506248,BBB,2013J
506804,BBB,2013J
506980,BBB,2013J
507016,BBB,2013J
507279,BBB,2013J
507387,BBB,2013J
507389,BBB,2013J
507944,BBB,2013J
508028,BBB,2013J
508047,BBB,2013J
508079,BBB,2013J
508414,BBB,2013J
508517,BBB,2013J
508759,BBB,2013J
509258,BBB,2013J
509390,BBB,2013J
509607,BBB,2013J
509845,BBB,2013J
509913,BBB,2013J
510650,BBB,2013J
510776,BBB,2013J
510868,BBB,2013J
511678,BBB,2013J
512581,BBB,2013J
512775,BBB,2013J
512839,BBB,2013J
512883,BBB,2013J
512940,BBB,2013J
513648,BBB,2013J
513836,BBB,2013J
514043,BBB,2013J
514302,BBB,2013J
514445,BBB,2013J
514776,BBB,2013J
514824,BBB,2013J
514864,BBB,2013J
515203,BBB,2013J
515209,BBB,2013J
515417,BBB,2013J
515646,BBB,2013J
516055,BBB,2013J
516165,BBB,2013J
516214,BBB,2013J
516364,BBB,2013J
516926,BBB,2013J
517000,BBB,2013J
517075,BBB,2013J
517922,BBB,2013J
518029,BBB,2013J
518223,BBB,2013J
518496,BBB,2013J
519294,BBB,2013J
519622,BBB,2013J
519751,BBB,2013J
520002,BBB,2013J
520006,BBB,2013J
520024,BBB,2013J
520286,BBB,2013J
521341,BBB,2013J
521456,BBB,2013J
521590,BBB,2013J
521666,BBB,2013J
521895,BBB,2013J
521957,BBB,2013J
522426,BBB,2013J
522441,BBB,2013J
522446,BBB,2013J
522622,BBB,2013J
522650,BBB,2013J
522714,BBB,2013J
522792,BBB,2013J
522889,BBB,2013J
522891,BBB,2013J
522894,BBB,2013J
523331,BBB,2013J
523398,BBB,2013J
523545,BBB,2013J
523655,BBB,2013J
523757,BBB,2013J
523857,BBB,2013J
523875,BBB,2013J
524076,BBB,2013J
524496,BBB,2013J
524790,BBB,2013J
525877,BBB,2013J
525885,BBB,2013J
526506,BBB,2013J
527393,BBB,2013J
527580,BBB,2013J
527689,BBB,2013J
527799,BBB,2013J
528056,BBB,2013J
528204,BBB,2013J
528464,BBB,2013J
528642,BBB,2013J
529000,BBB,2013J
529163,BBB,2013J
529597,BBB,2013J
529795,BBB,2013J
530021,BBB,2013J
530112,BBB,2013J
530514,BBB,2013J
530753,BBB,2013J
531287,BBB,2013J
531643,BBB,2013J
532114,BBB,2013J
532477,BBB,2013J
532615,BBB,2013J
532739,BBB,2013J
532839,BBB,2013J
532869,BBB,2013J
533091,BBB,2013J
533164,BBB,2013J
533414,BBB,2013J
533449,BBB,2013J
534323,BBB,2013J
534816,BBB,2013J
534946,BBB,2013J
535269,BBB,2013J
535379,BBB,2013J
535833,BBB,2013J
536318,BBB,2013J
536409,BBB,2013J
536632,BBB,2013J
536649,BBB,2013J
536660,BBB,2013J
536663,BBB,2013J
536664,BBB,2013J
536666,BBB,2013J
536852,BBB,2013J
536992,BBB,2013J
537271,BBB,2013J
539299,BBB,2013J
539414,BBB,2013J
539670,BBB,2013J
540005,BBB,2013J
540249,BBB,2013J
540293,BBB,2013J
540521,BBB,2013J
540602,BBB,2013J
540682,BBB,2013J
541171,BBB,2013J
541274,BBB,2013J
541586,BBB,2013J
541702,BBB,2013J
541842,BBB,2013J
542296,BBB,2013J
542472,BBB,2013J
542562,BBB,2013J
542574,BBB,2013J
543021,BBB,2013J
543199,BBB,2013J
543279,BBB,2013J
543418,BBB,2013J
543428,BBB,2013J
544122,BBB,2013J
544627,BBB,2013J
545200,BBB,2013J
545297,BBB,2013J
545298,BBB,2013J
545443,BBB,2013J
545462,BBB,2013J
545521,BBB,2013J
546124,BBB,2013J
546195,BBB,2013J
546196,BBB,2013J
547266,BBB,2013J
547311,BBB,2013J
547718,BBB,2013J
547755,BBB,2013J
547979,BBB,2013J
548899,BBB,2013J
549129,BBB,2013J
549226,BBB,2013J
549445,BBB,2013J
549586,BBB,2013J
549745,BBB,2013J
549873,BBB,2013J
549918,BBB,2013J
550412,BBB,2013J
550941,BBB,2013J
551031,BBB,2013J
551136,BBB,2013J
551205,BBB,2013J
551219,BBB,2013J
551234,BBB,2013J
551347,BBB,2013J
552116,BBB,2013J
552177,BBB,2013J
552205,BBB,2013J
552339,BBB,2013J
552515,BBB,2013J
552622,BBB,2013J
552865,BBB,2013J
553078,BBB,2013J
553556,BBB,2013J
553856,BBB,2013J
554243,BBB,2013J
554314,BBB,2013J
555061,BBB,2013J
555614,BBB,2013J
555721,BBB,2013J
555789,BBB,2013J
556062,BBB,2013J
556089,BBB,2013J
556228,BBB,2013J
556427,BBB,2013J
556592,BBB,2013J
556637,BBB,2013J
556738,BBB,2013J
556972,BBB,2013J
557652,BBB,2013J
558035,BBB,2013J
558333,BBB,2013J
558533,BBB,2013J
558755,BBB,2013J
558962,BBB,2013J
558983,BBB,2013J
559139,BBB,2013J
559168,BBB,2013J
559382,BBB,2013J
559414,BBB,2013J
559584,BBB,2013J
559685,BBB,2013J
559851,BBB,2013J
560030,BBB,2013J
560074,BBB,2013J
560490,BBB,2013J
560559,BBB,2013J
560567,BBB,2013J
560676,BBB,2013J
560773,BBB,2013J
560920,BBB,2013J
561312,BBB,2013J
561457,BBB,2013J
561534,BBB,2013J
561549,BBB,2013J
561591,BBB,2013J
561640,BBB,2013J
561674,BBB,2013J
561841,BBB,2013J
562270,BBB,2013J
562456,BBB,2013J
563022,BBB,2013J
563374,BBB,2013J
563706,BBB,2013J
563733,BBB,2013J
563735,BBB,2013J
563769,BBB,2013J
563794,BBB,2013J
564105,BBB,2013J
564129,BBB,2013J
564144,BBB,2013J
564245,BBB,2013J
564268,BBB,2013J
564300,BBB,2013J
564596,BBB,2013J
564791,BBB,2013J
564792,BBB,2013J
564898,BBB,2013J
564930,BBB,2013J
564958,BBB,2013J
564972,BBB,2013J
565035,BBB,2013J
565393,BBB,2013J
565518,BBB,2013J
565582,BBB,2013J
565607,BBB,2013J
565819,BBB,2013J
565888,BBB,2013J
565919,BBB,2013J
566133,BBB,2013J
566346,BBB,2013J
566358,BBB,2013J
566369,BBB,2013J
566392,BBB,2013J
566407,BBB,2013J
566415,BBB,2013J
566720,BBB,2013J
566814,BBB,2013J
567033,BBB,2013J
567059,BBB,2013J
567145,BBB,2013J
567160,BBB,2013J
567262,BBB,2013J
567363,BBB,2013J
567402,BBB,2013J
567429,BBB,2013J
567598,BBB,2013J
567627,BBB,2013J
567754,BBB,2013J
567925,BBB,2013J
567929,BBB,2013J
567958,BBB,2013J
567979,BBB,2013J
568074,BBB,2013J
568293,BBB,2013J
568370,BBB,2013J
568474,BBB,2013J
568502,BBB,2013J
568523,BBB,2013J
568533,BBB,2013J
569141,BBB,2013J
569334,BBB,2013J
569854,BBB,2013J
569862,BBB,2013J
570137,BBB,2013J
570168,BBB,2013J
570177,BBB,2013J
570271,BBB,2013J
570287,BBB,2013J
570351,BBB,2013J
570623,BBB,2013J
570759,BBB,2013J
570783,BBB,2013J
570862,BBB,2013J
570864,BBB,2013J
571441,BBB,2013J
571516,BBB,2013J
571601,BBB,2013J
571672,BBB,2013J
571681,BBB,2013J
571693,BBB,2013J
571770,BBB,2013J
571779,BBB,2013J
571794,BBB,2013J
571871,BBB,2013J
571885,BBB,2013J
571907,BBB,2013J
572029,BBB,2013J
572051,BBB,2013J
572067,BBB,2013J
572103,BBB,2013J
572163,BBB,2013J
572277,BBB,2013J
572416,BBB,2013J
572436,BBB,2013J
572504,BBB,2013J
572508,BBB,2013J
572514,BBB,2013J
572626,BBB,2013J
572733,BBB,2013J
572739,BBB,2013J
572752,BBB,2013J
572765,BBB,2013J
572770,BBB,2013J
572898,BBB,2013J
572918,BBB,2013J
572937,BBB,2013J
573043,BBB,2013J
573063,BBB,2013J
573159,BBB,2013J
573208,BBB,2013J
573225,BBB,2013J
573275,BBB,2013J
573409,BBB,2013J
573411,BBB,2013J
573431,BBB,2013J
573433,BBB,2013J
573441,BBB,2013J
573485,BBB,2013J
573487,BBB,2013J
573519,BBB,2013J
573578,BBB,2013J
573654,BBB,2013J
573683,BBB,2013J
573790,BBB,2013J
573810,BBB,2013J
573821,BBB,2013J
573893,BBB,2013J
573986,BBB,2013J
574002,BBB,2013J
574051,BBB,2013J
574053,BBB,2013J
574065,BBB,2013J
574125,BBB,2013J
574146,BBB,2013J
574194,BBB,2013J
574250,BBB,2013J
574276,BBB,2013J
574319,BBB,2013J
574348,BBB,2013J
574591,BBB,2013J
574648,BBB,2013J
574674,BBB,2013J
574708,BBB,2013J
574727,BBB,2013J
574766,BBB,2013J
574783,BBB,2013J
574962,BBB,2013J
574973,BBB,2013J
574998,BBB,2013J
575018,BBB,2013J
575089,BBB,2013J
575100,BBB,2013J
575207,BBB,2013J
575281,BBB,2013J
575290,BBB,2013J
575480,BBB,2013J
575897,BBB,2013J
575927,BBB,2013J
575929,BBB,2013J
575930,BBB,2013J
575982,BBB,2013J
575992,BBB,2013J
576046,BBB,2013J
576098,BBB,2013J
576483,BBB,2013J
576513,BBB,2013J
576524,BBB,2013J
576550,BBB,2013J
576664,BBB,2013J
576841,BBB,2013J
576882,BBB,2013J
576935,BBB,2013J
576946,BBB,2013J
576981,BBB,2013J
576985,BBB,2013J
576996,BBB,2013J
577007,BBB,2013J
577049,BBB,2013J
577069,BBB,2013J
577099,BBB,2013J
577215,BBB,2013J
577239,BBB,2013J
577256,BBB,2013J
577280,BBB,2013J
577286,BBB,2013J
577347,BBB,2013J
577449,BBB,2013J
577498,BBB,2013J
577648,BBB,2013J
577659,BBB,2013J
577695,BBB,2013J
577824,BBB,2013J
577914,BBB,2013J
577915,BBB,2013J
577965,BBB,2013J
577992,BBB,2013J
578030,BBB,2013J
578057,BBB,2013J
578062,BBB,2013J
578109,BBB,2013J
578264,BBB,2013J
578447,BBB,2013J
578520,BBB,2013J
578546,BBB,2013J
578598,BBB,2013J
578600,BBB,2013J
578676,BBB,2013J
578717,BBB,2013J
578739,BBB,2013J
578854,BBB,2013J
578953,BBB,2013J
579046,BBB,2013J
579050,BBB,2013J
579255,BBB,2013J
579256,BBB,2013J
579259,BBB,2013J
579279,BBB,2013J
579316,BBB,2013J
579448,BBB,2013J
579486,BBB,2013J
579549,BBB,2013J
579571,BBB,2013J
579619,BBB,2013J
580094,BBB,2013J
580314,BBB,2013J
580328,BBB,2013J
580346,BBB,2013J
580360,BBB,2013J
580412,BBB,2013J
580497,BBB,2013J
580592,BBB,2013J
580612,BBB,2013J
580646,BBB,2013J
580654,BBB,2013J
580684,BBB,2013J
580883,BBB,2013J
580960,BBB,2013J
581016,BBB,2013J
581139,BBB,2013J
581235,BBB,2013J
581305,BBB,2013J
581431,BBB,2013J
581492,BBB,2013J
581493,BBB,2013J
581530,BBB,2013J
581586,BBB,2013J
581625,BBB,2013J
581672,BBB,2013J
581826,BBB,2013J
581959,BBB,2013J
582084,BBB,2013J
582093,BBB,2013J
582123,BBB,2013J
582182,BBB,2013J
582184,BBB,2013J
582190,BBB,2013J
582218,BBB,2013J
582243,BBB,2013J
582301,BBB,2013J
582305,BBB,2013J
582333,BBB,2013J
582390,BBB,2013J
582394,BBB,2013J
582404,BBB,2013J
582406,BBB,2013J
582439,BBB,2013J
582469,BBB,2013J
582474,BBB,2013J
582574,BBB,2013J
582578,BBB,2013J
582636,BBB,2013J
582650,BBB,2013J
582806,BBB,2013J
582833,BBB,2013J
582878,BBB,2013J
582940,BBB,2013J
582958,BBB,2013J
582963,BBB,2013J
582975,BBB,2013J
583012,BBB,2013J
583021,BBB,2013J
583039,BBB,2013J
583065,BBB,2013J
583098,BBB,2013J
583113,BBB,2013J
583142,BBB,2013J
583170,BBB,2013J
583179,BBB,2013J
583191,BBB,2013J
583235,BBB,2013J
583240,BBB,2013J
583255,BBB,2013J
583301,BBB,2013J
583333,BBB,2013J
583367,BBB,2013J
583429,BBB,2013J
583433,BBB,2013J
583459,BBB,2013J
583473,BBB,2013J
583534,BBB,2013J
583598,BBB,2013J
583609,BBB,2013J
583708,BBB,2013J
583832,BBB,2013J
583873,BBB,2013J
583964,BBB,2013J
583967,BBB,2013J
583970,BBB,2013J
583977,BBB,2013J
584042,BBB,2013J
584178,BBB,2013J
584223,BBB,2013J
584238,BBB,2013J
584325,BBB,2013J
584342,BBB,2013J
584374,BBB,2013J
584534,BBB,2013J
584580,BBB,2013J
584588,BBB,2013J
584611,BBB,2013J
584676,BBB,2013J
584735,BBB,2013J
584762,BBB,2013J
584766,BBB,2013J
585004,BBB,2013J
585170,BBB,2013J
585200,BBB,2013J
585212,BBB,2013J
585342,BBB,2013J
585355,BBB,2013J
585406,BBB,2013J
585459,BBB,2013J
585461,BBB,2013J
585644,BBB,2013J
585652,BBB,2013J
585790,BBB,2013J
585816,BBB,2013J
585915,BBB,2013J
586072,BBB,2013J
586078,BBB,2013J
586145,BBB,2013J
586165,BBB,2013J
586346,BBB,2013J
586393,BBB,2013J
586407,BBB,2013J
586416,BBB,2013J
586440,BBB,2013J
586450,BBB,2013J
586490,BBB,2013J
586516,BBB,2013J
586535,BBB,2013J
586581,BBB,2013J
586720,BBB,2013J
586742,BBB,2013J
586836,BBB,2013J
586843,BBB,2013J
586854,BBB,2013J
586882,BBB,2013J
586890,BBB,2013J
586928,BBB,2013J
586975,BBB,2013J
586996,BBB,2013J
587051,BBB,2013J
587071,BBB,2013J
587120,BBB,2013J
587194,BBB,2013J
587219,BBB,2013J
587285,BBB,2013J
587349,BBB,2013J
587418,BBB,2013J
587423,BBB,2013J
587564,BBB,2013J
587623,BBB,2013J
587665,BBB,2013J
587722,BBB,2013J
587754,BBB,2013J
587755,BBB,2013J
587810,BBB,2013J
587824,BBB,2013J
587851,BBB,2013J
587923,BBB,2013J
587985,BBB,2013J
588191,BBB,2013J
588194,BBB,2013J
588205,BBB,2013J
588252,BBB,2013J
588265,BBB,2013J
588355,BBB,2013J
588432,BBB,2013J
588504,BBB,2013J
588642,BBB,2013J
588685,BBB,2013J
588691,BBB,2013J
588713,BBB,2013J
588883,BBB,2013J
588910,BBB,2013J
588969,BBB,2013J
589067,BBB,2013J
589123,BBB,2013J
589216,BBB,2013J
589234,BBB,2013J
589296,BBB,2013J
589302,BBB,2013J
589411,BBB,2013J
589471,BBB,2013J
589508,BBB,2013J
589509,BBB,2013J
589580,BBB,2013J
589810,BBB,2013J
589903,BBB,2013J
589950,BBB,2013J
590107,BBB,2013J
590202,BBB,2013J
590231,BBB,2013J
590244,BBB,2013J
590305,BBB,2013J
590308,BBB,2013J
590310,BBB,2013J
590325,BBB,2013J
590360,BBB,2013J
590362,BBB,2013J
590365,BBB,2013J
590502,BBB,2013J
590625,BBB,2013J
590667,BBB,2013J
590668,BBB,2013J
590713,BBB,2013J
590812,BBB,2013J
590867,BBB,2013J
590923,BBB,2013J
590931,BBB,2013J
591030,BBB,2013J
591034,BBB,2013J
591223,BBB,2013J
591257,BBB,2013J
591273,BBB,2013J
591299,BBB,2013J
591410,BBB,2013J
591420,BBB,2013J
591440,BBB,2013J
591461,BBB,2013J
591501,BBB,2013J
591518,BBB,2013J
591558,BBB,2013J
591589,BBB,2013J
591591,BBB,2013J
591608,BBB,2013J
591721,BBB,2013J
591785,BBB,2013J
591787,BBB,2013J
591820,BBB,2013J
591895,BBB,2013J
591912,BBB,2013J
591978,BBB,2013J
591986,BBB,2013J
592081,BBB,2013J
592147,BBB,2013J
592205,BBB,2013J
592256,BBB,2013J
592290,BBB,2013J
592322,BBB,2013J
592406,BBB,2013J
592441,BBB,2013J
592480,BBB,2013J
592618,BBB,2013J
592624,BBB,2013J
592683,BBB,2013J
592815,BBB,2013J
592854,BBB,2013J
592889,BBB,2013J
592900,BBB,2013J
592949,BBB,2013J
592972,BBB,2013J
593023,BBB,2013J
593081,BBB,2013J
593189,BBB,2013J
593281,BBB,2013J
593299,BBB,2013J
593385,BBB,2013J
593421,BBB,2013J
593427,BBB,2013J
593440,BBB,2013J
593443,BBB,2013J
593444,BBB,2013J
593510,BBB,2013J
593513,BBB,2013J
593514,BBB,2013J
593571,BBB,2013J
593593,BBB,2013J
593631,BBB,2013J
593685,BBB,2013J
593692,BBB,2013J
593694,BBB,2013J
593706,BBB,2013J
593707,BBB,2013J
593709,BBB,2013J
593711,BBB,2013J
593712,BBB,2013J
593727,BBB,2013J
593743,BBB,2013J
593798,BBB,2013J
593871,BBB,2013J
593875,BBB,2013J
593930,BBB,2013J
594015,BBB,2013J
594038,BBB,2013J
594043,BBB,2013J
594056,BBB,2013J
594208,BBB,2013J
594253,BBB,2013J
594456,BBB,2013J
594468,BBB,2013J
594497,BBB,2013J
594607,BBB,2013J
594677,BBB,2013J
594693,BBB,2013J
594697,BBB,2013J
594762,BBB,2013J
594774,BBB,2013J
594776,BBB,2013J
594812,BBB,2013J
595010,BBB,2013J
595047,BBB,2013J
595094,BBB,2013J
595095,BBB,2013J
595138,BBB,2013J
595232,BBB,2013J
595241,BBB,2013J
595287,BBB,2013J
595295,BBB,2013J
595298,BBB,2013J
595345,BBB,2013J
595436,BBB,2013J
595499,BBB,2013J
595570,BBB,2013J
595672,BBB,2013J
595678,BBB,2013J
595711,BBB,2013J
595791,BBB,2013J
595816,BBB,2013J
595854,BBB,2013J
595874,BBB,2013J
595877,BBB,2013J
595925,BBB,2013J
596017,BBB,2013J
596041,BBB,2013J
596095,BBB,2013J
596100,BBB,2013J
596103,BBB,2013J
596107,BBB,2013J
596112,BBB,2013J
596144,BBB,2013J
596241,BBB,2013J
596242,BBB,2013J
596275,BBB,2013J
596305,BBB,2013J
596360,BBB,2013J
596372,BBB,2013J
596390,BBB,2013J
596417,BBB,2013J
596451,BBB,2013J
596535,BBB,2013J
596641,BBB,2013J
596677,BBB,2013J
596814,BBB,2013J
596892,BBB,2013J
596897,BBB,2013J
596961,BBB,2013J
596964,BBB,2013J
596988,BBB,2013J
597033,BBB,2013J
597050,BBB,2013J
597078,BBB,2013J
597102,BBB,2013J
597109,BBB,2013J
597255,BBB,2013J
597286,BBB,2013J
597301,BBB,2013J
597321,BBB,2013J
597451,BBB,2013J
597532,BBB,2013J
597742,BBB,2013J
597866,BBB,2013J
597894,BBB,2013J
598000,BBB,2013J
598202,BBB,2013J
598230,BBB,2013J
598252,BBB,2013J
598253,BBB,2013J
598260,BBB,2013J
598315,BBB,2013J
598351,BBB,2013J
598394,BBB,2013J
598462,BBB,2013J
598503,BBB,2013J
598538,BBB,2013J
598596,BBB,2013J
598623,BBB,2013J
598709,BBB,2013J
598760,BBB,2013J
598865,BBB,2013J
598883,BBB,2013J
598901,BBB,2013J
598907,BBB,2013J
598914,BBB,2013J
598969,BBB,2013J
598986,BBB,2013J
599037,BBB,2013J
599161,BBB,2013J
599230,BBB,2013J
599292,BBB,2013J
599402,BBB,2013J
599423,BBB,2013J
599427,BBB,2013J
599432,BBB,2013J
599456,BBB,2013J
599475,BBB,2013J
599606,BBB,2013J
599639,BBB,2013J
599640,BBB,2013J
599644,BBB,2013J
599709,BBB,2013J
599739,BBB,2013J
599748,BBB,2013J
599785,BBB,2013J
599794,BBB,2013J
599836,BBB,2013J
599840,BBB,2013J
599895,BBB,2013J
600006,BBB,2013J
600211,BBB,2013J
600218,BBB,2013J
600254,BBB,2013J
600279,BBB,2013J
600370,BBB,2013J
600407,BBB,2013J
600470,BBB,2013J
600476,BBB,2013J
600490,BBB,2013J
600541,BBB,2013J
600681,BBB,2013J
600684,BBB,2013J
600749,BBB,2013J
600770,BBB,2013J
600771,BBB,2013J
600833,BBB,2013J
600844,BBB,2013J
600845,BBB,2013J
600856,BBB,2013J
600966,BBB,2013J
600967,BBB,2013J
601251,BBB,2013J
601424,BBB,2013J
601455,BBB,2013J
601491,BBB,2013J
601497,BBB,2013J
601499,BBB,2013J
601504,BBB,2013J
601505,BBB,2013J
601551,BBB,2013J
601558,BBB,2013J
601635,BBB,2013J
601706,BBB,2013J
601885,BBB,2013J
601887,BBB,2013J
601896,BBB,2013J
601951,BBB,2013J
602009,BBB,2013J
602011,BBB,2013J
602032,BBB,2013J
602066,BBB,2013J
602245,BBB,2013J
602324,BBB,2013J
602395,BBB,2013J
602458,BBB,2013J
602483,BBB,2013J
602496,BBB,2013J
602598,BBB,2013J
602631,BBB,2013J
602652,BBB,2013J
602666,BBB,2013J
602739,BBB,2013J
602826,BBB,2013J
602863,BBB,2013J
602971,BBB,2013J
603012,BBB,2013J
603035,BBB,2013J
603036,BBB,2013J
603038,BBB,2013J
603052,BBB,2013J
603113,BBB,2013J
603123,BBB,2013J
603165,BBB,2013J
603265,BBB,2013J
603270,BBB,2013J
603296,BBB,2013J
603398,BBB,2013J
603440,BBB,2013J
603471,BBB,2013J
603516,BBB,2013J
603601,BBB,2013J
603627,BBB,2013J
603661,BBB,2013J
603789,BBB,2013J
603818,BBB,2013J
603912,BBB,2013J
604079,BBB,2013J
604095,BBB,2013J
604116,BBB,2013J
604118,BBB,2013J
604147,BBB,2013J
604151,BBB,2013J
604154,BBB,2013J
604161,BBB,2013J
604187,BBB,2013J
604196,BBB,2013J
604200,BBB,2013J
604204,BBB,2013J
604292,BBB,2013J
604298,BBB,2013J
604315,BBB,2013J
604523,BBB,2013J
604543,BBB,2013J
604556,BBB,2013J
604610,BBB,2013J
604731,BBB,2013J
604752,BBB,2013J
604916,BBB,2013J
604917,BBB,2013J
604919,BBB,2013J
604921,BBB,2013J
604923,BBB,2013J
604932,BBB,2013J
604942,BBB,2013J
604951,BBB,2013J
604962,BBB,2013J
604966,BBB,2013J
604982,BBB,2013J
605009,BBB,2013J
605102,BBB,2013J
605255,BBB,2013J
605292,BBB,2013J
605309,BBB,2013J
605327,BBB,2013J
605390,BBB,2013J
605438,BBB,2013J
605494,BBB,2013J
605505,BBB,2013J
605594,BBB,2013J
605595,BBB,2013J
605679,BBB,2013J
605691,BBB,2013J
605832,BBB,2013J
605854,BBB,2013J
605882,BBB,2013J
605914,BBB,2013J
605916,BBB,2013J
605930,BBB,2013J
606063,BBB,2013J
606097,BBB,2013J
606179,BBB,2013J
606229,BBB,2013J
606333,BBB,2013J
606377,BBB,2013J
606388,BBB,2013J
606410,BBB,2013J
606412,BBB,2013J
606414,BBB,2013J
606420,BBB,2013J
606426,BBB,2013J
606450,BBB,2013J
606465,BBB,2013J
606477,BBB,2013J
606546,BBB,2013J
606562,BBB,2013J
606607,BBB,2013J
606627,BBB,2013J
606651,BBB,2013J
606685,BBB,2013J
606697,BBB,2013J
606762,BBB,2013J
606797,BBB,2013J
606972,BBB,2013J
607062,BBB,2013J
607080,BBB,2013J
607097,BBB,2013J
607300,BBB,2013J
607309,BBB,2013J
607382,BBB,2013J
607493,BBB,2013J
607517,BBB,2013J
607607,BBB,2013J
607642,BBB,2013J
607699,BBB,2013J
607725,BBB,2013J
607735,BBB,2013J
607778,BBB,2013J
607804,BBB,2013J
607808,BBB,2013J
607888,BBB,2013J
607889,BBB,2013J
607892,BBB,2013J
607909,BBB,2013J
607914,BBB,2013J
607937,BBB,2013J
608000,BBB,2013J
608041,BBB,2013J
608060,BBB,2013J
608197,BBB,2013J
608497,BBB,2013J
608578,BBB,2013J
608623,BBB,2013J
608647,BBB,2013J
608719,BBB,2013J
608738,BBB,2013J
608766,BBB,2013J
608939,BBB,2013J
608942,BBB,2013J
609010,BBB,2013J
609047,BBB,2013J
609107,BBB,2013J
609190,BBB,2013J
609193,BBB,2013J
609230,BBB,2013J
609307,BBB,2013J
609388,BBB,2013J
609422,BBB,2013J
609510,BBB,2013J
609704,BBB,2013J
609764,BBB,2013J
609804,BBB,2013J
609811,BBB,2013J
609812,BBB,2013J
609815,BBB,2013J
609817,BBB,2013J
609850,BBB,2013J
609864,BBB,2013J
609871,BBB,2013J
609873,BBB,2013J
609887,BBB,2013J
610032,BBB,2013J
610059,BBB,2013J
610118,BBB,2013J
610362,BBB,2013J
610392,BBB,2013J
610423,BBB,2013J
610428,BBB,2013J
610553,BBB,2013J
610700,BBB,2013J
610725,BBB,2013J
610731,BBB,2013J
610740,BBB,2013J
610744,BBB,2013J
610745,BBB,2013J
610748,BBB,2013J
610750,BBB,2013J
610751,BBB,2013J
610763,BBB,2013J
610770,BBB,2013J
610772,BBB,2013J
610776,BBB,2013J
610780,BBB,2013J
610804,BBB,2013J
610906,BBB,2013J
611004,BBB,2013J
611012,BBB,2013J
611046,BBB,2013J
611048,BBB,2013J
611060,BBB,2013J
611096,BBB,2013J
611182,BBB,2013J
611228,BBB,2013J
611268,BBB,2013J
611315,BBB,2013J
611345,BBB,2013J
611383,BBB,2013J
611531,BBB,2013J
611688,BBB,2013J
611690,BBB,2013J
612050,BBB,2013J
612217,BBB,2013J
612252,BBB,2013J
612255,BBB,2013J
612355,BBB,2013J
612484,BBB,2013J
612488,BBB,2013J
612517,BBB,2013J
612658,BBB,2013J
612661,BBB,2013J
612757,BBB,2013J
613051,BBB,2013J
613159,BBB,2013J
613162,BBB,2013J
613164,BBB,2013J
613171,BBB,2013J
613177,BBB,2013J
613191,BBB,2013J
613196,BBB,2013J
613199,BBB,2013J
613200,BBB,2013J
613208,BBB,2013J
613273,BBB,2013J
613293,BBB,2013J
613298,BBB,2013J
613416,BBB,2013J
613418,BBB,2013J
613735,BBB,2013J
614013,BBB,2013J
614068,BBB,2013J
614072,BBB,2013J
614148,BBB,2013J
614495,BBB,2013J
614546,BBB,2013J
614556,BBB,2013J
615127,BBB,2013J
615148,BBB,2013J
616342,BBB,2013J
616502,BBB,2013J
616735,BBB,2013J
617116,BBB,2013J
617472,BBB,2013J
619941,BBB,2013J
1170618,BBB,2013J
1340766,BBB,2013J
1399285,BBB,2013J
1405594,BBB,2013J
1411627,BBB,2013J
1413989,BBB,2013J
1421720,BBB,2013J
1440341,BBB,2013J
1467014,BBB,2013J
1521687,BBB,2013J
1541133,BBB,2013J
1588208,BBB,2013J
1627017,BBB,2013J
1726951,BBB,2013J
1731564,BBB,2013J
1759851,BBB,2013J
1778145,BBB,2013J
1781804,BBB,2013J
1797168,BBB,2013J
1866742,BBB,2013J
1886295,BBB,2013J
1889565,BBB,2013J
1903677,BBB,2013J
1910175,BBB,2013J
1934047,BBB,2013J
1935487,BBB,2013J
1939695,BBB,2013J
1941248,BBB,2013J
1946308,BBB,2013J
1963287,BBB,2013J
1988213,BBB,2013J
1990650,BBB,2013J
1998790,BBB,2013J
2001687,BBB,2013J
2002046,BBB,2013J
2006283,BBB,2013J
2009558,BBB,2013J
2022801,BBB,2013J
2023561,BBB,2013J
2029037,BBB,2013J
2034300,BBB,2013J
2044036,BBB,2013J
2056947,BBB,2013J
2061889,BBB,2013J
2062995,BBB,2013J
2072166,BBB,2013J
2075158,BBB,2013J
2078768,BBB,2013J
2083576,BBB,2013J
2111666,BBB,2013J
2115711,BBB,2013J
2132966,BBB,2013J
2140444,BBB,2013J
2147687,BBB,2013J
2147929,BBB,2013J
2153026,BBB,2013J
2160453,BBB,2013J
2164944,BBB,2013J
2174835,BBB,2013J
2187146,BBB,2013J
2192113,BBB,2013J
2210681,BBB,2013J
2211448,BBB,2013J
2211630,BBB,2013J
2214631,BBB,2013J
2226301,BBB,2013J
2227004,BBB,2013J
2229783,BBB,2013J
2239140,BBB,2013J
2242290,BBB,2013J
2262671,BBB,2013J
2266650,BBB,2013J
2271644,BBB,2013J
2271743,BBB,2013J
2273256,BBB,2013J
2276893,BBB,2013J
2280314,BBB,2013J
2282129,BBB,2013J
2284583,BBB,2013J
2291034,BBB,2013J
2294490,BBB,2013J
2296908,BBB,2013J
2299338,BBB,2013J
2313615,BBB,2013J
2318763,BBB,2013J
2320306,BBB,2013J
2334319,BBB,2013J
2338586,BBB,2013J
2346025,BBB,2013J
2349825,BBB,2013J
2356809,BBB,2013J
2363875,BBB,2013J
2382253,BBB,2013J
2383103,BBB,2013J
2390117,BBB,2013J
2396786,BBB,2013J
2415414,BBB,2013J
2416774,BBB,2013J
2420909,BBB,2013J
2425156,BBB,2013J
2444641,BBB,2013J
2451269,BBB,2013J
2452289,BBB,2013J
2453657,BBB,2013J
2455578,BBB,2013J
2459051,BBB,2013J
2460002,BBB,2013J
2464683,BBB,2013J
2465209,BBB,2013J
2468280,BBB,2013J
2468706,BBB,2013J
2473780,BBB,2013J
2476144,BBB,2013J
2481657,BBB,2013J
2487785,BBB,2013J
2488714,BBB,2013J
2496235,BBB,2013J
2509297,BBB,2013J
2512392,BBB,2013J
2514379,BBB,2013J
2518589,BBB,2013J
2522312,BBB,2013J
2528352,BBB,2013J
2532647,BBB,2013J
2539817,BBB,2013J
2539858,BBB,2013J
2540724,BBB,2013J
2544448,BBB,2013J
2545488,BBB,2013J
2550290,BBB,2013J
2553890,BBB,2013J
2557885,BBB,2013J
2564744,BBB,2013J
2567158,BBB,2013J
2573353,BBB,2013J
2573570,BBB,2013J
2575994,BBB,2013J
2578802,BBB,2013J
2579673,BBB,2013J
2579817,BBB,2013J
2584834,BBB,2013J
2587329,BBB,2013J
2587950,BBB,2013J
2591421,BBB,2013J
2607641,BBB,2013J
2617839,BBB,2013J
2619107,BBB,2013J
2620432,BBB,2013J
2625315,BBB,2013J
2625752,BBB,2013J
2631545,BBB,2013J
2632668,BBB,2013J
2638377,BBB,2013J
2638818,BBB,2013J
2648206,BBB,2013J
2650236,BBB,2013J
2656860,BBB,2013J
2657960,BBB,2013J
2662716,BBB,2013J
2664036,BBB,2013J
2680344,BBB,2013J
2680885,BBB,2013J
2690077,BBB,2013J
2691100,BBB,2013J
2691566,BBB,2013J
2693772,BBB,2013J
25629,BBB,2014B
50069,BBB,2014B
52426,BBB,2014B
59725,BBB,2014B
60416,BBB,2014B
60830,BBB,2014B
64275,BBB,2014B
72400,BBB,2014B
75118,BBB,2014B
76196,BBB,2014B
78255,BBB,2014B
80001,BBB,2014B
88340,BBB,2014B
89092,BBB,2014B
89778,BBB,2014B
90361,BBB,2014B
92274,BBB,2014B
92341,BBB,2014B
93925,BBB,2014B
97865,BBB,2014B
99799,BBB,2014B
103535,BBB,2014B
107713,BBB,2014B
108799,BBB,2014B
115452,BBB,2014B
117699,BBB,2014B
119471,BBB,2014B
123270,BBB,2014B
123462,BBB,2014B
125055,BBB,2014B
126608,BBB,2014B
126713,BBB,2014B
130013,BBB,2014B
132972,BBB,2014B
139250,BBB,2014B
148427,BBB,2014B
155631,BBB,2014B
157276,BBB,2014B
159293,BBB,2014B
165904,BBB,2014B
171751,BBB,2014B
172137,BBB,2014B
183287,BBB,2014B
186565,BBB,2014B
187601,BBB,2014B
189035,BBB,2014B
189986,BBB,2014B
190565,BBB,2014B
200506,BBB,2014B
201431,BBB,2014B
202394,BBB,2014B
206003,BBB,2014B
228481,BBB,2014B
228784,BBB,2014B
231959,BBB,2014B
232539,BBB,2014B
233095,BBB,2014B
233102,BBB,2014B
235097,BBB,2014B
235380,BBB,2014B
235428,BBB,2014B
236161,BBB,2014B
238519,BBB,2014B
242390,BBB,2014B
244064,BBB,2014B
247292,BBB,2014B
247513,BBB,2014B
250123,BBB,2014B
252652,BBB,2014B
260955,BBB,2014B
262294,BBB,2014B
263098,BBB,2014B
264106,BBB,2014B
265958,BBB,2014B
268301,BBB,2014B
270256,BBB,2014B
271346,BBB,2014B
271467,BBB,2014B
275112,BBB,2014B
282161,BBB,2014B
282713,BBB,2014B
283131,BBB,2014B
283978,BBB,2014B
284589,BBB,2014B
285567,BBB,2014B
286914,BBB,2014B
287004,BBB,2014B
288717,BBB,2014B
289108,BBB,2014B
289993,BBB,2014B
290914,BBB,2014B
291844,BBB,2014B
291848,BBB,2014B
293992,BBB,2014B
296232,BBB,2014B
297179,BBB,2014B
299027,BBB,2014B
299485,BBB,2014B
304607,BBB,2014B
305373,BBB,2014B
305824,BBB,2014B
307386,BBB,2014B
308345,BBB,2014B
311889,BBB,2014B
312275,BBB,2014B
313246,BBB,2014B
317855,BBB,2014B
318500,BBB,2014B
318876,BBB,2014B
319606,BBB,2014B
320363,BBB,2014B
321121,BBB,2014B
321346,BBB,2014B
322325,BBB,2014B
322509,BBB,2014B
324907,BBB,2014B
325080,BBB,2014B
325308,BBB,2014B
331156,BBB,2014B
331494,BBB,2014B
334023,BBB,2014B
334565,BBB,2014B
334981,BBB,2014B
336356,BBB,2014B
338168,BBB,2014B
339381,BBB,2014B
340831,BBB,2014B
341027,BBB,2014B
342017,BBB,2014B
347864,BBB,2014B
348771,BBB,2014B
349258,BBB,2014B
349401,BBB,2014B
352953,BBB,2014B
354121,BBB,2014B
354984,BBB,2014B
355147,BBB,2014B
355369,BBB,2014B
355643,BBB,2014B
356386,BBB,2014B
358956,BBB,2014B
359438,BBB,2014B
360190,BBB,2014B
363110,BBB,2014B
364712,BBB,2014B
365111,BBB,2014B
365488,BBB,2014B
366936,BBB,2014B
367535,BBB,2014B
369715,BBB,2014B
370008,BBB,2014B
372997,BBB,2014B
374515,BBB,2014B
374747,BBB,2014B
375711,BBB,2014B
375717,BBB,2014B
376868,BBB,2014B
377469,BBB,2014B
380184,BBB,2014B
380204,BBB,2014B
381533,BBB,2014B
381544,BBB,2014B
381909,BBB,2014B
381917,BBB,2014B
382877,BBB,2014B
383241,BBB,2014B
383967,BBB,2014B
384884,BBB,2014B
386374,BBB,2014B
387276,BBB,2014B
388168,BBB,2014B
389249,BBB,2014B
391153,BBB,2014B
391556,BBB,2014B
392604,BBB,2014B
392733,BBB,2014B
394010,BBB,2014B
394331,BBB,2014B
394480,BBB,2014B
394520,BBB,2014B
395374,BBB,2014B
396456,BBB,2014B
396799,BBB,2014B
397312,BBB,2014B
401441,BBB,2014B
406600,BBB,2014B
407545,BBB,2014B
408469,BBB,2014B
408581,BBB,2014B
411895,BBB,2014B
412156,BBB,2014B
415298,BBB,2014B
420663,BBB,2014B
421326,BBB,2014B
421992,BBB,2014B
424014,BBB,2014B
424659,BBB,2014B
424863,BBB,2014B
429099,BBB,2014B
429417,BBB,2014B
429777,BBB,2014B
430002,BBB,2014B
432480,BBB,2014B
435057,BBB,2014B
435282,BBB,2014B
437171,BBB,2014B
437565,BBB,2014B
439710,BBB,2014B
439925,BBB,2014B
440075,BBB,2014B
440664,BBB,2014B
442497,BBB,2014B
444561,BBB,2014B
444858,BBB,2014B
444872,BBB,2014B
445415,BBB,2014B
445494,BBB,2014B
446296,BBB,2014B
446755,BBB,2014B
447184,BBB,2014B
447265,BBB,2014B
447292,BBB,2014B
466248,BBB,2014B
466377,BBB,2014B
466856,BBB,2014B
467303,BBB,2014B
467580,BBB,2014B
468349,BBB,2014B
468529,BBB,2014B
469177,BBB,2014B
469664,BBB,2014B
470113,BBB,2014B
470331,BBB,2014B
471157,BBB,2014B
471925,BBB,2014B
473095,BBB,2014B
474607,BBB,2014B
475631,BBB,2014B
476037,BBB,2014B
477779,BBB,2014B
478242,BBB,2014B
478317,BBB,2014B
479738,BBB,2014B
480372,BBB,2014B
480924,BBB,2014B
481150,BBB,2014B
481947,BBB,2014B
483031,BBB,2014B
483411,BBB,2014B
483468,BBB,2014B
483921,BBB,2014B
484351,BBB,2014B
484446,BBB,2014B
484983,BBB,2014B
485180,BBB,2014B
485675,BBB,2014B
486994,BBB,2014B
487226,BBB,2014B
487386,BBB,2014B
487573,BBB,2014B
489198,BBB,2014B
490391,BBB,2014B
491114,BBB,2014B
492928,BBB,2014B
493559,BBB,2014B
494896,BBB,2014B
494948,BBB,2014B
495876,BBB,2014B
495958,BBB,2014B
496547,BBB,2014B
500279,BBB,2014B
500395,BBB,2014B
504393,BBB,2014B
504967,BBB,2014B
505151,BBB,2014B
505248,BBB,2014B
506622,BBB,2014B
506650,BBB,2014B
507009,BBB,2014B
507817,BBB,2014B
507983,BBB,2014B
508100,BBB,2014B
508400,BBB,2014B
508470,BBB,2014B
508940,BBB,2014B
509696,BBB,2014B
511238,BBB,2014B
511469,BBB,2014B
511506,BBB,2014B
511901,BBB,2014B
513077,BBB,2014B
514031,BBB,2014B
515648,BBB,2014B
516601,BBB,2014B
517075,BBB,2014B
518711,BBB,2014B
519078,BBB,2014B
521671,BBB,2014B
521957,BBB,2014B
522087,BBB,2014B
523021,BBB,2014B
524290,BBB,2014B
525942,BBB,2014B
526285,BBB,2014B
526948,BBB,2014B
529438,BBB,2014B
529439,BBB,2014B
529705,BBB,2014B
531290,BBB,2014B
531755,BBB,2014B
532274,BBB,2014B
532468,BBB,2014B
532617,BBB,2014B
533077,BBB,2014B
533210,BBB,2014B
534143,BBB,2014B
534163,BBB,2014B
534428,BBB,2014B
535077,BBB,2014B
535462,BBB,2014B
535548,BBB,2014B
536286,BBB,2014B
536629,BBB,2014B
536805,BBB,2014B
537077,BBB,2014B
537171,BBB,2014B
537605,BBB,2014B
537698,BBB,2014B
538196,BBB,2014B
539675,BBB,2014B
539894,BBB,2014B
540558,BBB,2014B
541769,BBB,2014B
542456,BBB,2014B
542547,BBB,2014B
542562,BBB,2014B
543963,BBB,2014B
544050,BBB,2014B
544430,BBB,2014B
545146,BBB,2014B
545223,BBB,2014B
545254,BBB,2014B
546202,BBB,2014B
546302,BBB,2014B
547018,BBB,2014B
547268,BBB,2014B
547556,BBB,2014B
548296,BBB,2014B
548445,BBB,2014B
548844,BBB,2014B
549087,BBB,2014B
549892,BBB,2014B
550269,BBB,2014B
551053,BBB,2014B
551252,BBB,2014B
551718,BBB,2014B
551953,BBB,2014B
552025,BBB,2014B
552656,BBB,2014B
552896,BBB,2014B
552931,BBB,2014B
553437,BBB,2014B
553808,BBB,2014B
554004,BBB,2014B
554766,BBB,2014B
554969,BBB,2014B
555603,BBB,2014B
555720,BBB,2014B
555860,BBB,2014B
555994,BBB,2014B
556012,BBB,2014B
556853,BBB,2014B
556877,BBB,2014B
557029,BBB,2014B
558084,BBB,2014B
558595,BBB,2014B
558702,BBB,2014B
559065,BBB,2014B
559090,BBB,2014B
559336,BBB,2014B
559467,BBB,2014B
559831,BBB,2014B
559861,BBB,2014B
560117,BBB,2014B
560238,BBB,2014B
560335,BBB,2014B
560536,BBB,2014B
560636,BBB,2014B
560920,BBB,2014B
561061,BBB,2014B
561674,BBB,2014B
561953,BBB,2014B
562139,BBB,2014B
562267,BBB,2014B
562438,BBB,2014B
562642,BBB,2014B
562643,BBB,2014B
562783,BBB,2014B
562857,BBB,2014B
563413,BBB,2014B
563487,BBB,2014B
563754,BBB,2014B
563822,BBB,2014B
563945,BBB,2014B
563987,BBB,2014B
564409,BBB,2014B
564810,BBB,2014B
565008,BBB,2014B
565009,BBB,2014B
565344,BBB,2014B
565869,BBB,2014B
565988,BBB,2014B
566181,BBB,2014B
566669,BBB,2014B
567048,BBB,2014B
567059,BBB,2014B
567273,BBB,2014B
567757,BBB,2014B
567963,BBB,2014B
568370,BBB,2014B
568559,BBB,2014B
568968,BBB,2014B
569074,BBB,2014B
569199,BBB,2014B
569225,BBB,2014B
569663,BBB,2014B
569664,BBB,2014B
569761,BBB,2014B
570031,BBB,2014B
570133,BBB,2014B
570177,BBB,2014B
570186,BBB,2014B
570437,BBB,2014B
570627,BBB,2014B
570721,BBB,2014B
571223,BBB,2014B
571732,BBB,2014B
571880,BBB,2014B
571897,BBB,2014B
571954,BBB,2014B
572290,BBB,2014B
572370,BBB,2014B
572987,BBB,2014B
573000,BBB,2014B
573108,BBB,2014B
573323,BBB,2014B
573488,BBB,2014B
573496,BBB,2014B
573806,BBB,2014B
573824,BBB,2014B
573851,BBB,2014B
573853,BBB,2014B
574264,BBB,2014B
574553,BBB,2014B
574569,BBB,2014B
574748,BBB,2014B
574944,BBB,2014B
575251,BBB,2014B
575602,BBB,2014B
575680,BBB,2014B
575980,BBB,2014B
575990,BBB,2014B
576179,BBB,2014B
576738,BBB,2014B
577170,BBB,2014B
577304,BBB,2014B
577527,BBB,2014B
577676,BBB,2014B
578003,BBB,2014B
578282,BBB,2014B
578574,BBB,2014B
579255,BBB,2014B
579448,BBB,2014B
579720,BBB,2014B
580688,BBB,2014B
581222,BBB,2014B
581353,BBB,2014B
581647,BBB,2014B
582496,BBB,2014B
582742,BBB,2014B
583102,BBB,2014B
583950,BBB,2014B
584566,BBB,2014B
584632,BBB,2014B
584762,BBB,2014B
585048,BBB,2014B
585283,BBB,2014B
586086,BBB,2014B
586133,BBB,2014B
586417,BBB,2014B
586712,BBB,2014B
586995,BBB,2014B
587780,BBB,2014B
588039,BBB,2014B
588096,BBB,2014B
588302,BBB,2014B
588459,BBB,2014B
588484,BBB,2014B
588495,BBB,2014B
588592,BBB,2014B
588685,BBB,2014B
589300,BBB,2014B
589333,BBB,2014B
589444,BBB,2014B
589862,BBB,2014B
589997,BBB,2014B
590408,BBB,2014B
590520,BBB,2014B
590798,BBB,2014B
590812,BBB,2014B
590870,BBB,2014B
591309,BBB,2014B
591547,BBB,2014B
591725,BBB,2014B
591743,BBB,2014B
592193,BBB,2014B
592602,BBB,2014B
592725,BBB,2014B
593345,BBB,2014B
593465,BBB,2014B
594061,BBB,2014B
594417,BBB,2014B
594774,BBB,2014B
595047,BBB,2014B
596533,BBB,2014B
596602,BBB,2014B
597321,BBB,2014B
597610,BBB,2014B
597730,BBB,2014B
597882,BBB,2014B
598250,BBB,2014B
598313,BBB,2014B
598415,BBB,2014B
598495,BBB,2014B
598614,BBB,2014B
598624,BBB,2014B
598694,BBB,2014B
598918,BBB,2014B
599132,BBB,2014B
599161,BBB,2014B
599207,BBB,2014B
599382,BBB,2014B
599430,BBB,2014B
599495,BBB,2014B
599769,BBB,2014B
599990,BBB,2014B
600259,BBB,2014B
600407,BBB,2014B
601010,BBB,2014B
601238,BBB,2014B
601316,BBB,2014B
601356,BBB,2014B
601616,BBB,2014B
601862,BBB,2014B
602011,BBB,2014B
602815,BBB,2014B
602898,BBB,2014B
602929,BBB,2014B
602991,BBB,2014B
603061,BBB,2014B
603348,BBB,2014B
603543,BBB,2014B
603762,BBB,2014B
603888,BBB,2014B
604106,BBB,2014B
604267,BBB,2014B
604962,BBB,2014B
605388,BBB,2014B
605474,BBB,2014B
605597,BBB,2014B
605693,BBB,2014B
605771,BBB,2014B
605971,BBB,2014B
605996,BBB,2014B
606075,BBB,2014B
606155,BBB,2014B
606313,BBB,2014B
606501,BBB,2014B
607108,BBB,2014B
607220,BBB,2014B
607339,BBB,2014B
607436,BBB,2014B
607487,BBB,2014B
607529,BBB,2014B
607646,BBB,2014B
607953,BBB,2014B
608060,BBB,2014B
608104,BBB,2014B
608110,BBB,2014B
608164,BBB,2014B
608407,BBB,2014B
608774,BBB,2014B
609422,BBB,2014B
609426,BBB,2014B
610239,BBB,2014B
610340,BBB,2014B
610416,BBB,2014B
610589,BBB,2014B
611233,BBB,2014B
611348,BBB,2014B
611475,BBB,2014B
611649,BBB,2014B
611719,BBB,2014B
611732,BBB,2014B
611816,BBB,2014B
611974,BBB,2014B
611977,BBB,2014B
611979,BBB,2014B
612082,BBB,2014B
612113,BBB,2014B
612120,BBB,2014B
612212,BBB,2014B
612370,BBB,2014B
612395,BBB,2014B
612396,BBB,2014B
612561,BBB,2014B
612600,BBB,2014B
612721,BBB,2014B
612841,BBB,2014B
612919,BBB,2014B
613047,BBB,2014B
613093,BBB,2014B
613162,BBB,2014B
613199,BBB,2014B
613205,BBB,2014B
613299,BBB,2014B
613355,BBB,2014B
613512,BBB,2014B
613559,BBB,2014B
613586,BBB,2014B
613641,BBB,2014B
613703,BBB,2014B
613718,BBB,2014B
613722,BBB,2014B
613743,BBB,2014B
613791,BBB,2014B
613832,BBB,2014B
613856,BBB,2014B
613864,BBB,2014B
613881,BBB,2014B
613896,BBB,2014B
613932,BBB,2014B
613946,BBB,2014B
613983,BBB,2014B
614039,BBB,2014B
614117,BBB,2014B
614130,BBB,2014B
614212,BBB,2014B
614357,BBB,2014B
614403,BBB,2014B
614561,BBB,2014B
614562,BBB,2014B
614583,BBB,2014B
614601,BBB,2014B
614629,BBB,2014B
614668,BBB,2014B
614693,BBB,2014B
614728,BBB,2014B
614732,BBB,2014B
614734,BBB,2014B
614738,BBB,2014B
614742,BBB,2014B
614744,BBB,2014B
614745,BBB,2014B
614813,BBB,2014B
614871,BBB,2014B
614909,BBB,2014B
615018,BBB,2014B
615025,BBB,2014B
615028,BBB,2014B
615090,BBB,2014B
615173,BBB,2014B
615212,BBB,2014B
615259,BBB,2014B
615319,BBB,2014B
615443,BBB,2014B
616332,BBB,2014B
616354,BBB,2014B
616377,BBB,2014B
616414,BBB,2014B
616428,BBB,2014B
616464,BBB,2014B
616511,BBB,2014B
616526,BBB,2014B
616536,BBB,2014B
616670,BBB,2014B
616739,BBB,2014B
616809,BBB,2014B
616848,BBB,2014B
616914,BBB,2014B
616919,BBB,2014B
617012,BBB,2014B
617134,BBB,2014B
617140,BBB,2014B
617146,BBB,2014B
617190,BBB,2014B
617225,BBB,2014B
617287,BBB,2014B
617296,BBB,2014B
617297,BBB,2014B
617525,BBB,2014B
617556,BBB,2014B
617560,BBB,2014B
617717,BBB,2014B
617792,BBB,2014B
617813,BBB,2014B
617843,BBB,2014B
617905,BBB,2014B
617950,BBB,2014B
618054,BBB,2014B
618145,BBB,2014B
618151,BBB,2014B
618197,BBB,2014B
618205,BBB,2014B
618258,BBB,2014B
618265,BBB,2014B
618360,BBB,2014B
618362,BBB,2014B
618534,BBB,2014B
618539,BBB,2014B
618586,BBB,2014B
618631,BBB,2014B
618670,BBB,2014B
618673,BBB,2014B
618710,BBB,2014B
618784,BBB,2014B
618816,BBB,2014B
618858,BBB,2014B
618869,BBB,2014B
618870,BBB,2014B
618882,BBB,2014B
618951,BBB,2014B
618957,BBB,2014B
618965,BBB,2014B
618981,BBB,2014B
619054,BBB,2014B
619161,BBB,2014B
619196,BBB,2014B
619207,BBB,2014B
619265,BBB,2014B
619288,BBB,2014B
619330,BBB,2014B
619471,BBB,2014B
619508,BBB,2014B
619901,BBB,2014B
619980,BBB,2014B
620018,BBB,2014B
620047,BBB,2014B
620072,BBB,2014B
620073,BBB,2014B
620092,BBB,2014B
620126,BBB,2014B
620128,BBB,2014B
620129,BBB,2014B
620175,BBB,2014B
620230,BBB,2014B
620257,BBB,2014B
620283,BBB,2014B
620289,BBB,2014B
620304,BBB,2014B
620354,BBB,2014B
620408,BBB,2014B
620409,BBB,2014B
620486,BBB,2014B
620507,BBB,2014B
620546,BBB,2014B
620573,BBB,2014B
620694,BBB,2014B
620791,BBB,2014B
620865,BBB,2014B
620889,BBB,2014B
620922,BBB,2014B
620923,BBB,2014B
620950,BBB,2014B
621301,BBB,2014B
621303,BBB,2014B
621322,BBB,2014B
621323,BBB,2014B
621369,BBB,2014B
621394,BBB,2014B
621508,BBB,2014B
621607,BBB,2014B
621703,BBB,2014B
621862,BBB,2014B
621885,BBB,2014B
622180,BBB,2014B
622208,BBB,2014B
622217,BBB,2014B
622223,BBB,2014B
622345,BBB,2014B
622466,BBB,2014B
622498,BBB,2014B
622505,BBB,2014B
622538,BBB,2014B
622645,BBB,2014B
622720,BBB,2014B
622766,BBB,2014B
622767,BBB,2014B
622838,BBB,2014B
622925,BBB,2014B
622927,BBB,2014B
622974,BBB,2014B
623001,BBB,2014B
623055,BBB,2014B
623069,BBB,2014B
623104,BBB,2014B
623168,BBB,2014B
623169,BBB,2014B
623177,BBB,2014B
623240,BBB,2014B
623333,BBB,2014B
623392,BBB,2014B
623406,BBB,2014B
623548,BBB,2014B
623651,BBB,2014B
623654,BBB,2014B
623821,BBB,2014B
623857,BBB,2014B
623882,BBB,2014B
623911,BBB,2014B
623914,BBB,2014B
623935,BBB,2014B
624011,BBB,2014B
624046,BBB,2014B
624069,BBB,2014B
624196,BBB,2014B
624202,BBB,2014B
624298,BBB,2014B
624350,BBB,2014B
624406,BBB,2014B
624411,BBB,2014B
624415,BBB,2014B
624427,BBB,2014B
624514,BBB,2014B
624518,BBB,2014B
624544,BBB,2014B
624549,BBB,2014B
624567,BBB,2014B
624572,BBB,2014B
624592,BBB,2014B
624598,BBB,2014B
624604,BBB,2014B
624663,BBB,2014B
624673,BBB,2014B
624674,BBB,2014B
624677,BBB,2014B
624734,BBB,2014B
624738,BBB,2014B
624743,BBB,2014B
624879,BBB,2014B
624950,BBB,2014B
624972,BBB,2014B
624997,BBB,2014B
625021,BBB,2014B
625027,BBB,2014B
625071,BBB,2014B
625087,BBB,2014B
625094,BBB,2014B
625124,BBB,2014B
625173,BBB,2014B
625180,BBB,2014B
625202,BBB,2014B
625214,BBB,2014B
625249,BBB,2014B
625251,BBB,2014B
625295,BBB,2014B
625307,BBB,2014B
625383,BBB,2014B
625390,BBB,2014B
625444,BBB,2014B
625477,BBB,2014B
625478,BBB,2014B
625493,BBB,2014B
625511,BBB,2014B
625514,BBB,2014B
625578,BBB,2014B
625581,BBB,2014B
625619,BBB,2014B
625713,BBB,2014B
625751,BBB,2014B
625768,BBB,2014B
625816,BBB,2014B
625833,BBB,2014B
625834,BBB,2014B
625853,BBB,2014B
625857,BBB,2014B
625879,BBB,2014B
625919,BBB,2014B
626046,BBB,2014B
626126,BBB,2014B
626138,BBB,2014B
626164,BBB,2014B
626245,BBB,2014B
626254,BBB,2014B
626297,BBB,2014B
626330,BBB,2014B
626352,BBB,2014B
626365,BBB,2014B
626386,BBB,2014B
626428,BBB,2014B
626442,BBB,2014B
626460,BBB,2014B
626491,BBB,2014B
626555,BBB,2014B
626597,BBB,2014B
626604,BBB,2014B
626642,BBB,2014B
626746,BBB,2014B
626750,BBB,2014B
626773,BBB,2014B
626806,BBB,2014B
626840,BBB,2014B
626841,BBB,2014B
626843,BBB,2014B
626876,BBB,2014B
626897,BBB,2014B
626917,BBB,2014B
626928,BBB,2014B
626951,BBB,2014B
626966,BBB,2014B
627000,BBB,2014B
627027,BBB,2014B
627115,BBB,2014B
627179,BBB,2014B
627185,BBB,2014B
627228,BBB,2014B
627244,BBB,2014B
627245,BBB,2014B
627252,BBB,2014B
627256,BBB,2014B
627277,BBB,2014B
627285,BBB,2014B
627316,BBB,2014B
627321,BBB,2014B
627380,BBB,2014B
627388,BBB,2014B
627427,BBB,2014B
627509,BBB,2014B
627528,BBB,2014B
627550,BBB,2014B
627613,BBB,2014B
627647,BBB,2014B
627659,BBB,2014B
627680,BBB,2014B
627777,BBB,2014B
627948,BBB,2014B
628006,BBB,2014B
628176,BBB,2014B
628178,BBB,2014B
628180,BBB,2014B
628181,BBB,2014B
628183,BBB,2014B
628287,BBB,2014B
628301,BBB,2014B
628327,BBB,2014B
628328,BBB,2014B
628329,BBB,2014B
628341,BBB,2014B
628360,BBB,2014B
628379,BBB,2014B
628392,BBB,2014B
628402,BBB,2014B
628411,BBB,2014B
628423,BBB,2014B
628442,BBB,2014B
628511,BBB,2014B
628516,BBB,2014B
628525,BBB,2014B
628580,BBB,2014B
628586,BBB,2014B
628635,BBB,2014B
628751,BBB,2014B
628765,BBB,2014B
628827,BBB,2014B
628843,BBB,2014B
628903,BBB,2014B
628941,BBB,2014B
628954,BBB,2014B
628970,BBB,2014B
629026,BBB,2014B
629040,BBB,2014B
629044,BBB,2014B
629060,BBB,2014B
629088,BBB,2014B
629094,BBB,2014B
629103,BBB,2014B
629240,BBB,2014B
629274,BBB,2014B
629340,BBB,2014B
629424,BBB,2014B
629461,BBB,2014B
629462,BBB,2014B
629484,BBB,2014B
629490,BBB,2014B
629504,BBB,2014B
629538,BBB,2014B
629574,BBB,2014B
629619,BBB,2014B
629671,BBB,2014B
629736,BBB,2014B
629835,BBB,2014B
629870,BBB,2014B
629886,BBB,2014B
629891,BBB,2014B
629923,BBB,2014B
629976,BBB,2014B
629983,BBB,2014B
629991,BBB,2014B
630028,BBB,2014B
630029,BBB,2014B
630030,BBB,2014B
630053,BBB,2014B
630090,BBB,2014B
630134,BBB,2014B
630147,BBB,2014B
630182,BBB,2014B
630260,BBB,2014B
630315,BBB,2014B
630333,BBB,2014B
630340,BBB,2014B
630345,BBB,2014B
630372,BBB,2014B
630393,BBB,2014B
630415,BBB,2014B
630451,BBB,2014B
630476,BBB,2014B
630497,BBB,2014B
630549,BBB,2014B
630608,BBB,2014B
630718,BBB,2014B
630736,BBB,2014B
630778,BBB,2014B
630794,BBB,2014B
630833,BBB,2014B
630876,BBB,2014B
630902,BBB,2014B
630920,BBB,2014B
630944,BBB,2014B
630957,BBB,2014B
630999,BBB,2014B
631031,BBB,2014B
631081,BBB,2014B
631082,BBB,2014B
631108,BBB,2014B
631109,BBB,2014B
631132,BBB,2014B
631190,BBB,2014B
631197,BBB,2014B
631225,BBB,2014B
631354,BBB,2014B
631384,BBB,2014B
631422,BBB,2014B
631441,BBB,2014B
631442,BBB,2014B
631444,BBB,2014B
631445,BBB,2014B
631492,BBB,2014B
631515,BBB,2014B
631518,BBB,2014B
631530,BBB,2014B
631561,BBB,2014B
631563,BBB,2014B
631613,BBB,2014B
631650,BBB,2014B
631679,BBB,2014B
631724,BBB,2014B
631766,BBB,2014B
631777,BBB,2014B
631848,BBB,2014B
631941,BBB,2014B
632084,BBB,2014B
632113,BBB,2014B
632148,BBB,2014B
632181,BBB,2014B
632231,BBB,2014B
632254,BBB,2014B
632302,BBB,2014B
632454,BBB,2014B
632503,BBB,2014B
632536,BBB,2014B
632574,BBB,2014B
632578,BBB,2014B
632605,BBB,2014B
632618,BBB,2014B
632658,BBB,2014B
632682,BBB,2014B
632704,BBB,2014B
632712,BBB,2014B
632823,BBB,2014B
632847,BBB,2014B
632869,BBB,2014B
632911,BBB,2014B
633024,BBB,2014B
633052,BBB,2014B
633130,BBB,2014B
633162,BBB,2014B
633193,BBB,2014B
633208,BBB,2014B
633212,BBB,2014B
633228,BBB,2014B
633231,BBB,2014B
633245,BBB,2014B
633257,BBB,2014B
633378,BBB,2014B
633380,BBB,2014B
633386,BBB,2014B
633394,BBB,2014B
633462,BBB,2014B
633472,BBB,2014B
633491,BBB,2014B
633560,BBB,2014B
633570,BBB,2014B
633599,BBB,2014B
633603,BBB,2014B
633613,BBB,2014B
633646,BBB,2014B
633650,BBB,2014B
633669,BBB,2014B
633865,BBB,2014B
633883,BBB,2014B
633890,BBB,2014B
633935,BBB,2014B
634058,BBB,2014B
634075,BBB,2014B
634077,BBB,2014B
634164,BBB,2014B
634188,BBB,2014B
634280,BBB,2014B
634304,BBB,2014B
634353,BBB,2014B
634396,BBB,2014B
634428,BBB,2014B
634472,BBB,2014B
634477,BBB,2014B
634481,BBB,2014B
634486,BBB,2014B
634491,BBB,2014B
634606,BBB,2014B
634615,BBB,2014B
634715,BBB,2014B
634833,BBB,2014B
634876,BBB,2014B
634928,BBB,2014B
634932,BBB,2014B
634976,BBB,2014B
635011,BBB,2014B
635113,BBB,2014B
635122,BBB,2014B
635136,BBB,2014B
635173,BBB,2014B
635228,BBB,2014B
635230,BBB,2014B
635241,BBB,2014B
635244,BBB,2014B
635245,BBB,2014B
635246,BBB,2014B
635247,BBB,2014B
635432,BBB,2014B
635433,BBB,2014B
635473,BBB,2014B
635591,BBB,2014B
635755,BBB,2014B
635761,BBB,2014B
635764,BBB,2014B
635771,BBB,2014B
635773,BBB,2014B
635777,BBB,2014B
637864,BBB,2014B
1341507,BBB,2014B
1393589,BBB,2014B
1406920,BBB,2014B
1453691,BBB,2014B
1502193,BBB,2014B
1508708,BBB,2014B
1525567,BBB,2014B
1536591,BBB,2014B
1540042,BBB,2014B
1559428,BBB,2014B
1560989,BBB,2014B
1588208,BBB,2014B
1624443,BBB,2014B
1625718,BBB,2014B
1626021,BBB,2014B
1633695,BBB,2014B
1719114,BBB,2014B
1730702,BBB,2014B
1732219,BBB,2014B
1759851,BBB,2014B
1780949,BBB,2014B
1782665,BBB,2014B
1863244,BBB,2014B
1864697,BBB,2014B
1866742,BBB,2014B
1932474,BBB,2014B
1933555,BBB,2014B
1934118,BBB,2014B
1955634,BBB,2014B
1967937,BBB,2014B
2006364,BBB,2014B
2022801,BBB,2014B
2034455,BBB,2014B
2052966,BBB,2014B
2080885,BBB,2014B
2081955,BBB,2014B
2087747,BBB,2014B
2094350,BBB,2014B
2104426,BBB,2014B
2108614,BBB,2014B
2148859,BBB,2014B
2153200,BBB,2014B
2164251,BBB,2014B
2181205,BBB,2014B
2213424,BBB,2014B
2221869,BBB,2014B
2230457,BBB,2014B
2243703,BBB,2014B
2246708,BBB,2014B
2248122,BBB,2014B
2271743,BBB,2014B
2273828,BBB,2014B
2291760,BBB,2014B
2300913,BBB,2014B
2303083,BBB,2014B
2308026,BBB,2014B
2308564,BBB,2014B
2315082,BBB,2014B
2317273,BBB,2014B
2334930,BBB,2014B
2343413,BBB,2014B
2351235,BBB,2014B
2353787,BBB,2014B
2363561,BBB,2014B
2372088,BBB,2014B
2392789,BBB,2014B
2409808,BBB,2014B
2410331,BBB,2014B
2417841,BBB,2014B
2418877,BBB,2014B
2420725,BBB,2014B
2421428,BBB,2014B
2436707,BBB,2014B
2437428,BBB,2014B
2438291,BBB,2014B
2439442,BBB,2014B
2440756,BBB,2014B
2446599,BBB,2014B
2476144,BBB,2014B
2482994,BBB,2014B
2487785,BBB,2014B
2494258,BBB,2014B
2502127,BBB,2014B
2509297,BBB,2014B
2512349,BBB,2014B
2513954,BBB,2014B
2523350,BBB,2014B
2523430,BBB,2014B
2523989,BBB,2014B
2524295,BBB,2014B
2526784,BBB,2014B
2532643,BBB,2014B
2538123,BBB,2014B
2539641,BBB,2014B
2541388,BBB,2014B
2552149,BBB,2014B
2554464,BBB,2014B
2567352,BBB,2014B
2568059,BBB,2014B
2570092,BBB,2014B
2571054,BBB,2014B
2574365,BBB,2014B
2575914,BBB,2014B
2590564,BBB,2014B
2591974,BBB,2014B
2592923,BBB,2014B
2597543,BBB,2014B
2602679,BBB,2014B
2609574,BBB,2014B
2611847,BBB,2014B
2625752,BBB,2014B
2626410,BBB,2014B
2632243,BBB,2014B
2636696,BBB,2014B
2641657,BBB,2014B
2641682,BBB,2014B
2652209,BBB,2014B
2653570,BBB,2014B
2659042,BBB,2014B
2677541,BBB,2014B
2681783,BBB,2014B
2683697,BBB,2014B
2687378,BBB,2014B
2687644,BBB,2014B
2690719,BBB,2014B
26315,BBB,2014J
26734,BBB,2014J
32327,BBB,2014J
32930,BBB,2014J
34662,BBB,2014J
38711,BBB,2014J
39208,BBB,2014J
41547,BBB,2014J
57285,BBB,2014J
58520,BBB,2014J
58653,BBB,2014J
59272,BBB,2014J
63467,BBB,2014J
65807,BBB,2014J
70750,BBB,2014J
71504,BBB,2014J
72349,BBB,2014J
73584,BBB,2014J
73874,BBB,2014J
74574,BBB,2014J
82611,BBB,2014J
84541,BBB,2014J
89850,BBB,2014J
98452,BBB,2014J
98842,BBB,2014J
99088,BBB,2014J
102067,BBB,2014J
103496,BBB,2014J
103998,BBB,2014J
106095,BBB,2014J
106793,BBB,2014J
108859,BBB,2014J
109441,BBB,2014J
110911,BBB,2014J
114402,BBB,2014J
116606,BBB,2014J
117544,BBB,2014J
117545,BBB,2014J
118213,BBB,2014J
118877,BBB,2014J
119437,BBB,2014J
123087,BBB,2014J
125535,BBB,2014J
125874,BBB,2014J
126769,BBB,2014J
126800,BBB,2014J
132055,BBB,2014J
132924,BBB,2014J
138407,BBB,2014J
142324,BBB,2014J
145280,BBB,2014J
150398,BBB,2014J
151917,BBB,2014J
152973,BBB,2014J
156358,BBB,2014J
157752,BBB,2014J
160026,BBB,2014J
161811,BBB,2014J
165099,BBB,2014J
169008,BBB,2014J
169400,BBB,2014J
173163,BBB,2014J
177554,BBB,2014J
179073,BBB,2014J
179297,BBB,2014J
184234,BBB,2014J
184583,BBB,2014J
184972,BBB,2014J
188766,BBB,2014J
191459,BBB,2014J
191746,BBB,2014J
191973,BBB,2014J
193310,BBB,2014J
195221,BBB,2014J
195345,BBB,2014J
195940,BBB,2014J
197527,BBB,2014J
201655,BBB,2014J
205978,BBB,2014J
226839,BBB,2014J
228235,BBB,2014J
228909,BBB,2014J
229326,BBB,2014J
237913,BBB,2014J
238144,BBB,2014J
242893,BBB,2014J
245784,BBB,2014J
247457,BBB,2014J
247967,BBB,2014J
249154,BBB,2014J
252863,BBB,2014J
254313,BBB,2014J
254612,BBB,2014J
255957,BBB,2014J
258268,BBB,2014J
258840,BBB,2014J
260137,BBB,2014J
260216,BBB,2014J
260777,BBB,2014J
263448,BBB,2014J
264694,BBB,2014J
264732,BBB,2014J
265466,BBB,2014J
269510,BBB,2014J
270191,BBB,2014J
271047,BBB,2014J
272617,BBB,2014J
275180,BBB,2014J
275296,BBB,2014J
276925,BBB,2014J
277967,BBB,2014J
279238,BBB,2014J
280054,BBB,2014J
280152,BBB,2014J
284246,BBB,2014J
284762,BBB,2014J
285470,BBB,2014J
285992,BBB,2014J
286338,BBB,2014J
288086,BBB,2014J
288655,BBB,2014J
290184,BBB,2014J
293387,BBB,2014J
293989,BBB,2014J
294134,BBB,2014J
297179,BBB,2014J
297685,BBB,2014J
298303,BBB,2014J
298961,BBB,2014J
303165,BBB,2014J
303617,BBB,2014J
305909,BBB,2014J
306478,BBB,2014J
306880,BBB,2014J
308775,BBB,2014J
308850,BBB,2014J
314252,BBB,2014J
314675,BBB,2014J
314801,BBB,2014J
316421,BBB,2014J
322184,BBB,2014J
322574,BBB,2014J
327224,BBB,2014J
327940,BBB,2014J
330917,BBB,2014J
330981,BBB,2014J
335035,BBB,2014J
338554,BBB,2014J
340216,BBB,2014J
340592,BBB,2014J
340899,BBB,2014J
342192,BBB,2014J
343138,BBB,2014J
345128,BBB,2014J
349924,BBB,2014J
350312,BBB,2014J
350797,BBB,2014J
351050,BBB,2014J
358001,BBB,2014J
358204,BBB,2014J
361411,BBB,2014J
363213,BBB,2014J
364527,BBB,2014J
365097,BBB,2014J
365111,BBB,2014J
366479,BBB,2014J
366791,BBB,2014J
368521,BBB,2014J
369234,BBB,2014J
372602,BBB,2014J
373846,BBB,2014J
376117,BBB,2014J
379212,BBB,2014J
379720,BBB,2014J
380515,BBB,2014J
381882,BBB,2014J
384266,BBB,2014J
385341,BBB,2014J
387276,BBB,2014J
387406,BBB,2014J
387773,BBB,2014J
391937,BBB,2014J
393529,BBB,2014J
394314,BBB,2014J
395169,BBB,2014J
395822,BBB,2014J
396016,BBB,2014J
396673,BBB,2014J
398071,BBB,2014J
400549,BBB,2014J
401317,BBB,2014J
402180,BBB,2014J
403213,BBB,2014J
404121,BBB,2014J
404415,BBB,2014J
406000,BBB,2014J
409708,BBB,2014J
411105,BBB,2014J
411150,BBB,2014J
412081,BBB,2014J
412343,BBB,2014J
414663,BBB,2014J
417971,BBB,2014J
417978,BBB,2014J
418077,BBB,2014J
418206,BBB,2014J
418502,BBB,2014J
419924,BBB,2014J
420631,BBB,2014J
423398,BBB,2014J
423613,BBB,2014J
424220,BBB,2014J
424586,BBB,2014J
425314,BBB,2014J
425772,BBB,2014J
426340,BBB,2014J
426624,BBB,2014J
430530,BBB,2014J
433064,BBB,2014J
433939,BBB,2014J
435287,BBB,2014J
437550,BBB,2014J
439677,BBB,2014J
439806,BBB,2014J
440912,BBB,2014J
442685,BBB,2014J
442745,BBB,2014J
444361,BBB,2014J
444545,BBB,2014J
444768,BBB,2014J
445647,BBB,2014J
445774,BBB,2014J
446619,BBB,2014J
447124,BBB,2014J
467396,BBB,2014J
469579,BBB,2014J
473095,BBB,2014J
473271,BBB,2014J
473444,BBB,2014J
474387,BBB,2014J
474408,BBB,2014J
475363,BBB,2014J
476769,BBB,2014J
478412,BBB,2014J
480988,BBB,2014J
481593,BBB,2014J
481790,BBB,2014J
483315,BBB,2014J
483508,BBB,2014J
484158,BBB,2014J
484252,BBB,2014J
484443,BBB,2014J
484550,BBB,2014J
485853,BBB,2014J
486516,BBB,2014J
488242,BBB,2014J
488854,BBB,2014J
490648,BBB,2014J
492579,BBB,2014J
492592,BBB,2014J
492676,BBB,2014J
493443,BBB,2014J
493460,BBB,2014J
493609,BBB,2014J
493763,BBB,2014J
495239,BBB,2014J
495522,BBB,2014J
496381,BBB,2014J
497074,BBB,2014J
497084,BBB,2014J
498841,BBB,2014J
499819,BBB,2014J
500502,BBB,2014J
501414,BBB,2014J
503159,BBB,2014J
503663,BBB,2014J
504066,BBB,2014J
504597,BBB,2014J
505595,BBB,2014J
505692,BBB,2014J
505871,BBB,2014J
506020,BBB,2014J
506679,BBB,2014J
507014,BBB,2014J
507149,BBB,2014J
507386,BBB,2014J
507783,BBB,2014J
508431,BBB,2014J
509466,BBB,2014J
509578,BBB,2014J
509935,BBB,2014J
510068,BBB,2014J
510471,BBB,2014J
511001,BBB,2014J
511295,BBB,2014J
511962,BBB,2014J
512493,BBB,2014J
513250,BBB,2014J
513751,BBB,2014J
514006,BBB,2014J
514581,BBB,2014J
515329,BBB,2014J
515349,BBB,2014J
516434,BBB,2014J
516588,BBB,2014J
517112,BBB,2014J
518389,BBB,2014J
519995,BBB,2014J
520024,BBB,2014J
520972,BBB,2014J
521081,BBB,2014J
521164,BBB,2014J
522189,BBB,2014J
522381,BBB,2014J
522784,BBB,2014J
523132,BBB,2014J
523905,BBB,2014J
526789,BBB,2014J
526844,BBB,2014J
527102,BBB,2014J
527742,BBB,2014J
528702,BBB,2014J
530021,BBB,2014J
530772,BBB,2014J
530941,BBB,2014J
530960,BBB,2014J
531450,BBB,2014J
531753,BBB,2014J
531865,BBB,2014J
532794,BBB,2014J
533209,BBB,2014J
534428,BBB,2014J
534588,BBB,2014J
534715,BBB,2014J
534884,BBB,2014J
535963,BBB,2014J
536767,BBB,2014J
537221,BBB,2014J
537640,BBB,2014J
539635,BBB,2014J
539657,BBB,2014J
541123,BBB,2014J
541171,BBB,2014J
541315,BBB,2014J
541476,BBB,2014J
541995,BBB,2014J
542164,BBB,2014J
543439,BBB,2014J
544177,BBB,2014J
545964,BBB,2014J
546114,BBB,2014J
546250,BBB,2014J
547408,BBB,2014J
547788,BBB,2014J
549288,BBB,2014J
549775,BBB,2014J
550081,BBB,2014J
551000,BBB,2014J
551237,BBB,2014J
551242,BBB,2014J
551922,BBB,2014J
552698,BBB,2014J
553196,BBB,2014J
554048,BBB,2014J
554243,BBB,2014J
554599,BBB,2014J
555749,BBB,2014J
556290,BBB,2014J
556644,BBB,2014J
557085,BBB,2014J
559685,BBB,2014J
559973,BBB,2014J
560089,BBB,2014J
560208,BBB,2014J
560597,BBB,2014J
560652,BBB,2014J
561608,BBB,2014J
561618,BBB,2014J
561752,BBB,2014J
561773,BBB,2014J
561798,BBB,2014J
561979,BBB,2014J
562769,BBB,2014J
563820,BBB,2014J
564115,BBB,2014J
565182,BBB,2014J
565576,BBB,2014J
568019,BBB,2014J
568749,BBB,2014J
569157,BBB,2014J
569256,BBB,2014J
569981,BBB,2014J
570275,BBB,2014J
570692,BBB,2014J
571334,BBB,2014J
571395,BBB,2014J
571641,BBB,2014J
571868,BBB,2014J
572032,BBB,2014J
572101,BBB,2014J
572106,BBB,2014J
572119,BBB,2014J
572306,BBB,2014J
572371,BBB,2014J
572395,BBB,2014J
572496,BBB,2014J
572538,BBB,2014J
573130,BBB,2014J
573131,BBB,2014J
573159,BBB,2014J
573252,BBB,2014J
573297,BBB,2014J
573534,BBB,2014J
573873,BBB,2014J
573934,BBB,2014J
574063,BBB,2014J
574244,BBB,2014J
574253,BBB,2014J
574306,BBB,2014J
574841,BBB,2014J
574849,BBB,2014J
574865,BBB,2014J
575404,BBB,2014J
575630,BBB,2014J
576203,BBB,2014J
576262,BBB,2014J
576268,BBB,2014J
576445,BBB,2014J
576689,BBB,2014J
576913,BBB,2014J
577354,BBB,2014J
577467,BBB,2014J
577618,BBB,2014J
577728,BBB,2014J
577743,BBB,2014J
577934,BBB,2014J
577965,BBB,2014J
578132,BBB,2014J
578418,BBB,2014J
578439,BBB,2014J
578445,BBB,2014J
578551,BBB,2014J
578861,BBB,2014J
579031,BBB,2014J
579201,BBB,2014J
579251,BBB,2014J
579409,BBB,2014J
579486,BBB,2014J
581016,BBB,2014J
581235,BBB,2014J
581672,BBB,2014J
581866,BBB,2014J
581877,BBB,2014J
582253,BBB,2014J
582348,BBB,2014J
582460,BBB,2014J
582709,BBB,2014J
582816,BBB,2014J
582898,BBB,2014J
582933,BBB,2014J
582964,BBB,2014J
583179,BBB,2014J
583775,BBB,2014J
583843,BBB,2014J
583954,BBB,2014J
584274,BBB,2014J
584283,BBB,2014J
584509,BBB,2014J
584539,BBB,2014J
584595,BBB,2014J
584664,BBB,2014J
584733,BBB,2014J
584864,BBB,2014J
585762,BBB,2014J
586036,BBB,2014J
586134,BBB,2014J
586142,BBB,2014J
586180,BBB,2014J
586398,BBB,2014J
586516,BBB,2014J
586561,BBB,2014J
586652,BBB,2014J
586818,BBB,2014J
587037,BBB,2014J
587054,BBB,2014J
587434,BBB,2014J
587459,BBB,2014J
587860,BBB,2014J
588062,BBB,2014J
588166,BBB,2014J
588207,BBB,2014J
588251,BBB,2014J
588991,BBB,2014J
589133,BBB,2014J
589554,BBB,2014J
589621,BBB,2014J
589935,BBB,2014J
589968,BBB,2014J
590086,BBB,2014J
590122,BBB,2014J
590444,BBB,2014J
590593,BBB,2014J
590668,BBB,2014J
590764,BBB,2014J
590854,BBB,2014J
590867,BBB,2014J
591159,BBB,2014J
591986,BBB,2014J
591999,BBB,2014J
592090,BBB,2014J
592135,BBB,2014J
592139,BBB,2014J
592262,BBB,2014J
592733,BBB,2014J
592815,BBB,2014J
593000,BBB,2014J
593346,BBB,2014J
593476,BBB,2014J
593583,BBB,2014J
593819,BBB,2014J
594083,BBB,2014J
594282,BBB,2014J
594872,BBB,2014J
595137,BBB,2014J
595421,BBB,2014J
595850,BBB,2014J
595892,BBB,2014J
596072,BBB,2014J
596128,BBB,2014J
596151,BBB,2014J
596496,BBB,2014J
596513,BBB,2014J
596744,BBB,2014J
596988,BBB,2014J
597532,BBB,2014J
597539,BBB,2014J
597853,BBB,2014J
598035,BBB,2014J
598201,BBB,2014J
598282,BBB,2014J
598313,BBB,2014J
598317,BBB,2014J
598395,BBB,2014J
598581,BBB,2014J
598769,BBB,2014J
598837,BBB,2014J
599108,BBB,2014J
599232,BBB,2014J
599323,BBB,2014J
599355,BBB,2014J
599644,BBB,2014J
600404,BBB,2014J
600415,BBB,2014J
600658,BBB,2014J
600664,BBB,2014J
601247,BBB,2014J
601285,BBB,2014J
601316,BBB,2014J
601706,BBB,2014J
601874,BBB,2014J
601882,BBB,2014J
601983,BBB,2014J
602448,BBB,2014J
602471,BBB,2014J
602570,BBB,2014J
602666,BBB,2014J
602696,BBB,2014J
602779,BBB,2014J
602865,BBB,2014J
602943,BBB,2014J
603113,BBB,2014J
603121,BBB,2014J
603203,BBB,2014J
603580,BBB,2014J
603746,BBB,2014J
604725,BBB,2014J
604950,BBB,2014J
604990,BBB,2014J
605068,BBB,2014J
605089,BBB,2014J
605186,BBB,2014J
605383,BBB,2014J
605770,BBB,2014J
605771,BBB,2014J
606004,BBB,2014J
606027,BBB,2014J
606105,BBB,2014J
606391,BBB,2014J
606442,BBB,2014J
606517,BBB,2014J
606531,BBB,2014J
606535,BBB,2014J
606586,BBB,2014J
606861,BBB,2014J
606914,BBB,2014J
607062,BBB,2014J
607176,BBB,2014J
607603,BBB,2014J
607923,BBB,2014J
608068,BBB,2014J
608319,BBB,2014J
608448,BBB,2014J
608851,BBB,2014J
609194,BBB,2014J
609203,BBB,2014J
609403,BBB,2014J
609927,BBB,2014J
610385,BBB,2014J
610437,BBB,2014J
610470,BBB,2014J
610545,BBB,2014J
611241,BBB,2014J
611268,BBB,2014J
611275,BBB,2014J
611329,BBB,2014J
611821,BBB,2014J
612135,BBB,2014J
612230,BBB,2014J
612247,BBB,2014J
612473,BBB,2014J
612566,BBB,2014J
612750,BBB,2014J
613380,BBB,2014J
613909,BBB,2014J
614405,BBB,2014J
615016,BBB,2014J
615165,BBB,2014J
616660,BBB,2014J
617297,BBB,2014J
617521,BBB,2014J
617525,BBB,2014J
617671,BBB,2014J
617804,BBB,2014J
617811,BBB,2014J
618197,BBB,2014J
618589,BBB,2014J
618734,BBB,2014J
618858,BBB,2014J
618960,BBB,2014J
618983,BBB,2014J
618994,BBB,2014J
619052,BBB,2014J
619935,BBB,2014J
620000,BBB,2014J
620115,BBB,2014J
620135,BBB,2014J
620550,BBB,2014J
620655,BBB,2014J
621487,BBB,2014J
621826,BBB,2014J
621856,BBB,2014J
621899,BBB,2014J
621935,BBB,2014J
622007,BBB,2014J
622117,BBB,2014J
622313,BBB,2014J
622573,BBB,2014J
622722,BBB,2014J
623042,BBB,2014J
623097,BBB,2014J
623376,BBB,2014J
623441,BBB,2014J
623519,BBB,2014J
624342,BBB,2014J
624709,BBB,2014J
624795,BBB,2014J
625666,BBB,2014J
625826,BBB,2014J
626075,BBB,2014J
626139,BBB,2014J
626159,BBB,2014J
626210,BBB,2014J
626597,BBB,2014J
626646,BBB,2014J
626660,BBB,2014J
626740,BBB,2014J
626835,BBB,2014J
627119,BBB,2014J
627269,BBB,2014J
627563,BBB,2014J
627660,BBB,2014J
628388,BBB,2014J
628435,BBB,2014J
628656,BBB,2014J
628679,BBB,2014J
628819,BBB,2014J
629053,BBB,2014J
629127,BBB,2014J
629245,BBB,2014J
629553,BBB,2014J
630274,BBB,2014J
630343,BBB,2014J
630404,BBB,2014J
630597,BBB,2014J
630697,BBB,2014J
630716,BBB,2014J
630773,BBB,2014J
630834,BBB,2014J
631230,BBB,2014J
631266,BBB,2014J
631416,BBB,2014J
631561,BBB,2014J
631640,BBB,2014J
631775,BBB,2014J
631954,BBB,2014J
632144,BBB,2014J
632255,BBB,2014J
632281,BBB,2014J
632431,BBB,2014J
632473,BBB,2014J
632605,BBB,2014J
632632,BBB,2014J
632722,BBB,2014J
632955,BBB,2014J
633016,BBB,2014J
633206,BBB,2014J
634247,BBB,2014J
634636,BBB,2014J
634772,BBB,2014J
635328,BBB,2014J
635425,BBB,2014J
635452,BBB,2014J
635561,BBB,2014J
635716,BBB,2014J
635777,BBB,2014J
635890,BBB,2014J
635921,BBB,2014J
635924,BBB,2014J
636660,BBB,2014J
636807,BBB,2014J
636953,BBB,2014J
637003,BBB,2014J
637238,BBB,2014J
637279,BBB,2014J
637295,BBB,2014J
637348,BBB,2014J
637370,BBB,2014J
637382,BBB,2014J
637414,BBB,2014J
637586,BBB,2014J
637715,BBB,2014J
637815,BBB,2014J
637867,BBB,2014J
637903,BBB,2014J
638036,BBB,2014J
638417,BBB,2014J
638516,BBB,2014J
638544,BBB,2014J
638575,BBB,2014J
638756,BBB,2014J
638997,BBB,2014J
639659,BBB,2014J
639663,BBB,2014J
639724,BBB,2014J
640225,BBB,2014J
640289,BBB,2014J
640291,BBB,2014J
640330,BBB,2014J
640425,BBB,2014J
640455,BBB,2014J
640501,BBB,2014J
640701,BBB,2014J
640706,BBB,2014J
640712,BBB,2014J
640753,BBB,2014J
641045,BBB,2014J
641262,BBB,2014J
641329,BBB,2014J
641540,BBB,2014J
641795,BBB,2014J
641992,BBB,2014J
642067,BBB,2014J
642075,BBB,2014J
642083,BBB,2014J
642122,BBB,2014J
642201,BBB,2014J
642250,BBB,2014J
642292,BBB,2014J
642405,BBB,2014J
642413,BBB,2014J
642439,BBB,2014J
642550,BBB,2014J
642595,BBB,2014J
642600,BBB,2014J
642633,BBB,2014J
642698,BBB,2014J
642802,BBB,2014J
642834,BBB,2014J
642836,BBB,2014J
642988,BBB,2014J
643172,BBB,2014J
643208,BBB,2014J
643321,BBB,2014J
643354,BBB,2014J
643587,BBB,2014J
643608,BBB,2014J
643953,BBB,2014J
643986,BBB,2014J
644069,BBB,2014J
644101,BBB,2014J
644164,BBB,2014J
644172,BBB,2014J
644362,BBB,2014J
644482,BBB,2014J
644599,BBB,2014J
644822,BBB,2014J
644863,BBB,2014J
644975,BBB,2014J
644993,BBB,2014J
645042,BBB,2014J
645047,BBB,2014J
645052,BBB,2014J
645098,BBB,2014J
645183,BBB,2014J
645248,BBB,2014J
645256,BBB,2014J
645359,BBB,2014J
645370,BBB,2014J
645510,BBB,2014J
645639,BBB,2014J
645678,BBB,2014J
645753,BBB,2014J
645950,BBB,2014J
646004,BBB,2014J
646063,BBB,2014J
646075,BBB,2014J
646119,BBB,2014J
646133,BBB,2014J
646151,BBB,2014J
646178,BBB,2014J
646352,BBB,2014J
646415,BBB,2014J
646418,BBB,2014J
646445,BBB,2014J
646455,BBB,2014J
646484,BBB,2014J
646579,BBB,2014J
646618,BBB,2014J
646659,BBB,2014J
646691,BBB,2014J
646770,BBB,2014J
646776,BBB,2014J
646781,BBB,2014J
646798,BBB,2014J
646844,BBB,2014J
646852,BBB,2014J
646901,BBB,2014J
646906,BBB,2014J
647056,BBB,2014J
647126,BBB,2014J
647346,BBB,2014J
647385,BBB,2014J
647393,BBB,2014J
647553,BBB,2014J
647711,BBB,2014J
647764,BBB,2014J
647774,BBB,2014J
647807,BBB,2014J
647864,BBB,2014J
647876,BBB,2014J
647883,BBB,2014J
647940,BBB,2014J
647982,BBB,2014J
647993,BBB,2014J
647999,BBB,2014J
648063,BBB,2014J
648082,BBB,2014J
648119,BBB,2014J
648131,BBB,2014J
648135,BBB,2014J
648182,BBB,2014J
648194,BBB,2014J
648203,BBB,2014J
648238,BBB,2014J
648247,BBB,2014J
648262,BBB,2014J
648311,BBB,2014J
648317,BBB,2014J
648335,BBB,2014J
648386,BBB,2014J
648416,BBB,2014J
648449,BBB,2014J
648476,BBB,2014J
648487,BBB,2014J
648519,BBB,2014J
648549,BBB,2014J
648553,BBB,2014J
648556,BBB,2014J
648585,BBB,2014J
648589,BBB,2014J
648596,BBB,2014J
648676,BBB,2014J
648709,BBB,2014J
648713,BBB,2014J
648751,BBB,2014J
648754,BBB,2014J
648760,BBB,2014J
648778,BBB,2014J
648807,BBB,2014J
648820,BBB,2014J
648845,BBB,2014J
648951,BBB,2014J
648961,BBB,2014J
648985,BBB,2014J
649000,BBB,2014J
649018,BBB,2014J
649025,BBB,2014J
649026,BBB,2014J
649027,BBB,2014J
649110,BBB,2014J
649119,BBB,2014J
649189,BBB,2014J
649221,BBB,2014J
649231,BBB,2014J
649278,BBB,2014J
649291,BBB,2014J
649351,BBB,2014J
649444,BBB,2014J
649518,BBB,2014J
649542,BBB,2014J
649621,BBB,2014J
649638,BBB,2014J
649654,BBB,2014J
649686,BBB,2014J
649692,BBB,2014J
649749,BBB,2014J
649795,BBB,2014J
649824,BBB,2014J
649905,BBB,2014J
649962,BBB,2014J
649980,BBB,2014J
650050,BBB,2014J
650090,BBB,2014J
650114,BBB,2014J
650121,BBB,2014J
650161,BBB,2014J
650181,BBB,2014J
650247,BBB,2014J
650269,BBB,2014J
650354,BBB,2014J
650357,BBB,2014J
650371,BBB,2014J
650433,BBB,2014J
650451,BBB,2014J
650517,BBB,2014J
650531,BBB,2014J
650548,BBB,2014J
650565,BBB,2014J
650676,BBB,2014J
650746,BBB,2014J
650797,BBB,2014J
650953,BBB,2014J
650958,BBB,2014J
650964,BBB,2014J
651004,BBB,2014J
651027,BBB,2014J
651030,BBB,2014J
651065,BBB,2014J
651087,BBB,2014J
651089,BBB,2014J
651148,BBB,2014J
651209,BBB,2014J
651257,BBB,2014J
651278,BBB,2014J
651324,BBB,2014J
651359,BBB,2014J
651429,BBB,2014J
651520,BBB,2014J
651544,BBB,2014J
651609,BBB,2014J
651610,BBB,2014J
651655,BBB,2014J
651659,BBB,2014J
651678,BBB,2014J
651775,BBB,2014J
651778,BBB,2014J
651798,BBB,2014J
651801,BBB,2014J
651863,BBB,2014J
651883,BBB,2014J
651939,BBB,2014J
651974,BBB,2014J
651979,BBB,2014J
651991,BBB,2014J
652006,BBB,2014J
652044,BBB,2014J
652090,BBB,2014J
652105,BBB,2014J
652114,BBB,2014J
652130,BBB,2014J
652149,BBB,2014J
652156,BBB,2014J
652158,BBB,2014J
652226,BBB,2014J
652288,BBB,2014J
652315,BBB,2014J
652366,BBB,2014J
652533,BBB,2014J
652556,BBB,2014J
652558,BBB,2014J
652572,BBB,2014J
652584,BBB,2014J
652585,BBB,2014J
652586,BBB,2014J
652605,BBB,2014J
652731,BBB,2014J
652744,BBB,2014J
652754,BBB,2014J
652803,BBB,2014J
652818,BBB,2014J
652851,BBB,2014J
652886,BBB,2014J
652906,BBB,2014J
652933,BBB,2014J
653027,BBB,2014J
653034,BBB,2014J
653059,BBB,2014J
653068,BBB,2014J
653188,BBB,2014J
653193,BBB,2014J
653240,BBB,2014J
653244,BBB,2014J
653262,BBB,2014J
653384,BBB,2014J
653541,BBB,2014J
653551,BBB,2014J
653577,BBB,2014J
653597,BBB,2014J
653633,BBB,2014J
653730,BBB,2014J
653752,BBB,2014J
653762,BBB,2014J
653826,BBB,2014J
653840,BBB,2014J
653870,BBB,2014J
653944,BBB,2014J
653951,BBB,2014J
653952,BBB,2014J
653958,BBB,2014J
654043,BBB,2014J
654071,BBB,2014J
654206,BBB,2014J
654256,BBB,2014J
654259,BBB,2014J
654265,BBB,2014J
654392,BBB,2014J
654404,BBB,2014J
654415,BBB,2014J
654422,BBB,2014J
654524,BBB,2014J
654545,BBB,2014J
654585,BBB,2014J
654639,BBB,2014J
654657,BBB,2014J
654678,BBB,2014J
654796,BBB,2014J
654913,BBB,2014J
654923,BBB,2014J
654958,BBB,2014J
655084,BBB,2014J
655086,BBB,2014J
655224,BBB,2014J
655230,BBB,2014J
655342,BBB,2014J
655414,BBB,2014J
655460,BBB,2014J
655546,BBB,2014J
655547,BBB,2014J
655572,BBB,2014J
655605,BBB,2014J
655829,BBB,2014J
655878,BBB,2014J
655992,BBB,2014J
656089,BBB,2014J
656112,BBB,2014J
656122,BBB,2014J
656129,BBB,2014J
656181,BBB,2014J
656187,BBB,2014J
656196,BBB,2014J
656197,BBB,2014J
656200,BBB,2014J
656204,BBB,2014J
656208,BBB,2014J
656217,BBB,2014J
656227,BBB,2014J
656276,BBB,2014J
656352,BBB,2014J
656373,BBB,2014J
656412,BBB,2014J
656453,BBB,2014J
656472,BBB,2014J
656475,BBB,2014J
656494,BBB,2014J
656522,BBB,2014J
656540,BBB,2014J
656549,BBB,2014J
656566,BBB,2014J
656576,BBB,2014J
656681,BBB,2014J
656698,BBB,2014J
656711,BBB,2014J
656755,BBB,2014J
656784,BBB,2014J
656873,BBB,2014J
657032,BBB,2014J
657099,BBB,2014J
674201,BBB,2014J
674214,BBB,2014J
674276,BBB,2014J
674290,BBB,2014J
674319,BBB,2014J
674322,BBB,2014J
674323,BBB,2014J
674349,BBB,2014J
674501,BBB,2014J
674502,BBB,2014J
674548,BBB,2014J
674576,BBB,2014J
674605,BBB,2014J
674643,BBB,2014J
674746,BBB,2014J
674748,BBB,2014J
674758,BBB,2014J
674777,BBB,2014J
674784,BBB,2014J
674922,BBB,2014J
675042,BBB,2014J
675047,BBB,2014J
675059,BBB,2014J
675085,BBB,2014J
675094,BBB,2014J
675159,BBB,2014J
675161,BBB,2014J
675165,BBB,2014J
675178,BBB,2014J
675223,BBB,2014J
675231,BBB,2014J
675576,BBB,2014J
675627,BBB,2014J
675671,BBB,2014J
675673,BBB,2014J
675728,BBB,2014J
675807,BBB,2014J
675922,BBB,2014J
675929,BBB,2014J
676011,BBB,2014J
676093,BBB,2014J
676151,BBB,2014J
676169,BBB,2014J
676258,BBB,2014J
676322,BBB,2014J
676350,BBB,2014J
676401,BBB,2014J
676428,BBB,2014J
676604,BBB,2014J
676633,BBB,2014J
676705,BBB,2014J
676785,BBB,2014J
676898,BBB,2014J
676962,BBB,2014J
676973,BBB,2014J
677004,BBB,2014J
677039,BBB,2014J
677201,BBB,2014J
677203,BBB,2014J
677230,BBB,2014J
677338,BBB,2014J
677411,BBB,2014J
677462,BBB,2014J
677498,BBB,2014J
677630,BBB,2014J
677706,BBB,2014J
677744,BBB,2014J
677864,BBB,2014J
677877,BBB,2014J
677879,BBB,2014J
677892,BBB,2014J
677922,BBB,2014J
677950,BBB,2014J
677997,BBB,2014J
678016,BBB,2014J
678025,BBB,2014J
678057,BBB,2014J
678080,BBB,2014J
678085,BBB,2014J
678105,BBB,2014J
678109,BBB,2014J
678110,BBB,2014J
678144,BBB,2014J
678213,BBB,2014J
678244,BBB,2014J
678246,BBB,2014J
678278,BBB,2014J
678314,BBB,2014J
678327,BBB,2014J
678328,BBB,2014J
678367,BBB,2014J
678373,BBB,2014J
678398,BBB,2014J
678444,BBB,2014J
678550,BBB,2014J
678578,BBB,2014J
678585,BBB,2014J
678680,BBB,2014J
678688,BBB,2014J
678702,BBB,2014J
678770,BBB,2014J
678801,BBB,2014J
678815,BBB,2014J
678906,BBB,2014J
678953,BBB,2014J
678955,BBB,2014J
678975,BBB,2014J
678995,BBB,2014J
679057,BBB,2014J
679059,BBB,2014J
679174,BBB,2014J
679218,BBB,2014J
679232,BBB,2014J
679439,BBB,2014J
679457,BBB,2014J
679559,BBB,2014J
679675,BBB,2014J
679716,BBB,2014J
679724,BBB,2014J
679747,BBB,2014J
679828,BBB,2014J
679918,BBB,2014J
679967,BBB,2014J
679971,BBB,2014J
680009,BBB,2014J
680110,BBB,2014J
680146,BBB,2014J
680162,BBB,2014J
680219,BBB,2014J
680290,BBB,2014J
680453,BBB,2014J
680471,BBB,2014J
680522,BBB,2014J
680530,BBB,2014J
680541,BBB,2014J
680545,BBB,2014J
680559,BBB,2014J
680560,BBB,2014J
680591,BBB,2014J
680723,BBB,2014J
680732,BBB,2014J
680798,BBB,2014J
680816,BBB,2014J
680862,BBB,2014J
680878,BBB,2014J
680918,BBB,2014J
680926,BBB,2014J
680959,BBB,2014J
680970,BBB,2014J
680991,BBB,2014J
681016,BBB,2014J
681089,BBB,2014J
681150,BBB,2014J
681166,BBB,2014J
681222,BBB,2014J
681289,BBB,2014J
681566,BBB,2014J
681581,BBB,2014J
681710,BBB,2014J
681716,BBB,2014J
681752,BBB,2014J
681798,BBB,2014J
681961,BBB,2014J
681964,BBB,2014J
681971,BBB,2014J
681984,BBB,2014J
682051,BBB,2014J
682058,BBB,2014J
682163,BBB,2014J
682223,BBB,2014J
682289,BBB,2014J
682343,BBB,2014J
682364,BBB,2014J
682366,BBB,2014J
682375,BBB,2014J
682480,BBB,2014J
682483,BBB,2014J
682538,BBB,2014J
682627,BBB,2014J
682728,BBB,2014J
682731,BBB,2014J
682887,BBB,2014J
682913,BBB,2014J
683002,BBB,2014J
683054,BBB,2014J
683120,BBB,2014J
683140,BBB,2014J
683145,BBB,2014J
683164,BBB,2014J
683202,BBB,2014J
683275,BBB,2014J
683315,BBB,2014J
683420,BBB,2014J
683465,BBB,2014J
683536,BBB,2014J
683548,BBB,2014J
683592,BBB,2014J
683618,BBB,2014J
683630,BBB,2014J
683664,BBB,2014J
683705,BBB,2014J
683742,BBB,2014J
683768,BBB,2014J
683783,BBB,2014J
683792,BBB,2014J
683802,BBB,2014J
683838,BBB,2014J
683935,BBB,2014J
683947,BBB,2014J
683987,BBB,2014J
684072,BBB,2014J
684184,BBB,2014J
684250,BBB,2014J
684273,BBB,2014J
684319,BBB,2014J
684329,BBB,2014J
684459,BBB,2014J
684467,BBB,2014J
684607,BBB,2014J
684641,BBB,2014J
684681,BBB,2014J
684687,BBB,2014J
684736,BBB,2014J
684833,BBB,2014J
684890,BBB,2014J
684931,BBB,2014J
685000,BBB,2014J
685201,BBB,2014J
685228,BBB,2014J
685257,BBB,2014J
685318,BBB,2014J
685391,BBB,2014J
685453,BBB,2014J
685506,BBB,2014J
685592,BBB,2014J
685599,BBB,2014J
685602,BBB,2014J
685653,BBB,2014J
685702,BBB,2014J
685740,BBB,2014J
685812,BBB,2014J
685830,BBB,2014J
685841,BBB,2014J
685861,BBB,2014J
685900,BBB,2014J
686074,BBB,2014J
686093,BBB,2014J
686128,BBB,2014J
686182,BBB,2014J
686191,BBB,2014J
686200,BBB,2014J
686201,BBB,2014J
686266,BBB,2014J
686286,BBB,2014J
686378,BBB,2014J
686402,BBB,2014J
686530,BBB,2014J
686596,BBB,2014J
686633,BBB,2014J
686667,BBB,2014J
686688,BBB,2014J
686703,BBB,2014J
686725,BBB,2014J
686752,BBB,2014J
686791,BBB,2014J
686837,BBB,2014J
686940,BBB,2014J
686953,BBB,2014J
687004,BBB,2014J
687030,BBB,2014J
687037,BBB,2014J
687060,BBB,2014J
687105,BBB,2014J
687122,BBB,2014J
687157,BBB,2014J
687173,BBB,2014J
687185,BBB,2014J
687217,BBB,2014J
687301,BBB,2014J
687326,BBB,2014J
687369,BBB,2014J
687378,BBB,2014J
687402,BBB,2014J
687404,BBB,2014J
687406,BBB,2014J
687421,BBB,2014J
687444,BBB,2014J
687566,BBB,2014J
687575,BBB,2014J
687978,BBB,2014J
688011,BBB,2014J
688106,BBB,2014J
688135,BBB,2014J
688144,BBB,2014J
688167,BBB,2014J
688301,BBB,2014J
688398,BBB,2014J
688513,BBB,2014J
688519,BBB,2014J
688522,BBB,2014J
688545,BBB,2014J
688599,BBB,2014J
688638,BBB,2014J
688927,BBB,2014J
688954,BBB,2014J
689069,BBB,2014J
689094,BBB,2014J
689095,BBB,2014J
689097,BBB,2014J
689107,BBB,2014J
689112,BBB,2014J
689113,BBB,2014J
689129,BBB,2014J
689132,BBB,2014J
689139,BBB,2014J
689141,BBB,2014J
689147,BBB,2014J
689148,BBB,2014J
689173,BBB,2014J
689178,BBB,2014J
689185,BBB,2014J
689187,BBB,2014J
689228,BBB,2014J
689267,BBB,2014J
689274,BBB,2014J
689287,BBB,2014J
689329,BBB,2014J
689333,BBB,2014J
689350,BBB,2014J
689406,BBB,2014J
689478,BBB,2014J
689487,BBB,2014J
689493,BBB,2014J
689563,BBB,2014J
689628,BBB,2014J
689662,BBB,2014J
689665,BBB,2014J
689768,BBB,2014J
689775,BBB,2014J
689778,BBB,2014J
689808,BBB,2014J
689828,BBB,2014J
689896,BBB,2014J
689925,BBB,2014J
689936,BBB,2014J
689952,BBB,2014J
690089,BBB,2014J
690102,BBB,2014J
690116,BBB,2014J
690211,BBB,2014J
690235,BBB,2014J
690329,BBB,2014J
690359,BBB,2014J
690366,BBB,2014J
690384,BBB,2014J
690469,BBB,2014J
690548,BBB,2014J
690766,BBB,2014J
690825,BBB,2014J
690902,BBB,2014J
690940,BBB,2014J
690967,BBB,2014J
691006,BBB,2014J
691026,BBB,2014J
691094,BBB,2014J
691106,BBB,2014J
691122,BBB,2014J
691272,BBB,2014J
691286,BBB,2014J
691312,BBB,2014J
691343,BBB,2014J
691353,BBB,2014J
691411,BBB,2014J
691509,BBB,2014J
691663,BBB,2014J
691683,BBB,2014J
691717,BBB,2014J
691815,BBB,2014J
691835,BBB,2014J
691851,BBB,2014J
691856,BBB,2014J
691907,BBB,2014J
691997,BBB,2014J
692175,BBB,2014J
692181,BBB,2014J
692196,BBB,2014J
692215,BBB,2014J
692355,BBB,2014J
692384,BBB,2014J
692392,BBB,2014J
692473,BBB,2014J
692474,BBB,2014J
692482,BBB,2014J
692484,BBB,2014J
692496,BBB,2014J
692502,BBB,2014J
692515,BBB,2014J
692518,BBB,2014J
692521,BBB,2014J
692525,BBB,2014J
692528,BBB,2014J
692532,BBB,2014J
692537,BBB,2014J
692540,BBB,2014J
692542,BBB,2014J
692544,BBB,2014J
692547,BBB,2014J
692553,BBB,2014J
692572,BBB,2014J
692609,BBB,2014J
692647,BBB,2014J
692805,BBB,2014J
692827,BBB,2014J
692855,BBB,2014J
692871,BBB,2014J
692897,BBB,2014J
692907,BBB,2014J
692908,BBB,2014J
692914,BBB,2014J
692918,BBB,2014J
692920,BBB,2014J
692936,BBB,2014J
692943,BBB,2014J
692961,BBB,2014J
693091,BBB,2014J
693098,BBB,2014J
693116,BBB,2014J
693127,BBB,2014J
693213,BBB,2014J
693230,BBB,2014J
693269,BBB,2014J
693333,BBB,2014J
693352,BBB,2014J
693380,BBB,2014J
693514,BBB,2014J
693615,BBB,2014J
693620,BBB,2014J
693635,BBB,2014J
693643,BBB,2014J
693682,BBB,2014J
693692,BBB,2014J
693709,BBB,2014J
693744,BBB,2014J
693752,BBB,2014J
693793,BBB,2014J
693871,BBB,2014J
693899,BBB,2014J
693983,BBB,2014J
694001,BBB,2014J
694078,BBB,2014J
694155,BBB,2014J
694190,BBB,2014J
694222,BBB,2014J
694329,BBB,2014J
694338,BBB,2014J
694339,BBB,2014J
694341,BBB,2014J
694342,BBB,2014J
694349,BBB,2014J
694404,BBB,2014J
694458,BBB,2014J
694473,BBB,2014J
694476,BBB,2014J
694490,BBB,2014J
694526,BBB,2014J
694554,BBB,2014J
694561,BBB,2014J
694576,BBB,2014J
694616,BBB,2014J
694706,BBB,2014J
694792,BBB,2014J
694823,BBB,2014J
694857,BBB,2014J
694951,BBB,2014J
694974,BBB,2014J
695014,BBB,2014J
695021,BBB,2014J
695027,BBB,2014J
695031,BBB,2014J
695035,BBB,2014J
695047,BBB,2014J
695051,BBB,2014J
695054,BBB,2014J
695075,BBB,2014J
695084,BBB,2014J
695125,BBB,2014J
695148,BBB,2014J
695186,BBB,2014J
695205,BBB,2014J
695235,BBB,2014J
695247,BBB,2014J
695259,BBB,2014J
695278,BBB,2014J
695298,BBB,2014J
695356,BBB,2014J
695405,BBB,2014J
695411,BBB,2014J
695434,BBB,2014J
695461,BBB,2014J
695475,BBB,2014J
695484,BBB,2014J
695510,BBB,2014J
695516,BBB,2014J
695535,BBB,2014J
695613,BBB,2014J
695631,BBB,2014J
695654,BBB,2014J
695695,BBB,2014J
695941,BBB,2014J
695972,BBB,2014J
695981,BBB,2014J
695982,BBB,2014J
696007,BBB,2014J
696152,BBB,2014J
696301,BBB,2014J
696316,BBB,2014J
696348,BBB,2014J
696440,BBB,2014J
696481,BBB,2014J
696527,BBB,2014J
696569,BBB,2014J
696595,BBB,2014J
696616,BBB,2014J
696634,BBB,2014J
696692,BBB,2014J
696716,BBB,2014J
696803,BBB,2014J
696844,BBB,2014J
696850,BBB,2014J
696890,BBB,2014J
697119,BBB,2014J
697136,BBB,2014J
697148,BBB,2014J
697298,BBB,2014J
697319,BBB,2014J
697337,BBB,2014J
697345,BBB,2014J
697417,BBB,2014J
697428,BBB,2014J
697542,BBB,2014J
697561,BBB,2014J
697562,BBB,2014J
697574,BBB,2014J
697653,BBB,2014J
697754,BBB,2014J
697857,BBB,2014J
697868,BBB,2014J
697893,BBB,2014J
697909,BBB,2014J
697912,BBB,2014J
697959,BBB,2014J
697960,BBB,2014J
697964,BBB,2014J
698010,BBB,2014J
698025,BBB,2014J
698170,BBB,2014J
698180,BBB,2014J
698198,BBB,2014J
698199,BBB,2014J
698200,BBB,2014J
698201,BBB,2014J
698203,BBB,2014J
698204,BBB,2014J
698207,BBB,2014J
698208,BBB,2014J
698256,BBB,2014J
698345,BBB,2014J
698352,BBB,2014J
698357,BBB,2014J
698362,BBB,2014J
698369,BBB,2014J
698420,BBB,2014J
698432,BBB,2014J
698463,BBB,2014J
698490,BBB,2014J
698498,BBB,2014J
698507,BBB,2014J
698509,BBB,2014J
698586,BBB,2014J
699007,BBB,2014J
699153,BBB,2014J
699435,BBB,2014J
699436,BBB,2014J
699437,BBB,2014J
699488,BBB,2014J
699493,BBB,2014J
699498,BBB,2014J
699503,BBB,2014J
699651,BBB,2014J
699656,BBB,2014J
700079,BBB,2014J
700086,BBB,2014J
700441,BBB,2014J
700458,BBB,2014J
700820,BBB,2014J
1419671,BBB,2014J
1432518,BBB,2014J
1453140,BBB,2014J
1486048,BBB,2014J
1536122,BBB,2014J
1536591,BBB,2014J
1547646,BBB,2014J
1560989,BBB,2014J
1563696,BBB,2014J
1564706,BBB,2014J
1585768,BBB,2014J
1623795,BBB,2014J
1664280,BBB,2014J
1733023,BBB,2014J
1752834,BBB,2014J
1757561,BBB,2014J
1784816,BBB,2014J
1813493,BBB,2014J
1832218,BBB,2014J
1835389,BBB,2014J
1874935,BBB,2014J
1888723,BBB,2014J
1891028,BBB,2014J
1903095,BBB,2014J
1929491,BBB,2014J
1937822,BBB,2014J
1972832,BBB,2014J
1989014,BBB,2014J
2003628,BBB,2014J
2009239,BBB,2014J
2035574,BBB,2014J
2045569,BBB,2014J
2049740,BBB,2014J
2051809,BBB,2014J
2091096,BBB,2014J
2091193,BBB,2014J
2145101,BBB,2014J
2149487,BBB,2014J
2159336,BBB,2014J
2169127,BBB,2014J
2172163,BBB,2014J
2177423,BBB,2014J
2192113,BBB,2014J
2213814,BBB,2014J
2216778,BBB,2014J
2218789,BBB,2014J
2228010,BBB,2014J
2228601,BBB,2014J
2229783,BBB,2014J
2232976,BBB,2014J
2239766,BBB,2014J
2248243,BBB,2014J
2251500,BBB,2014J
2263129,BBB,2014J
2264569,BBB,2014J
2276854,BBB,2014J
2278390,BBB,2014J
2281286,BBB,2014J
2285017,BBB,2014J
2292824,BBB,2014J
2299745,BBB,2014J
2318161,BBB,2014J
2326401,BBB,2014J
2333415,BBB,2014J
2344216,BBB,2014J
2349805,BBB,2014J
2353764,BBB,2014J
2357372,BBB,2014J
2363168,BBB,2014J
2375759,BBB,2014J
2385665,BBB,2014J
2386867,BBB,2014J
2394741,BBB,2014J
2399380,BBB,2014J
2407594,BBB,2014J
2410544,BBB,2014J
2423078,BBB,2014J
2426442,BBB,2014J
2426864,BBB,2014J
2428341,BBB,2014J
2432551,BBB,2014J
2444705,BBB,2014J
2446694,BBB,2014J
2448699,BBB,2014J
2449399,BBB,2014J
2454351,BBB,2014J
2459279,BBB,2014J
2462576,BBB,2014J
2464901,BBB,2014J
2482994,BBB,2014J
2486159,BBB,2014J
2487430,BBB,2014J
2487573,BBB,2014J
2494258,BBB,2014J
2497189,BBB,2014J
2497624,BBB,2014J
2511519,BBB,2014J
2520649,BBB,2014J
2537934,BBB,2014J
2542310,BBB,2014J
2545047,BBB,2014J
2559992,BBB,2014J
2567715,BBB,2014J
2570396,BBB,2014J
2576637,BBB,2014J
2578532,BBB,2014J
2580626,BBB,2014J
2594368,BBB,2014J
2599784,BBB,2014J
2603061,BBB,2014J
2603534,BBB,2014J
2609768,BBB,2014J
2610170,BBB,2014J
2610745,BBB,2014J
2611512,BBB,2014J
2614271,BBB,2014J
2622652,BBB,2014J
2623656,BBB,2014J
2627398,BBB,2014J
2629503,BBB,2014J
2631298,BBB,2014J
2634319,BBB,2014J
2660510,BBB,2014J
2670300,BBB,2014J
2677541,BBB,2014J
2681505,BBB,2014J
2681940,BBB,2014J
2682693,BBB,2014J
2684107,BBB,2014J
2685247,BBB,2014J
2687739,BBB,2014J
2687858,BBB,2014J
2688495,BBB,2014J
2692969,BBB,2014J
2694919,BBB,2014J
2698577,BBB,2014J
2698588,BBB,2014J
2698591,BBB,2014J
28418,CCC,2014B
29764,CCC,2014B
29820,CCC,2014B
40604,CCC,2014B
42638,CCC,2014B
45664,CCC,2014B
46605,CCC,2014B
49119,CCC,2014B
50263,CCC,2014B
51576,CCC,2014B
54391,CCC,2014B
57340,CCC,2014B
64296,CCC,2014B
66254,CCC,2014B
69489,CCC,2014B
69494,CCC,2014B
69703,CCC,2014B
70771,CCC,2014B
74290,CCC,2014B
75728,CCC,2014B
79461,CCC,2014B
80329,CCC,2014B
82575,CCC,2014B
83453,CCC,2014B
84299,CCC,2014B
86047,CCC,2014B
88758,CCC,2014B
94484,CCC,2014B
96538,CCC,2014B
97486,CCC,2014B
105523,CCC,2014B
107028,CCC,2014B
107339,CCC,2014B
108834,CCC,2014B
108947,CCC,2014B
116174,CCC,2014B
116518,CCC,2014B
117232,CCC,2014B
119353,CCC,2014B
119729,CCC,2014B
122392,CCC,2014B
123598,CCC,2014B
124124,CCC,2014B
124193,CCC,2014B
126337,CCC,2014B
126395,CCC,2014B
128510,CCC,2014B
129638,CCC,2014B
129878,CCC,2014B
131695,CCC,2014B
131933,CCC,2014B
132191,CCC,2014B
134025,CCC,2014B
135330,CCC,2014B
135792,CCC,2014B
139190,CCC,2014B
142935,CCC,2014B
145282,CCC,2014B
146125,CCC,2014B
151549,CCC,2014B
152962,CCC,2014B
155067,CCC,2014B
155963,CCC,2014B
157310,CCC,2014B
160300,CCC,2014B
162650,CCC,2014B
165647,CCC,2014B
165733,CCC,2014B
166160,CCC,2014B
167791,CCC,2014B
168178,CCC,2014B
169380,CCC,2014B
170025,CCC,2014B
170864,CCC,2014B
171896,CCC,2014B
172965,CCC,2014B
174807,CCC,2014B
175490,CCC,2014B
177967,CCC,2014B
178072,CCC,2014B
178654,CCC,2014B
179904,CCC,2014B
180976,CCC,2014B
183331,CCC,2014B
187435,CCC,2014B
189428,CCC,2014B
189624,CCC,2014B
191000,CCC,2014B
191797,CCC,2014B
193163,CCC,2014B
194377,CCC,2014B
197486,CCC,2014B
198902,CCC,2014B
200372,CCC,2014B
201327,CCC,2014B
203707,CCC,2014B
204725,CCC,2014B
205398,CCC,2014B
206599,CCC,2014B
227192,CCC,2014B
227752,CCC,2014B
227833,CCC,2014B
228153,CCC,2014B
228743,CCC,2014B
229499,CCC,2014B
231339,CCC,2014B
232833,CCC,2014B
233444,CCC,2014B
234068,CCC,2014B
234311,CCC,2014B
234740,CCC,2014B
235175,CCC,2014B
236205,CCC,2014B
236620,CCC,2014B
237934,CCC,2014B
239707,CCC,2014B
241955,CCC,2014B
242778,CCC,2014B
243351,CCC,2014B
244902,CCC,2014B
244977,CCC,2014B
245217,CCC,2014B
245494,CCC,2014B
246248,CCC,2014B
247819,CCC,2014B
250092,CCC,2014B
251385,CCC,2014B
253859,CCC,2014B
255140,CCC,2014B
255310,CCC,2014B
256532,CCC,2014B
260062,CCC,2014B
260949,CCC,2014B
261042,CCC,2014B
261265,CCC,2014B
261615,CCC,2014B
262391,CCC,2014B
264159,CCC,2014B
264285,CCC,2014B
266040,CCC,2014B
266558,CCC,2014B
266915,CCC,2014B
267118,CCC,2014B
269676,CCC,2014B
272103,CCC,2014B
277577,CCC,2014B
278861,CCC,2014B
279868,CCC,2014B
281261,CCC,2014B
281801,CCC,2014B
282193,CCC,2014B
283798,CCC,2014B
284812,CCC,2014B
285170,CCC,2014B
285475,CCC,2014B
289009,CCC,2014B
290382,CCC,2014B
291805,CCC,2014B
294578,CCC,2014B
295893,CCC,2014B
296411,CCC,2014B
298040,CCC,2014B
300594,CCC,2014B
300611,CCC,2014B
301232,CCC,2014B
305783,CCC,2014B
305876,CCC,2014B
305974,CCC,2014B
306150,CCC,2014B
308918,CCC,2014B
309118,CCC,2014B
309515,CCC,2014B
310088,CCC,2014B
311616,CCC,2014B
312886,CCC,2014B
314555,CCC,2014B
315322,CCC,2014B
315728,CCC,2014B
316061,CCC,2014B
316227,CCC,2014B
318574,CCC,2014B
319042,CCC,2014B
320153,CCC,2014B
321112,CCC,2014B
328261,CCC,2014B
330862,CCC,2014B
330994,CCC,2014B
335553,CCC,2014B
335648,CCC,2014B
336398,CCC,2014B
336695,CCC,2014B
338604,CCC,2014B
338731,CCC,2014B
338854,CCC,2014B
339353,CCC,2014B
342089,CCC,2014B
342957,CCC,2014B
342974,CCC,2014B
344396,CCC,2014B
347257,CCC,2014B
347764,CCC,2014B
348050,CCC,2014B
348159,CCC,2014B
349069,CCC,2014B
351328,CCC,2014B
351577,CCC,2014B
353660,CCC,2014B
353979,CCC,2014B
354607,CCC,2014B
355143,CCC,2014B
356523,CCC,2014B
357176,CCC,2014B
357485,CCC,2014B
357851,CCC,2014B
357942,CCC,2014B
359114,CCC,2014B
359460,CCC,2014B
360547,CCC,2014B
361410,CCC,2014B
362223,CCC,2014B
362661,CCC,2014B
363773,CCC,2014B
363906,CCC,2014B
363939,CCC,2014B
366310,CCC,2014B
366424,CCC,2014B
366872,CCC,2014B
367807,CCC,2014B
369908,CCC,2014B
370336,CCC,2014B
371526,CCC,2014B
371901,CCC,2014B
372812,CCC,2014B
374028,CCC,2014B
374756,CCC,2014B
375688,CCC,2014B
376701,CCC,2014B
378920,CCC,2014B
379406,CCC,2014B
381927,CCC,2014B
383015,CCC,2014B
383140,CCC,2014B
383158,CCC,2014B
383311,CCC,2014B
383347,CCC,2014B
383372,CCC,2014B
383971,CCC,2014B
385120,CCC,2014B
385387,CCC,2014B
385980,CCC,2014B
386121,CCC,2014B
386671,CCC,2014B
387009,CCC,2014B
388538,CCC,2014B
388708,CCC,2014B
388750,CCC,2014B
389680,CCC,2014B
390233,CCC,2014B
391419,CCC,2014B
392526,CCC,2014B
394311,CCC,2014B
394341,CCC,2014B
394791,CCC,2014B
395164,CCC,2014B
396825,CCC,2014B
397149,CCC,2014B
397506,CCC,2014B
397797,CCC,2014B
398487,CCC,2014B
398877,CCC,2014B
399863,CCC,2014B
400063,CCC,2014B
401903,CCC,2014B
403085,CCC,2014B
404239,CCC,2014B
405192,CCC,2014B
406265,CCC,2014B
406337,CCC,2014B
406846,CCC,2014B
406908,CCC,2014B
406937,CCC,2014B
407453,CCC,2014B
407818,CCC,2014B
408413,CCC,2014B
409540,CCC,2014B
410203,CCC,2014B
410407,CCC,2014B
410886,CCC,2014B
412258,CCC,2014B
412268,CCC,2014B
412284,CCC,2014B
413083,CCC,2014B
416500,CCC,2014B
416689,CCC,2014B
416860,CCC,2014B
417820,CCC,2014B
418224,CCC,2014B
418623,CCC,2014B
418971,CCC,2014B
419536,CCC,2014B
420345,CCC,2014B
420428,CCC,2014B
420528,CCC,2014B
420935,CCC,2014B
421712,CCC,2014B
424082,CCC,2014B
424112,CCC,2014B
424950,CCC,2014B
425287,CCC,2014B
425714,CCC,2014B
426610,CCC,2014B
426616,CCC,2014B
429185,CCC,2014B
429220,CCC,2014B
430686,CCC,2014B
431014,CCC,2014B
431386,CCC,2014B
432278,CCC,2014B
432718,CCC,2014B
434562,CCC,2014B
434573,CCC,2014B
435271,CCC,2014B
437432,CCC,2014B
438313,CCC,2014B
438796,CCC,2014B
439669,CCC,2014B
440171,CCC,2014B
440297,CCC,2014B
440323,CCC,2014B
441540,CCC,2014B
441606,CCC,2014B
442530,CCC,2014B
442954,CCC,2014B
445777,CCC,2014B
445917,CCC,2014B
445972,CCC,2014B
464236,CCC,2014B
464724,CCC,2014B
465406,CCC,2014B
465764,CCC,2014B
465843,CCC,2014B
466289,CCC,2014B
466714,CCC,2014B
467230,CCC,2014B
467753,CCC,2014B
469113,CCC,2014B
469761,CCC,2014B
470002,CCC,2014B
471018,CCC,2014B
471580,CCC,2014B
471657,CCC,2014B
471979,CCC,2014B
472087,CCC,2014B
473965,CCC,2014B
474283,CCC,2014B
474377,CCC,2014B
474759,CCC,2014B
475149,CCC,2014B
475443,CCC,2014B
476108,CCC,2014B
476868,CCC,2014B
476937,CCC,2014B
477067,CCC,2014B
478025,CCC,2014B
478212,CCC,2014B
478550,CCC,2014B
479607,CCC,2014B
479714,CCC,2014B
479725,CCC,2014B
480928,CCC,2014B
480943,CCC,2014B
481024,CCC,2014B
482280,CCC,2014B
482745,CCC,2014B
483108,CCC,2014B
483267,CCC,2014B
483275,CCC,2014B
483666,CCC,2014B
484174,CCC,2014B
484305,CCC,2014B
484787,CCC,2014B
485312,CCC,2014B
485374,CCC,2014B
485604,CCC,2014B
485944,CCC,2014B
487494,CCC,2014B
487570,CCC,2014B
487629,CCC,2014B
489309,CCC,2014B
489929,CCC,2014B
490024,CCC,2014B
490081,CCC,2014B
490297,CCC,2014B
490587,CCC,2014B
490662,CCC,2014B
490665,CCC,2014B
490768,CCC,2014B
490769,CCC,2014B
491170,CCC,2014B
491232,CCC,2014B
491742,CCC,2014B
491843,CCC,2014B
492900,CCC,2014B
493793,CCC,2014B
493822,CCC,2014B
493988,CCC,2014B
494919,CCC,2014B
495320,CCC,2014B
496108,CCC,2014B
497047,CCC,2014B
498043,CCC,2014B
498138,CCC,2014B
498225,CCC,2014B
498741,CCC,2014B
500001,CCC,2014B
500006,CCC,2014B
500189,CCC,2014B
501339,CCC,2014B
501443,CCC,2014B
501652,CCC,2014B
502465,CCC,2014B
502466,CCC,2014B
502554,CCC,2014B
502833,CCC,2014B
502868,CCC,2014B
502929,CCC,2014B
503872,CCC,2014B
504057,CCC,2014B
505235,CCC,2014B
505520,CCC,2014B
505767,CCC,2014B
505815,CCC,2014B
506206,CCC,2014B
507034,CCC,2014B
507388,CCC,2014B
507523,CCC,2014B
507671,CCC,2014B
507801,CCC,2014B
508025,CCC,2014B
508848,CCC,2014B
509029,CCC,2014B
509122,CCC,2014B
509649,CCC,2014B
509839,CCC,2014B
510694,CCC,2014B
510914,CCC,2014B
511473,CCC,2014B
511657,CCC,2014B
512353,CCC,2014B
512582,CCC,2014B
513638,CCC,2014B
513854,CCC,2014B
513969,CCC,2014B
513997,CCC,2014B
514000,CCC,2014B
514186,CCC,2014B
515936,CCC,2014B
516024,CCC,2014B
516238,CCC,2014B
516496,CCC,2014B
516685,CCC,2014B
516726,CCC,2014B
517999,CCC,2014B
518116,CCC,2014B
518330,CCC,2014B
518363,CCC,2014B
518862,CCC,2014B
519589,CCC,2014B
520377,CCC,2014B
520588,CCC,2014B
521051,CCC,2014B
521297,CCC,2014B
521542,CCC,2014B
521601,CCC,2014B
521614,CCC,2014B
522312,CCC,2014B
522682,CCC,2014B
523061,CCC,2014B
523079,CCC,2014B
523271,CCC,2014B
523335,CCC,2014B
523710,CCC,2014B
524128,CCC,2014B
524295,CCC,2014B
524378,CCC,2014B
524386,CCC,2014B
525332,CCC,2014B
526073,CCC,2014B
526235,CCC,2014B
526547,CCC,2014B
526564,CCC,2014B
526876,CCC,2014B
527771,CCC,2014B
527826,CCC,2014B
528021,CCC,2014B
528066,CCC,2014B
528083,CCC,2014B
528892,CCC,2014B
529073,CCC,2014B
529078,CCC,2014B
529153,CCC,2014B
530270,CCC,2014B
530481,CCC,2014B
530650,CCC,2014B
531047,CCC,2014B
531075,CCC,2014B
532020,CCC,2014B
532252,CCC,2014B
532350,CCC,2014B
532565,CCC,2014B
532718,CCC,2014B
533004,CCC,2014B
533311,CCC,2014B
534047,CCC,2014B
534074,CCC,2014B
535047,CCC,2014B
535590,CCC,2014B
535682,CCC,2014B
536032,CCC,2014B
536170,CCC,2014B
536261,CCC,2014B
536435,CCC,2014B
537603,CCC,2014B
537606,CCC,2014B
537622,CCC,2014B
537658,CCC,2014B
539328,CCC,2014B
539514,CCC,2014B
539695,CCC,2014B
539784,CCC,2014B
539971,CCC,2014B
540509,CCC,2014B
540686,CCC,2014B
542050,CCC,2014B
543170,CCC,2014B
543417,CCC,2014B
543475,CCC,2014B
543571,CCC,2014B
543678,CCC,2014B
543924,CCC,2014B
543948,CCC,2014B
544075,CCC,2014B
544467,CCC,2014B
544490,CCC,2014B
544594,CCC,2014B
544791,CCC,2014B
544839,CCC,2014B
545045,CCC,2014B
545740,CCC,2014B
545747,CCC,2014B
546400,CCC,2014B
546675,CCC,2014B
546830,CCC,2014B
547287,CCC,2014B
547413,CCC,2014B
547571,CCC,2014B
547685,CCC,2014B
547816,CCC,2014B
547986,CCC,2014B
548261,CCC,2014B
548383,CCC,2014B
548386,CCC,2014B
548509,CCC,2014B
548602,CCC,2014B
548677,CCC,2014B
548764,CCC,2014B
548854,CCC,2014B
548926,CCC,2014B
549636,CCC,2014B
549951,CCC,2014B
550092,CCC,2014B
550545,CCC,2014B
550893,CCC,2014B
551115,CCC,2014B
551267,CCC,2014B
551304,CCC,2014B
551478,CCC,2014B
551528,CCC,2014B
551604,CCC,2014B
551902,CCC,2014B
552166,CCC,2014B
552234,CCC,2014B
552441,CCC,2014B
552498,CCC,2014B
552590,CCC,2014B
552913,CCC,2014B
553021,CCC,2014B
553280,CCC,2014B
553394,CCC,2014B
553410,CCC,2014B
553568,CCC,2014B
553655,CCC,2014B
553741,CCC,2014B
554141,CCC,2014B
554205,CCC,2014B
554470,CCC,2014B
554583,CCC,2014B
554870,CCC,2014B
554951,CCC,2014B
555008,CCC,2014B
555368,CCC,2014B
555604,CCC,2014B
555706,CCC,2014B
555953,CCC,2014B
556007,CCC,2014B
556042,CCC,2014B
556109,CCC,2014B
556246,CCC,2014B
556295,CCC,2014B
556521,CCC,2014B
556584,CCC,2014B
556587,CCC,2014B
556918,CCC,2014B
557172,CCC,2014B
557700,CCC,2014B
557849,CCC,2014B
558122,CCC,2014B
558444,CCC,2014B
558471,CCC,2014B
558518,CCC,2014B
558616,CCC,2014B
558914,CCC,2014B
559469,CCC,2014B
559706,CCC,2014B
559770,CCC,2014B
559912,CCC,2014B
559977,CCC,2014B
560311,CCC,2014B
560494,CCC,2014B
560784,CCC,2014B
560951,CCC,2014B
561363,CCC,2014B
561559,CCC,2014B
561823,CCC,2014B
562450,CCC,2014B
562585,CCC,2014B
563046,CCC,2014B
563556,CCC,2014B
563631,CCC,2014B
563819,CCC,2014B
563967,CCC,2014B
564325,CCC,2014B
564444,CCC,2014B
564841,CCC,2014B
565399,CCC,2014B
565883,CCC,2014B
566185,CCC,2014B
566310,CCC,2014B
566664,CCC,2014B
566704,CCC,2014B
566715,CCC,2014B
568047,CCC,2014B
568084,CCC,2014B
569342,CCC,2014B
569609,CCC,2014B
569712,CCC,2014B
569928,CCC,2014B
570113,CCC,2014B
570377,CCC,2014B
570488,CCC,2014B
570514,CCC,2014B
570872,CCC,2014B
571025,CCC,2014B
571128,CCC,2014B
571129,CCC,2014B
571233,CCC,2014B
571365,CCC,2014B
571571,CCC,2014B
571595,CCC,2014B
571702,CCC,2014B
571776,CCC,2014B
571992,CCC,2014B
572154,CCC,2014B
572241,CCC,2014B
572279,CCC,2014B
572303,CCC,2014B
572382,CCC,2014B
572438,CCC,2014B
572854,CCC,2014B
572891,CCC,2014B
572909,CCC,2014B
573153,CCC,2014B
573166,CCC,2014B
573197,CCC,2014B
573558,CCC,2014B
573662,CCC,2014B
573665,CCC,2014B
573696,CCC,2014B
573697,CCC,2014B
573701,CCC,2014B
574221,CCC,2014B
574529,CCC,2014B
574551,CCC,2014B
574564,CCC,2014B
574663,CCC,2014B
574817,CCC,2014B
574830,CCC,2014B
575287,CCC,2014B
575419,CCC,2014B
575545,CCC,2014B
575703,CCC,2014B
575733,CCC,2014B
575745,CCC,2014B
575824,CCC,2014B
575967,CCC,2014B
576191,CCC,2014B
576383,CCC,2014B
576413,CCC,2014B
576475,CCC,2014B
576780,CCC,2014B
576782,CCC,2014B
577035,CCC,2014B
577236,CCC,2014B
577245,CCC,2014B
577273,CCC,2014B
577352,CCC,2014B
577414,CCC,2014B
577427,CCC,2014B
577502,CCC,2014B
577688,CCC,2014B
578541,CCC,2014B
578655,CCC,2014B
578823,CCC,2014B
578850,CCC,2014B
578958,CCC,2014B
579027,CCC,2014B
579321,CCC,2014B
579340,CCC,2014B
579372,CCC,2014B
579550,CCC,2014B
580511,CCC,2014B
580722,CCC,2014B
580768,CCC,2014B
580779,CCC,2014B
581123,CCC,2014B
581611,CCC,2014B
581744,CCC,2014B
581745,CCC,2014B
582087,CCC,2014B
582108,CCC,2014B
582723,CCC,2014B
582827,CCC,2014B
582879,CCC,2014B
583032,CCC,2014B
583051,CCC,2014B
583192,CCC,2014B
583238,CCC,2014B
583906,CCC,2014B
584077,CCC,2014B
584191,CCC,2014B
584305,CCC,2014B
584446,CCC,2014B
584468,CCC,2014B
584586,CCC,2014B
584749,CCC,2014B
584756,CCC,2014B
584771,CCC,2014B
585011,CCC,2014B
585057,CCC,2014B
585093,CCC,2014B
585383,CCC,2014B
585393,CCC,2014B
585397,CCC,2014B
585433,CCC,2014B
585455,CCC,2014B
585464,CCC,2014B
585681,CCC,2014B
585709,CCC,2014B
585769,CCC,2014B
585900,CCC,2014B
586132,CCC,2014B
586473,CCC,2014B
586476,CCC,2014B
586921,CCC,2014B
586962,CCC,2014B
587122,CCC,2014B
587179,CCC,2014B
587585,CCC,2014B
587621,CCC,2014B
587783,CCC,2014B
587884,CCC,2014B
587906,CCC,2014B
588059,CCC,2014B
588125,CCC,2014B
588175,CCC,2014B
588219,CCC,2014B
588274,CCC,2014B
588402,CCC,2014B
588430,CCC,2014B
588473,CCC,2014B
588590,CCC,2014B
588694,CCC,2014B
588707,CCC,2014B
588846,CCC,2014B
588956,CCC,2014B
589018,CCC,2014B
589023,CCC,2014B
589108,CCC,2014B
589327,CCC,2014B
589390,CCC,2014B
589517,CCC,2014B
589525,CCC,2014B
589722,CCC,2014B
589894,CCC,2014B
590626,CCC,2014B
590744,CCC,2014B
590877,CCC,2014B
590881,CCC,2014B
590914,CCC,2014B
590961,CCC,2014B
590974,CCC,2014B
591375,CCC,2014B
591566,CCC,2014B
591619,CCC,2014B
591719,CCC,2014B
591738,CCC,2014B
591958,CCC,2014B
592007,CCC,2014B
592051,CCC,2014B
592093,CCC,2014B
592151,CCC,2014B
592259,CCC,2014B
592284,CCC,2014B
592407,CCC,2014B
592429,CCC,2014B
592609,CCC,2014B
592684,CCC,2014B
592775,CCC,2014B
592776,CCC,2014B
592842,CCC,2014B
592939,CCC,2014B
592976,CCC,2014B
593103,CCC,2014B
593123,CCC,2014B
593305,CCC,2014B
593787,CCC,2014B
593972,CCC,2014B
593995,CCC,2014B
594044,CCC,2014B
594052,CCC,2014B
594111,CCC,2014B
594157,CCC,2014B
594193,CCC,2014B
594199,CCC,2014B
594246,CCC,2014B
594326,CCC,2014B
594371,CCC,2014B
594851,CCC,2014B
595164,CCC,2014B
595182,CCC,2014B
595189,CCC,2014B
595324,CCC,2014B
595356,CCC,2014B
595514,CCC,2014B
595659,CCC,2014B
595685,CCC,2014B
595781,CCC,2014B
595847,CCC,2014B
595986,CCC,2014B
595992,CCC,2014B
596029,CCC,2014B
596035,CCC,2014B
596321,CCC,2014B
596432,CCC,2014B
596731,CCC,2014B
596903,CCC,2014B
596947,CCC,2014B
597181,CCC,2014B
597363,CCC,2014B
597560,CCC,2014B
597817,CCC,2014B
597926,CCC,2014B
598074,CCC,2014B
598113,CCC,2014B
598321,CCC,2014B
598860,CCC,2014B
599275,CCC,2014B
599542,CCC,2014B
599547,CCC,2014B
599857,CCC,2014B
599937,CCC,2014B
599942,CCC,2014B
599958,CCC,2014B
599986,CCC,2014B
600094,CCC,2014B
600142,CCC,2014B
600181,CCC,2014B
600436,CCC,2014B
600509,CCC,2014B
600547,CCC,2014B
600632,CCC,2014B
600859,CCC,2014B
600938,CCC,2014B
600987,CCC,2014B
601021,CCC,2014B
601224,CCC,2014B
601550,CCC,2014B
601731,CCC,2014B
601757,CCC,2014B
601949,CCC,2014B
602042,CCC,2014B
602133,CCC,2014B
602150,CCC,2014B
602269,CCC,2014B
602398,CCC,2014B
602585,CCC,2014B
602703,CCC,2014B
602718,CCC,2014B
602891,CCC,2014B
602902,CCC,2014B
602913,CCC,2014B
603222,CCC,2014B
603239,CCC,2014B
603498,CCC,2014B
603639,CCC,2014B
603832,CCC,2014B
603859,CCC,2014B
603999,CCC,2014B
604164,CCC,2014B
604480,CCC,2014B
604517,CCC,2014B
604655,CCC,2014B
604665,CCC,2014B
604723,CCC,2014B
604906,CCC,2014B
604997,CCC,2014B
605130,CCC,2014B
605144,CCC,2014B
605180,CCC,2014B
605571,CCC,2014B
605688,CCC,2014B
605703,CCC,2014B
605926,CCC,2014B
606025,CCC,2014B
606127,CCC,2014B
606205,CCC,2014B
606206,CCC,2014B
606282,CCC,2014B
606350,CCC,2014B
606417,CCC,2014B
606444,CCC,2014B
606665,CCC,2014B
606724,CCC,2014B
606930,CCC,2014B
607052,CCC,2014B
607411,CCC,2014B
607413,CCC,2014B
607442,CCC,2014B
607453,CCC,2014B
607609,CCC,2014B
607636,CCC,2014B
607703,CCC,2014B
607896,CCC,2014B
607927,CCC,2014B
608130,CCC,2014B
608152,CCC,2014B
608243,CCC,2014B
608464,CCC,2014B
608472,CCC,2014B
608504,CCC,2014B
608549,CCC,2014B
608577,CCC,2014B
608735,CCC,2014B
608750,CCC,2014B
608753,CCC,2014B
608904,CCC,2014B
608923,CCC,2014B
609025,CCC,2014B
609045,CCC,2014B
609192,CCC,2014B
609229,CCC,2014B
609241,CCC,2014B
609383,CCC,2014B
609450,CCC,2014B
609489,CCC,2014B
609605,CCC,2014B
609645,CCC,2014B
609828,CCC,2014B
610234,CCC,2014B
610287,CCC,2014B
610391,CCC,2014B
610575,CCC,2014B
610577,CCC,2014B
610718,CCC,2014B
610831,CCC,2014B
611062,CCC,2014B
611260,CCC,2014B
611402,CCC,2014B
612023,CCC,2014B
612119,CCC,2014B
612287,CCC,2014B
612397,CCC,2014B
612644,CCC,2014B
612805,CCC,2014B
612814,CCC,2014B
612822,CCC,2014B
612860,CCC,2014B
612882,CCC,2014B
613116,CCC,2014B
613133,CCC,2014B
613280,CCC,2014B
613310,CCC,2014B
613387,CCC,2014B
613390,CCC,2014B
613417,CCC,2014B
613441,CCC,2014B
613447,CCC,2014B
613461,CCC,2014B
613501,CCC,2014B
613873,CCC,2014B
614059,CCC,2014B
614265,CCC,2014B
614345,CCC,2014B
614477,CCC,2014B
614733,CCC,2014B
614804,CCC,2014B
614844,CCC,2014B
614952,CCC,2014B
615031,CCC,2014B
615229,CCC,2014B
615246,CCC,2014B
615249,CCC,2014B
615321,CCC,2014B
615407,CCC,2014B
616334,CCC,2014B
616407,CCC,2014B
616439,CCC,2014B
617186,CCC,2014B
617331,CCC,2014B
617348,CCC,2014B
617355,CCC,2014B
617365,CCC,2014B
617416,CCC,2014B
617781,CCC,2014B
617898,CCC,2014B
617925,CCC,2014B
617942,CCC,2014B
618078,CCC,2014B
618129,CCC,2014B
618171,CCC,2014B
618279,CCC,2014B
618514,CCC,2014B
618571,CCC,2014B
618590,CCC,2014B
618606,CCC,2014B
618619,CCC,2014B
618649,CCC,2014B
618665,CCC,2014B
618679,CCC,2014B
618861,CCC,2014B
619006,CCC,2014B
619014,CCC,2014B
619303,CCC,2014B
619447,CCC,2014B
619524,CCC,2014B
619870,CCC,2014B
620148,CCC,2014B
620215,CCC,2014B
620266,CCC,2014B
620320,CCC,2014B
620368,CCC,2014B
620369,CCC,2014B
620376,CCC,2014B
620485,CCC,2014B
620646,CCC,2014B
620713,CCC,2014B
620897,CCC,2014B
620918,CCC,2014B
620977,CCC,2014B
621300,CCC,2014B
621401,CCC,2014B
621619,CCC,2014B
621655,CCC,2014B
621656,CCC,2014B
621696,CCC,2014B
622015,CCC,2014B
622302,CCC,2014B
622368,CCC,2014B
622386,CCC,2014B
622652,CCC,2014B
622753,CCC,2014B
622787,CCC,2014B
622804,CCC,2014B
622897,CCC,2014B
623052,CCC,2014B
623190,CCC,2014B
623250,CCC,2014B
623290,CCC,2014B
623347,CCC,2014B
623421,CCC,2014B
623456,CCC,2014B
623511,CCC,2014B
623562,CCC,2014B
623605,CCC,2014B
623609,CCC,2014B
623619,CCC,2014B
623667,CCC,2014B
623707,CCC,2014B
623732,CCC,2014B
623738,CCC,2014B
623780,CCC,2014B
623786,CCC,2014B
623797,CCC,2014B
624060,CCC,2014B
624126,CCC,2014B
624127,CCC,2014B
624134,CCC,2014B
624354,CCC,2014B
624441,CCC,2014B
624445,CCC,2014B
624483,CCC,2014B
624593,CCC,2014B
624765,CCC,2014B
624782,CCC,2014B
624810,CCC,2014B
624875,CCC,2014B
624970,CCC,2014B
625014,CCC,2014B
625028,CCC,2014B
625077,CCC,2014B
625078,CCC,2014B
625108,CCC,2014B
625121,CCC,2014B
625128,CCC,2014B
625207,CCC,2014B
625213,CCC,2014B
625267,CCC,2014B
625423,CCC,2014B
625453,CCC,2014B
625476,CCC,2014B
625517,CCC,2014B
625527,CCC,2014B
625552,CCC,2014B
625568,CCC,2014B
625574,CCC,2014B
625614,CCC,2014B
625684,CCC,2014B
625740,CCC,2014B
625745,CCC,2014B
625774,CCC,2014B
625782,CCC,2014B
625785,CCC,2014B
625790,CCC,2014B
625793,CCC,2014B
625822,CCC,2014B
625838,CCC,2014B
625841,CCC,2014B
625884,CCC,2014B
625950,CCC,2014B
625975,CCC,2014B
626173,CCC,2014B
626183,CCC,2014B
626252,CCC,2014B
626296,CCC,2014B
626349,CCC,2014B
626417,CCC,2014B
626438,CCC,2014B
626444,CCC,2014B
626469,CCC,2014B
626501,CCC,2014B
626516,CCC,2014B
626518,CCC,2014B
626614,CCC,2014B
626625,CCC,2014B
626712,CCC,2014B
626714,CCC,2014B
626772,CCC,2014B
626857,CCC,2014B
626862,CCC,2014B
626877,CCC,2014B
626906,CCC,2014B
626930,CCC,2014B
626998,CCC,2014B
627066,CCC,2014B
627136,CCC,2014B
627168,CCC,2014B
627176,CCC,2014B
627343,CCC,2014B
627348,CCC,2014B
627374,CCC,2014B
627386,CCC,2014B
627387,CCC,2014B
627399,CCC,2014B
627500,CCC,2014B
627516,CCC,2014B
627632,CCC,2014B
627636,CCC,2014B
627691,CCC,2014B
627750,CCC,2014B
627784,CCC,2014B
627907,CCC,2014B
627933,CCC,2014B
627947,CCC,2014B
628022,CCC,2014B
628029,CCC,2014B
628053,CCC,2014B
628090,CCC,2014B
628122,CCC,2014B
628141,CCC,2014B
628157,CCC,2014B
628214,CCC,2014B
628366,CCC,2014B
628383,CCC,2014B
628506,CCC,2014B
628527,CCC,2014B
628575,CCC,2014B
628663,CCC,2014B
628677,CCC,2014B
628725,CCC,2014B
628771,CCC,2014B
628803,CCC,2014B
628846,CCC,2014B
628993,CCC,2014B
629081,CCC,2014B
629164,CCC,2014B
629209,CCC,2014B
629270,CCC,2014B
629445,CCC,2014B
629500,CCC,2014B
629560,CCC,2014B
629601,CCC,2014B
629613,CCC,2014B
629623,CCC,2014B
629628,CCC,2014B
629632,CCC,2014B
629654,CCC,2014B
629692,CCC,2014B
629710,CCC,2014B
629798,CCC,2014B
629862,CCC,2014B
629887,CCC,2014B
629890,CCC,2014B
629906,CCC,2014B
629936,CCC,2014B
630047,CCC,2014B
630086,CCC,2014B
630152,CCC,2014B
630157,CCC,2014B
630200,CCC,2014B
630211,CCC,2014B
630449,CCC,2014B
630471,CCC,2014B
630514,CCC,2014B
630540,CCC,2014B
630573,CCC,2014B
630585,CCC,2014B
630606,CCC,2014B
630613,CCC,2014B
630635,CCC,2014B
630657,CCC,2014B
630730,CCC,2014B
630888,CCC,2014B
630912,CCC,2014B
631044,CCC,2014B
631051,CCC,2014B
631075,CCC,2014B
631122,CCC,2014B
631300,CCC,2014B
631334,CCC,2014B
631365,CCC,2014B
631453,CCC,2014B
631455,CCC,2014B
631583,CCC,2014B
631655,CCC,2014B
631657,CCC,2014B
631699,CCC,2014B
631715,CCC,2014B
631770,CCC,2014B
631772,CCC,2014B
631925,CCC,2014B
631929,CCC,2014B
632037,CCC,2014B
632074,CCC,2014B
632107,CCC,2014B
632111,CCC,2014B
632114,CCC,2014B
632133,CCC,2014B
632134,CCC,2014B
632135,CCC,2014B
632190,CCC,2014B
632242,CCC,2014B
632312,CCC,2014B
632313,CCC,2014B
632332,CCC,2014B
632459,CCC,2014B
632486,CCC,2014B
632487,CCC,2014B
632506,CCC,2014B
632546,CCC,2014B
632554,CCC,2014B
632571,CCC,2014B
632597,CCC,2014B
632637,CCC,2014B
632641,CCC,2014B
632691,CCC,2014B
632780,CCC,2014B
632836,CCC,2014B
632889,CCC,2014B
632900,CCC,2014B
632903,CCC,2014B
633071,CCC,2014B
633112,CCC,2014B
633178,CCC,2014B
633240,CCC,2014B
633250,CCC,2014B
633256,CCC,2014B
633281,CCC,2014B
633310,CCC,2014B
633330,CCC,2014B
633384,CCC,2014B
633432,CCC,2014B
633447,CCC,2014B
633493,CCC,2014B
633527,CCC,2014B
633637,CCC,2014B
633679,CCC,2014B
633716,CCC,2014B
633857,CCC,2014B
633913,CCC,2014B
633942,CCC,2014B
633998,CCC,2014B
634040,CCC,2014B
634057,CCC,2014B
634083,CCC,2014B
634128,CCC,2014B
634139,CCC,2014B
634157,CCC,2014B
634167,CCC,2014B
634176,CCC,2014B
634217,CCC,2014B
634279,CCC,2014B
634349,CCC,2014B
634414,CCC,2014B
634433,CCC,2014B
634500,CCC,2014B
634507,CCC,2014B
634512,CCC,2014B
634570,CCC,2014B
634589,CCC,2014B
634618,CCC,2014B
634649,CCC,2014B
634655,CCC,2014B
634671,CCC,2014B
634744,CCC,2014B
634853,CCC,2014B
634862,CCC,2014B
634878,CCC,2014B
635034,CCC,2014B
635041,CCC,2014B
635043,CCC,2014B
635109,CCC,2014B
635515,CCC,2014B
856294,CCC,2014B
917586,CCC,2014B
925553,CCC,2014B
949548,CCC,2014B
984619,CCC,2014B
992544,CCC,2014B
1038161,CCC,2014B
1047645,CCC,2014B
1057883,CCC,2014B
1087710,CCC,2014B
1095916,CCC,2014B
1115623,CCC,2014B
1268772,CCC,2014B
1270832,CCC,2014B
1311171,CCC,2014B
1398821,CCC,2014B
1407549,CCC,2014B
1416784,CCC,2014B
1440467,CCC,2014B
1442991,CCC,2014B
1462676,CCC,2014B
1468838,CCC,2014B
1470291,CCC,2014B
1474869,CCC,2014B
1493739,CCC,2014B
1514245,CCC,2014B
1534494,CCC,2014B
1541906,CCC,2014B
1560205,CCC,2014B
1568828,CCC,2014B
1591013,CCC,2014B
1600062,CCC,2014B
1619251,CCC,2014B
1632487,CCC,2014B
1638548,CCC,2014B
1644328,CCC,2014B
1649896,CCC,2014B
1656486,CCC,2014B
1664810,CCC,2014B
1668504,CCC,2014B
1672690,CCC,2014B
1673876,CCC,2014B
1678014,CCC,2014B
1678800,CCC,2014B
1691815,CCC,2014B
1694780,CCC,2014B
1739026,CCC,2014B
1750405,CCC,2014B
1753458,CCC,2014B
1763378,CCC,2014B
1769985,CCC,2014B
1780737,CCC,2014B
1781834,CCC,2014B
1828112,CCC,2014B
1841267,CCC,2014B
1848820,CCC,2014B
1855583,CCC,2014B
1877015,CCC,2014B
1877732,CCC,2014B
1888343,CCC,2014B
1891323,CCC,2014B
1896088,CCC,2014B
1906919,CCC,2014B
1908526,CCC,2014B
1924641,CCC,2014B
1930146,CCC,2014B
1930644,CCC,2014B
1938024,CCC,2014B
1942999,CCC,2014B
1945240,CCC,2014B
1947911,CCC,2014B
1951080,CCC,2014B
1951139,CCC,2014B
1997164,CCC,2014B
2008262,CCC,2014B
2032058,CCC,2014B
2044299,CCC,2014B
2047421,CCC,2014B
2049668,CCC,2014B
2056643,CCC,2014B
2063578,CCC,2014B
2064873,CCC,2014B
2066504,CCC,2014B
2080916,CCC,2014B
2087182,CCC,2014B
2096918,CCC,2014B
2109119,CCC,2014B
2110039,CCC,2014B
2131908,CCC,2014B
2134304,CCC,2014B
2139037,CCC,2014B
2139273,CCC,2014B
2146277,CCC,2014B
2147620,CCC,2014B
2148297,CCC,2014B
2156058,CCC,2014B
2171264,CCC,2014B
2171834,CCC,2014B
2178929,CCC,2014B
2187422,CCC,2014B
2188680,CCC,2014B
2198356,CCC,2014B
2211797,CCC,2014B
2213982,CCC,2014B
2236538,CCC,2014B
2239848,CCC,2014B
2241036,CCC,2014B
2247222,CCC,2014B
2258228,CCC,2014B
2289032,CCC,2014B
2298895,CCC,2014B
2327710,CCC,2014B
2341839,CCC,2014B
2343809,CCC,2014B
2347802,CCC,2014B
2355744,CCC,2014B
2358707,CCC,2014B
2365009,CCC,2014B
2367058,CCC,2014B
2374376,CCC,2014B
2383036,CCC,2014B
2384615,CCC,2014B
2384687,CCC,2014B
2389754,CCC,2014B
2391004,CCC,2014B
2394090,CCC,2014B
2410459,CCC,2014B
2410519,CCC,2014B
2418732,CCC,2014B
2419115,CCC,2014B
2421961,CCC,2014B
2433069,CCC,2014B
2433221,CCC,2014B
2446778,CCC,2014B
2447528,CCC,2014B
2454878,CCC,2014B
2464727,CCC,2014B
2471283,CCC,2014B
2473058,CCC,2014B
2478799,CCC,2014B
2488713,CCC,2014B
2493107,CCC,2014B
2494507,CCC,2014B
2498388,CCC,2014B
2513997,CCC,2014B
2517778,CCC,2014B
2522932,CCC,2014B
2524572,CCC,2014B
2526493,CCC,2014B
2529663,CCC,2014B
2530985,CCC,2014B
2545113,CCC,2014B
2548877,CCC,2014B
2555596,CCC,2014B
2556060,CCC,2014B
2558365,CCC,2014B
2564333,CCC,2014B
2564711,CCC,2014B
2567038,CCC,2014B
2569090,CCC,2014B
2569834,CCC,2014B
2569912,CCC,2014B
2581603,CCC,2014B
2588201,CCC,2014B
2591014,CCC,2014B
2598913,CCC,2014B
2602235,CCC,2014B
2602264,CCC,2014B
2603195,CCC,2014B
2604856,CCC,2014B
2605030,CCC,2014B
2607849,CCC,2014B
2609908,CCC,2014B
2613331,CCC,2014B
2615849,CCC,2014B
2617635,CCC,2014B
2620636,CCC,2014B
2621379,CCC,2014B
2621734,CCC,2014B
2623263,CCC,2014B
2629436,CCC,2014B
2631547,CCC,2014B
2631703,CCC,2014B
2634238,CCC,2014B
2639310,CCC,2014B
2641486,CCC,2014B
2644404,CCC,2014B
2646795,CCC,2014B
2652523,CCC,2014B
2659556,CCC,2014B
2661696,CCC,2014B
2665399,CCC,2014B
2668550,CCC,2014B
2677969,CCC,2014B
2680742,CCC,2014B
2681198,CCC,2014B
2686074,CCC,2014B
2686578,CCC,2014B
2691267,CCC,2014B
2691780,CCC,2014B
2692327,CCC,2014B
2698535,CCC,2014B
25261,CCC,2014J
27116,CCC,2014J
28787,CCC,2014J
28952,CCC,2014J
29411,CCC,2014J
29420,CCC,2014J
29639,CCC,2014J
30096,CCC,2014J
30850,CCC,2014J
31161,CCC,2014J
34068,CCC,2014J
35355,CCC,2014J
35508,CCC,2014J
37652,CCC,2014J
42746,CCC,2014J
46705,CCC,2014J
48635,CCC,2014J
51576,CCC,2014J
53300,CCC,2014J
54062,CCC,2014J
60809,CCC,2014J
61227,CCC,2014J
61236,CCC,2014J
63371,CCC,2014J
67685,CCC,2014J
69494,CCC,2014J
70214,CCC,2014J
70495,CCC,2014J
71723,CCC,2014J
74290,CCC,2014J
76949,CCC,2014J
79461,CCC,2014J
80329,CCC,2014J
80868,CCC,2014J
88758,CCC,2014J
91040,CCC,2014J
94978,CCC,2014J
96864,CCC,2014J
96874,CCC,2014J
100788,CCC,2014J
101700,CCC,2014J
102209,CCC,2014J
104480,CCC,2014J
105168,CCC,2014J
105413,CCC,2014J
107883,CCC,2014J
109577,CCC,2014J
112454,CCC,2014J
114367,CCC,2014J
119310,CCC,2014J
120236,CCC,2014J
123598,CCC,2014J
124711,CCC,2014J
125777,CCC,2014J
126812,CCC,2014J
128072,CCC,2014J
128510,CCC,2014J
130671,CCC,2014J
131222,CCC,2014J
131663,CCC,2014J
131933,CCC,2014J
132423,CCC,2014J
134190,CCC,2014J
134982,CCC,2014J
136335,CCC,2014J
137281,CCC,2014J
138997,CCC,2014J
142092,CCC,2014J
144745,CCC,2014J
145114,CCC,2014J
145640,CCC,2014J
152626,CCC,2014J
155298,CCC,2014J
155956,CCC,2014J
157310,CCC,2014J
161781,CCC,2014J
163067,CCC,2014J
164968,CCC,2014J
165647,CCC,2014J
165733,CCC,2014J
169297,CCC,2014J
170030,CCC,2014J
171896,CCC,2014J
175638,CCC,2014J
178072,CCC,2014J
181861,CCC,2014J
182854,CCC,2014J
185057,CCC,2014J
185451,CCC,2014J
188273,CCC,2014J
196189,CCC,2014J
199261,CCC,2014J
199760,CCC,2014J
200372,CCC,2014J
201425,CCC,2014J
205218,CCC,2014J
232072,CCC,2014J
233444,CCC,2014J
235121,CCC,2014J
240486,CCC,2014J
242778,CCC,2014J
243358,CCC,2014J
244738,CCC,2014J
245217,CCC,2014J
246829,CCC,2014J
248818,CCC,2014J
253013,CCC,2014J
253496,CCC,2014J
256532,CCC,2014J
256680,CCC,2014J
256867,CCC,2014J
257887,CCC,2014J
258042,CCC,2014J
259641,CCC,2014J
260062,CCC,2014J
261160,CCC,2014J
262385,CCC,2014J
263150,CCC,2014J
264151,CCC,2014J
264715,CCC,2014J
264723,CCC,2014J
264845,CCC,2014J
266097,CCC,2014J
266558,CCC,2014J
267619,CCC,2014J
269388,CCC,2014J
271526,CCC,2014J
275297,CCC,2014J
275711,CCC,2014J
275882,CCC,2014J
278413,CCC,2014J
278600,CCC,2014J
279879,CCC,2014J
283618,CCC,2014J
284095,CCC,2014J
284741,CCC,2014J
285412,CCC,2014J
285637,CCC,2014J
286658,CCC,2014J
287897,CCC,2014J
290043,CCC,2014J
291156,CCC,2014J
291674,CCC,2014J
293321,CCC,2014J
293686,CCC,2014J
294112,CCC,2014J
296222,CCC,2014J
296725,CCC,2014J
297166,CCC,2014J
298777,CCC,2014J
300611,CCC,2014J
305036,CCC,2014J
306202,CCC,2014J
307297,CCC,2014J
307789,CCC,2014J
310280,CCC,2014J
310765,CCC,2014J
311332,CCC,2014J
314555,CCC,2014J
314956,CCC,2014J
316091,CCC,2014J
316454,CCC,2014J
317801,CCC,2014J
319035,CCC,2014J
319492,CCC,2014J
320153,CCC,2014J
322499,CCC,2014J
322641,CCC,2014J
322844,CCC,2014J
322907,CCC,2014J
324338,CCC,2014J
324440,CCC,2014J
325518,CCC,2014J
327057,CCC,2014J
328123,CCC,2014J
328674,CCC,2014J
329455,CCC,2014J
330453,CCC,2014J
331622,CCC,2014J
332436,CCC,2014J
334154,CCC,2014J
334225,CCC,2014J
335401,CCC,2014J
335914,CCC,2014J
336014,CCC,2014J
336131,CCC,2014J
336695,CCC,2014J
336772,CCC,2014J
338731,CCC,2014J
338983,CCC,2014J
339824,CCC,2014J
342799,CCC,2014J
344740,CCC,2014J
347809,CCC,2014J
348783,CCC,2014J
348855,CCC,2014J
349093,CCC,2014J
350267,CCC,2014J
350929,CCC,2014J
351903,CCC,2014J
352637,CCC,2014J
353660,CCC,2014J
354688,CCC,2014J
355935,CCC,2014J
356297,CCC,2014J
356523,CCC,2014J
357820,CCC,2014J
358578,CCC,2014J
359657,CCC,2014J
359958,CCC,2014J
360483,CCC,2014J
362140,CCC,2014J
362548,CCC,2014J
364066,CCC,2014J
364103,CCC,2014J
365661,CCC,2014J
365701,CCC,2014J
366164,CCC,2014J
366367,CCC,2014J
367352,CCC,2014J
367510,CCC,2014J
367815,CCC,2014J
368436,CCC,2014J
370839,CCC,2014J
371439,CCC,2014J
372234,CCC,2014J
372577,CCC,2014J
378576,CCC,2014J
379042,CCC,2014J
379185,CCC,2014J
379255,CCC,2014J
379265,CCC,2014J
379406,CCC,2014J
382378,CCC,2014J
382857,CCC,2014J
384106,CCC,2014J
385033,CCC,2014J
385980,CCC,2014J
387944,CCC,2014J
387963,CCC,2014J
389250,CCC,2014J
389267,CCC,2014J
391059,CCC,2014J
391466,CCC,2014J
392890,CCC,2014J
393094,CCC,2014J
393142,CCC,2014J
393526,CCC,2014J
394791,CCC,2014J
395757,CCC,2014J
396631,CCC,2014J
398496,CCC,2014J
400266,CCC,2014J
400958,CCC,2014J
401011,CCC,2014J
401258,CCC,2014J
402210,CCC,2014J
402378,CCC,2014J
402883,CCC,2014J
405125,CCC,2014J
406254,CCC,2014J
406326,CCC,2014J
406698,CCC,2014J
407404,CCC,2014J
408608,CCC,2014J
409852,CCC,2014J
409953,CCC,2014J
410176,CCC,2014J
412304,CCC,2014J
412600,CCC,2014J
412663,CCC,2014J
413200,CCC,2014J
415023,CCC,2014J
415631,CCC,2014J
416284,CCC,2014J
416860,CCC,2014J
417522,CCC,2014J
418397,CCC,2014J
418971,CCC,2014J
419024,CCC,2014J
420042,CCC,2014J
421111,CCC,2014J
422343,CCC,2014J
422542,CCC,2014J
422670,CCC,2014J
422697,CCC,2014J
423622,CCC,2014J
423664,CCC,2014J
425053,CCC,2014J
425287,CCC,2014J
425919,CCC,2014J
426316,CCC,2014J
427390,CCC,2014J
427413,CCC,2014J
430020,CCC,2014J
430487,CCC,2014J
430806,CCC,2014J
432478,CCC,2014J
432724,CCC,2014J
433794,CCC,2014J
436900,CCC,2014J
437482,CCC,2014J
437968,CCC,2014J
439855,CCC,2014J
440103,CCC,2014J
440171,CCC,2014J
440637,CCC,2014J
441024,CCC,2014J
442669,CCC,2014J
442823,CCC,2014J
442924,CCC,2014J
443837,CCC,2014J
443964,CCC,2014J
445114,CCC,2014J
445921,CCC,2014J
446439,CCC,2014J
446479,CCC,2014J
446778,CCC,2014J
447644,CCC,2014J
447695,CCC,2014J
448370,CCC,2014J
464732,CCC,2014J
464780,CCC,2014J
464924,CCC,2014J
464981,CCC,2014J
465331,CCC,2014J
465577,CCC,2014J
465619,CCC,2014J
465732,CCC,2014J
465764,CCC,2014J
465789,CCC,2014J
465900,CCC,2014J
466360,CCC,2014J
467144,CCC,2014J
467753,CCC,2014J
468623,CCC,2014J
468902,CCC,2014J
469614,CCC,2014J
469887,CCC,2014J
470159,CCC,2014J
470385,CCC,2014J
470617,CCC,2014J
470914,CCC,2014J
471374,CCC,2014J
471580,CCC,2014J
471810,CCC,2014J
471977,CCC,2014J
472651,CCC,2014J
472736,CCC,2014J
473082,CCC,2014J
473491,CCC,2014J
474377,CCC,2014J
474495,CCC,2014J
475065,CCC,2014J
475149,CCC,2014J
475734,CCC,2014J
477099,CCC,2014J
477185,CCC,2014J
477246,CCC,2014J
477488,CCC,2014J
478346,CCC,2014J
478496,CCC,2014J
478562,CCC,2014J
479987,CCC,2014J
480115,CCC,2014J
481169,CCC,2014J
481314,CCC,2014J
481350,CCC,2014J
481618,CCC,2014J
482145,CCC,2014J
482751,CCC,2014J
482868,CCC,2014J
482938,CCC,2014J
483108,CCC,2014J
483543,CCC,2014J
483666,CCC,2014J
483793,CCC,2014J
483858,CCC,2014J
484223,CCC,2014J
484435,CCC,2014J
484787,CCC,2014J
485949,CCC,2014J
486300,CCC,2014J
486877,CCC,2014J
487314,CCC,2014J
487570,CCC,2014J
488192,CCC,2014J
488617,CCC,2014J
488755,CCC,2014J
489990,CCC,2014J
490313,CCC,2014J
490542,CCC,2014J
491033,CCC,2014J
491926,CCC,2014J
492020,CCC,2014J
492537,CCC,2014J
492613,CCC,2014J
493416,CCC,2014J
494498,CCC,2014J
494829,CCC,2014J
494911,CCC,2014J
495438,CCC,2014J
496355,CCC,2014J
496530,CCC,2014J
496845,CCC,2014J
497536,CCC,2014J
497955,CCC,2014J
498225,CCC,2014J
498236,CCC,2014J
498459,CCC,2014J
498602,CCC,2014J
498828,CCC,2014J
499683,CCC,2014J
499703,CCC,2014J
499813,CCC,2014J
499848,CCC,2014J
500189,CCC,2014J
500440,CCC,2014J
501146,CCC,2014J
501867,CCC,2014J
501897,CCC,2014J
502353,CCC,2014J
503400,CCC,2014J
503457,CCC,2014J
503610,CCC,2014J
503710,CCC,2014J
503779,CCC,2014J
504363,CCC,2014J
505108,CCC,2014J
505403,CCC,2014J
505700,CCC,2014J
505722,CCC,2014J
505815,CCC,2014J
505930,CCC,2014J
506144,CCC,2014J
506543,CCC,2014J
507031,CCC,2014J
507344,CCC,2014J
507671,CCC,2014J
508244,CCC,2014J
508637,CCC,2014J
509148,CCC,2014J
509150,CCC,2014J
509710,CCC,2014J
510054,CCC,2014J
510266,CCC,2014J
510401,CCC,2014J
510460,CCC,2014J
510846,CCC,2014J
511258,CCC,2014J
511350,CCC,2014J
511612,CCC,2014J
511859,CCC,2014J
512257,CCC,2014J
512259,CCC,2014J
512330,CCC,2014J
512546,CCC,2014J
512852,CCC,2014J
512861,CCC,2014J
513918,CCC,2014J
513969,CCC,2014J
514504,CCC,2014J
515125,CCC,2014J
515426,CCC,2014J
515734,CCC,2014J
515857,CCC,2014J
517223,CCC,2014J
517416,CCC,2014J
518134,CCC,2014J
518359,CCC,2014J
519057,CCC,2014J
519116,CCC,2014J
519506,CCC,2014J
519879,CCC,2014J
520077,CCC,2014J
520750,CCC,2014J
521115,CCC,2014J
521292,CCC,2014J
522004,CCC,2014J
522257,CCC,2014J
522525,CCC,2014J
522534,CCC,2014J
522708,CCC,2014J
522754,CCC,2014J
523334,CCC,2014J
523762,CCC,2014J
523817,CCC,2014J
523944,CCC,2014J
524019,CCC,2014J
524170,CCC,2014J
524276,CCC,2014J
524431,CCC,2014J
524851,CCC,2014J
525060,CCC,2014J
526124,CCC,2014J
526132,CCC,2014J
526235,CCC,2014J
526441,CCC,2014J
526601,CCC,2014J
527958,CCC,2014J
528021,CCC,2014J
528290,CCC,2014J
528506,CCC,2014J
529179,CCC,2014J
529309,CCC,2014J
529512,CCC,2014J
529550,CCC,2014J
529723,CCC,2014J
529975,CCC,2014J
531674,CCC,2014J
531896,CCC,2014J
532565,CCC,2014J
532649,CCC,2014J
532744,CCC,2014J
532846,CCC,2014J
533006,CCC,2014J
533512,CCC,2014J
533689,CCC,2014J
534074,CCC,2014J
534093,CCC,2014J
534203,CCC,2014J
534733,CCC,2014J
535161,CCC,2014J
535259,CCC,2014J
535648,CCC,2014J
536276,CCC,2014J
536825,CCC,2014J
537811,CCC,2014J
539408,CCC,2014J
539451,CCC,2014J
540509,CCC,2014J
540694,CCC,2014J
540885,CCC,2014J
541482,CCC,2014J
541538,CCC,2014J
542054,CCC,2014J
542134,CCC,2014J
542180,CCC,2014J
542557,CCC,2014J
543417,CCC,2014J
543653,CCC,2014J
543788,CCC,2014J
543953,CCC,2014J
544071,CCC,2014J
544267,CCC,2014J
544319,CCC,2014J
544720,CCC,2014J
545118,CCC,2014J
545255,CCC,2014J
545493,CCC,2014J
545704,CCC,2014J
545758,CCC,2014J
546400,CCC,2014J
546634,CCC,2014J
547128,CCC,2014J
547153,CCC,2014J
547506,CCC,2014J
548922,CCC,2014J
548926,CCC,2014J
549113,CCC,2014J
549677,CCC,2014J
549706,CCC,2014J
549769,CCC,2014J
549783,CCC,2014J
549888,CCC,2014J
549922,CCC,2014J
550393,CCC,2014J
550545,CCC,2014J
550702,CCC,2014J
550814,CCC,2014J
551158,CCC,2014J
551214,CCC,2014J
551332,CCC,2014J
551397,CCC,2014J
551589,CCC,2014J
551791,CCC,2014J
552220,CCC,2014J
552255,CCC,2014J
552498,CCC,2014J
552666,CCC,2014J
553599,CCC,2014J
553719,CCC,2014J
553741,CCC,2014J
554065,CCC,2014J
554444,CCC,2014J
554459,CCC,2014J
554691,CCC,2014J
555498,CCC,2014J
555760,CCC,2014J
555884,CCC,2014J
555989,CCC,2014J
556251,CCC,2014J
556440,CCC,2014J
556450,CCC,2014J
556476,CCC,2014J
556521,CCC,2014J
556645,CCC,2014J
556788,CCC,2014J
556824,CCC,2014J
557650,CCC,2014J
557700,CCC,2014J
557959,CCC,2014J
558440,CCC,2014J
558463,CCC,2014J
558839,CCC,2014J
559225,CCC,2014J
559672,CCC,2014J
559912,CCC,2014J
560064,CCC,2014J
560065,CCC,2014J
560399,CCC,2014J
560554,CCC,2014J
560784,CCC,2014J
560879,CCC,2014J
561113,CCC,2014J
561195,CCC,2014J
561208,CCC,2014J
561476,CCC,2014J
561560,CCC,2014J
561826,CCC,2014J
561848,CCC,2014J
561913,CCC,2014J
562437,CCC,2014J
562884,CCC,2014J
563016,CCC,2014J
563051,CCC,2014J
563321,CCC,2014J
563430,CCC,2014J
563920,CCC,2014J
563967,CCC,2014J
564649,CCC,2014J
564931,CCC,2014J
565066,CCC,2014J
565109,CCC,2014J
565605,CCC,2014J
565707,CCC,2014J
565743,CCC,2014J
565840,CCC,2014J
565883,CCC,2014J
566447,CCC,2014J
566464,CCC,2014J
566664,CCC,2014J
566694,CCC,2014J
566938,CCC,2014J
566979,CCC,2014J
567451,CCC,2014J
567597,CCC,2014J
567719,CCC,2014J
567888,CCC,2014J
568307,CCC,2014J
568948,CCC,2014J
569049,CCC,2014J
569132,CCC,2014J
569625,CCC,2014J
569944,CCC,2014J
570453,CCC,2014J
570491,CCC,2014J
570671,CCC,2014J
570732,CCC,2014J
570757,CCC,2014J
570895,CCC,2014J
570954,CCC,2014J
571131,CCC,2014J
571610,CCC,2014J
571765,CCC,2014J
571808,CCC,2014J
571833,CCC,2014J
571921,CCC,2014J
571950,CCC,2014J
571962,CCC,2014J
572098,CCC,2014J
572154,CCC,2014J
572231,CCC,2014J
572339,CCC,2014J
572396,CCC,2014J
572431,CCC,2014J
572537,CCC,2014J
572584,CCC,2014J
572589,CCC,2014J
572599,CCC,2014J
572659,CCC,2014J
572735,CCC,2014J
572754,CCC,2014J
572783,CCC,2014J
572816,CCC,2014J
572874,CCC,2014J
572919,CCC,2014J
573093,CCC,2014J
573153,CCC,2014J
573473,CCC,2014J
573481,CCC,2014J
573689,CCC,2014J
573920,CCC,2014J
573924,CCC,2014J
574056,CCC,2014J
574310,CCC,2014J
574507,CCC,2014J
574508,CCC,2014J
574586,CCC,2014J
574705,CCC,2014J
574720,CCC,2014J
574891,CCC,2014J
574928,CCC,2014J
575047,CCC,2014J
575162,CCC,2014J
575258,CCC,2014J
575265,CCC,2014J
575553,CCC,2014J
575763,CCC,2014J
575766,CCC,2014J
576433,CCC,2014J
576439,CCC,2014J
576541,CCC,2014J
576568,CCC,2014J
576876,CCC,2014J
577148,CCC,2014J
577279,CCC,2014J
577427,CCC,2014J
577458,CCC,2014J
577460,CCC,2014J
577566,CCC,2014J
578000,CCC,2014J
578634,CCC,2014J
578815,CCC,2014J
578820,CCC,2014J
578823,CCC,2014J
579052,CCC,2014J
579176,CCC,2014J
579283,CCC,2014J
579325,CCC,2014J
579362,CCC,2014J
580342,CCC,2014J
580657,CCC,2014J
580709,CCC,2014J
580714,CCC,2014J
580722,CCC,2014J
580798,CCC,2014J
580845,CCC,2014J
580916,CCC,2014J
581123,CCC,2014J
581179,CCC,2014J
581288,CCC,2014J
581316,CCC,2014J
581410,CCC,2014J
581552,CCC,2014J
581676,CCC,2014J
581708,CCC,2014J
581770,CCC,2014J
581914,CCC,2014J
582320,CCC,2014J
582340,CCC,2014J
582395,CCC,2014J
582514,CCC,2014J
582530,CCC,2014J
582651,CCC,2014J
582723,CCC,2014J
583288,CCC,2014J
583293,CCC,2014J
583704,CCC,2014J
583993,CCC,2014J
584077,CCC,2014J
584281,CCC,2014J
584386,CCC,2014J
584414,CCC,2014J
584443,CCC,2014J
584553,CCC,2014J
584711,CCC,2014J
584771,CCC,2014J
584926,CCC,2014J
585134,CCC,2014J
585154,CCC,2014J
585359,CCC,2014J
585422,CCC,2014J
585433,CCC,2014J
585526,CCC,2014J
585643,CCC,2014J
585662,CCC,2014J
585769,CCC,2014J
585911,CCC,2014J
586046,CCC,2014J
586047,CCC,2014J
586088,CCC,2014J
586227,CCC,2014J
586233,CCC,2014J
586261,CCC,2014J
586476,CCC,2014J
586497,CCC,2014J
586550,CCC,2014J
586594,CCC,2014J
586668,CCC,2014J
586762,CCC,2014J
586781,CCC,2014J
586808,CCC,2014J
586838,CCC,2014J
586921,CCC,2014J
587008,CCC,2014J
587082,CCC,2014J
587122,CCC,2014J
587195,CCC,2014J
587244,CCC,2014J
587377,CCC,2014J
587391,CCC,2014J
587547,CCC,2014J
587550,CCC,2014J
587793,CCC,2014J
587881,CCC,2014J
587900,CCC,2014J
588033,CCC,2014J
588100,CCC,2014J
588170,CCC,2014J
588178,CCC,2014J
588261,CCC,2014J
588493,CCC,2014J
588556,CCC,2014J
588566,CCC,2014J
588765,CCC,2014J
588824,CCC,2014J
588842,CCC,2014J
589223,CCC,2014J
589327,CCC,2014J
589438,CCC,2014J
589441,CCC,2014J
589463,CCC,2014J
589523,CCC,2014J
589565,CCC,2014J
589634,CCC,2014J
589723,CCC,2014J
589778,CCC,2014J
589782,CCC,2014J
590519,CCC,2014J
590676,CCC,2014J
590886,CCC,2014J
590974,CCC,2014J
591083,CCC,2014J
591593,CCC,2014J
591619,CCC,2014J
591733,CCC,2014J
591869,CCC,2014J
591891,CCC,2014J
592051,CCC,2014J
592093,CCC,2014J
592124,CCC,2014J
592259,CCC,2014J
592338,CCC,2014J
592372,CCC,2014J
592494,CCC,2014J
592625,CCC,2014J
592657,CCC,2014J
592731,CCC,2014J
592805,CCC,2014J
592997,CCC,2014J
593607,CCC,2014J
593657,CCC,2014J
594052,CCC,2014J
594214,CCC,2014J
594326,CCC,2014J
594399,CCC,2014J
595106,CCC,2014J
595495,CCC,2014J
595514,CCC,2014J
595553,CCC,2014J
595655,CCC,2014J
595746,CCC,2014J
595938,CCC,2014J
595988,CCC,2014J
596052,CCC,2014J
596245,CCC,2014J
596332,CCC,2014J
596441,CCC,2014J
596620,CCC,2014J
596711,CCC,2014J
596789,CCC,2014J
596812,CCC,2014J
596845,CCC,2014J
596846,CCC,2014J
596860,CCC,2014J
596931,CCC,2014J
597052,CCC,2014J
597166,CCC,2014J
597319,CCC,2014J
597365,CCC,2014J
597433,CCC,2014J
597436,CCC,2014J
597560,CCC,2014J
597755,CCC,2014J
597948,CCC,2014J
598028,CCC,2014J
598102,CCC,2014J
598299,CCC,2014J
598478,CCC,2014J
598501,CCC,2014J
598713,CCC,2014J
598751,CCC,2014J
598887,CCC,2014J
598963,CCC,2014J
598983,CCC,2014J
599084,CCC,2014J
599109,CCC,2014J
599169,CCC,2014J
599176,CCC,2014J
599429,CCC,2014J
599452,CCC,2014J
599461,CCC,2014J
599491,CCC,2014J
599663,CCC,2014J
599740,CCC,2014J
599976,CCC,2014J
600042,CCC,2014J
600067,CCC,2014J
600175,CCC,2014J
600350,CCC,2014J
600509,CCC,2014J
600535,CCC,2014J
600547,CCC,2014J
600796,CCC,2014J
600869,CCC,2014J
600898,CCC,2014J
601043,CCC,2014J
601082,CCC,2014J
601234,CCC,2014J
601517,CCC,2014J
601566,CCC,2014J
601653,CCC,2014J
601735,CCC,2014J
601753,CCC,2014J
601857,CCC,2014J
602123,CCC,2014J
602288,CCC,2014J
602533,CCC,2014J
602585,CCC,2014J
602683,CCC,2014J
602806,CCC,2014J
602827,CCC,2014J
602856,CCC,2014J
602973,CCC,2014J
603049,CCC,2014J
603129,CCC,2014J
603179,CCC,2014J
603302,CCC,2014J
603325,CCC,2014J
603529,CCC,2014J
603560,CCC,2014J
603620,CCC,2014J
603728,CCC,2014J
603979,CCC,2014J
604057,CCC,2014J
604164,CCC,2014J
604379,CCC,2014J
604694,CCC,2014J
604825,CCC,2014J
604906,CCC,2014J
605264,CCC,2014J
605367,CCC,2014J
605459,CCC,2014J
605468,CCC,2014J
605540,CCC,2014J
605840,CCC,2014J
606036,CCC,2014J
606064,CCC,2014J
606170,CCC,2014J
606182,CCC,2014J
606344,CCC,2014J
607047,CCC,2014J
607085,CCC,2014J
607094,CCC,2014J
607143,CCC,2014J
607427,CCC,2014J
607429,CCC,2014J
607453,CCC,2014J
607555,CCC,2014J
607668,CCC,2014J
607812,CCC,2014J
607900,CCC,2014J
608422,CCC,2014J
608423,CCC,2014J
608571,CCC,2014J
608577,CCC,2014J
608669,CCC,2014J
608746,CCC,2014J
608821,CCC,2014J
608891,CCC,2014J
608978,CCC,2014J
608983,CCC,2014J
609044,CCC,2014J
609235,CCC,2014J
609456,CCC,2014J
609527,CCC,2014J
609605,CCC,2014J
609823,CCC,2014J
609891,CCC,2014J
610033,CCC,2014J
610234,CCC,2014J
610279,CCC,2014J
610285,CCC,2014J
610287,CCC,2014J
610537,CCC,2014J
610549,CCC,2014J
610622,CCC,2014J
610650,CCC,2014J
610681,CCC,2014J
610881,CCC,2014J
610904,CCC,2014J
611033,CCC,2014J
611255,CCC,2014J
611407,CCC,2014J
611417,CCC,2014J
611465,CCC,2014J
611520,CCC,2014J
611593,CCC,2014J
611813,CCC,2014J
612127,CCC,2014J
612177,CCC,2014J
612179,CCC,2014J
612187,CCC,2014J
612283,CCC,2014J
612439,CCC,2014J
612449,CCC,2014J
612568,CCC,2014J
612860,CCC,2014J
613122,CCC,2014J
613370,CCC,2014J
613644,CCC,2014J
613667,CCC,2014J
613806,CCC,2014J
613954,CCC,2014J
614265,CCC,2014J
614300,CCC,2014J
614458,CCC,2014J
614623,CCC,2014J
614804,CCC,2014J
615075,CCC,2014J
615241,CCC,2014J
615426,CCC,2014J
616386,CCC,2014J
616407,CCC,2014J
616439,CCC,2014J
616646,CCC,2014J
616658,CCC,2014J
616789,CCC,2014J
617130,CCC,2014J
617327,CCC,2014J
617341,CCC,2014J
617418,CCC,2014J
618377,CCC,2014J
618513,CCC,2014J
618590,CCC,2014J
618649,CCC,2014J
618683,CCC,2014J
618849,CCC,2014J
618865,CCC,2014J
618875,CCC,2014J
618982,CCC,2014J
619359,CCC,2014J
619380,CCC,2014J
619472,CCC,2014J
619503,CCC,2014J
619927,CCC,2014J
620369,CCC,2014J
620608,CCC,2014J
620652,CCC,2014J
620716,CCC,2014J
620782,CCC,2014J
620819,CCC,2014J
620897,CCC,2014J
621001,CCC,2014J
621300,CCC,2014J
621380,CCC,2014J
621414,CCC,2014J
621442,CCC,2014J
621605,CCC,2014J
621696,CCC,2014J
621699,CCC,2014J
621884,CCC,2014J
622015,CCC,2014J
622027,CCC,2014J
622086,CCC,2014J
622096,CCC,2014J
622192,CCC,2014J
622384,CCC,2014J
622413,CCC,2014J
622541,CCC,2014J
622812,CCC,2014J
622890,CCC,2014J
622935,CCC,2014J
622972,CCC,2014J
622976,CCC,2014J
623002,CCC,2014J
623079,CCC,2014J
623100,CCC,2014J
623124,CCC,2014J
623221,CCC,2014J
623407,CCC,2014J
623484,CCC,2014J
623511,CCC,2014J
623523,CCC,2014J
624060,CCC,2014J
624092,CCC,2014J
624126,CCC,2014J
624256,CCC,2014J
624354,CCC,2014J
624469,CCC,2014J
624493,CCC,2014J
624585,CCC,2014J
624730,CCC,2014J
624789,CCC,2014J
624860,CCC,2014J
624957,CCC,2014J
625067,CCC,2014J
625078,CCC,2014J
625098,CCC,2014J
625126,CCC,2014J
625263,CCC,2014J
625288,CCC,2014J
625357,CCC,2014J
625928,CCC,2014J
626103,CCC,2014J
626296,CCC,2014J
626407,CCC,2014J
626417,CCC,2014J
626463,CCC,2014J
626625,CCC,2014J
626753,CCC,2014J
626757,CCC,2014J
626768,CCC,2014J
626878,CCC,2014J
627184,CCC,2014J
627290,CCC,2014J
627295,CCC,2014J
627417,CCC,2014J
627471,CCC,2014J
627527,CCC,2014J
627599,CCC,2014J
627947,CCC,2014J
628034,CCC,2014J
628216,CCC,2014J
628300,CCC,2014J
628361,CCC,2014J
628407,CCC,2014J
628480,CCC,2014J
628618,CCC,2014J
628706,CCC,2014J
628717,CCC,2014J
628720,CCC,2014J
628777,CCC,2014J
628803,CCC,2014J
628806,CCC,2014J
628846,CCC,2014J
629014,CCC,2014J
629400,CCC,2014J
629405,CCC,2014J
629560,CCC,2014J
629607,CCC,2014J
629692,CCC,2014J
629822,CCC,2014J
630013,CCC,2014J
630073,CCC,2014J
630165,CCC,2014J
630177,CCC,2014J
630200,CCC,2014J
630430,CCC,2014J
630431,CCC,2014J
630467,CCC,2014J
630510,CCC,2014J
630541,CCC,2014J
630891,CCC,2014J
630905,CCC,2014J
630935,CCC,2014J
631016,CCC,2014J
631023,CCC,2014J
631073,CCC,2014J
631117,CCC,2014J
631247,CCC,2014J
631356,CCC,2014J
631573,CCC,2014J
631663,CCC,2014J
631771,CCC,2014J
631851,CCC,2014J
631860,CCC,2014J
631870,CCC,2014J
631880,CCC,2014J
632004,CCC,2014J
632083,CCC,2014J
632134,CCC,2014J
632378,CCC,2014J
632451,CCC,2014J
632575,CCC,2014J
632626,CCC,2014J
632637,CCC,2014J
632700,CCC,2014J
632709,CCC,2014J
632756,CCC,2014J
632866,CCC,2014J
632904,CCC,2014J
632929,CCC,2014J
633008,CCC,2014J
633047,CCC,2014J
633069,CCC,2014J
633157,CCC,2014J
633179,CCC,2014J
633205,CCC,2014J
633238,CCC,2014J
633303,CCC,2014J
633328,CCC,2014J
633334,CCC,2014J
633511,CCC,2014J
633618,CCC,2014J
633634,CCC,2014J
633655,CCC,2014J
633746,CCC,2014J
633756,CCC,2014J
633914,CCC,2014J
633960,CCC,2014J
633990,CCC,2014J
634111,CCC,2014J
634193,CCC,2014J
634200,CCC,2014J
634309,CCC,2014J
634351,CCC,2014J
634365,CCC,2014J
634420,CCC,2014J
634536,CCC,2014J
634552,CCC,2014J
634648,CCC,2014J
634655,CCC,2014J
634721,CCC,2014J
634817,CCC,2014J
634824,CCC,2014J
634853,CCC,2014J
635573,CCC,2014J
635711,CCC,2014J
635802,CCC,2014J
636000,CCC,2014J
636124,CCC,2014J
636243,CCC,2014J
636364,CCC,2014J
636387,CCC,2014J
636420,CCC,2014J
636422,CCC,2014J
636628,CCC,2014J
636716,CCC,2014J
636732,CCC,2014J
636743,CCC,2014J
636783,CCC,2014J
636996,CCC,2014J
637070,CCC,2014J
637086,CCC,2014J
637089,CCC,2014J
637325,CCC,2014J
637691,CCC,2014J
637708,CCC,2014J
637754,CCC,2014J
637939,CCC,2014J
638018,CCC,2014J
638040,CCC,2014J
638243,CCC,2014J
638254,CCC,2014J
638426,CCC,2014J
638504,CCC,2014J
638771,CCC,2014J
639012,CCC,2014J
639176,CCC,2014J
639232,CCC,2014J
640109,CCC,2014J
640443,CCC,2014J
640662,CCC,2014J
640773,CCC,2014J
641347,CCC,2014J
641363,CCC,2014J
641684,CCC,2014J
641696,CCC,2014J
641804,CCC,2014J
642066,CCC,2014J
642261,CCC,2014J
642291,CCC,2014J
642591,CCC,2014J
642627,CCC,2014J
642744,CCC,2014J
642790,CCC,2014J
642817,CCC,2014J
642838,CCC,2014J
642839,CCC,2014J
642850,CCC,2014J
642902,CCC,2014J
643114,CCC,2014J
643199,CCC,2014J
643200,CCC,2014J
643269,CCC,2014J
643278,CCC,2014J
643309,CCC,2014J
643357,CCC,2014J
643403,CCC,2014J
643404,CCC,2014J
643416,CCC,2014J
643434,CCC,2014J
643457,CCC,2014J
643514,CCC,2014J
643568,CCC,2014J
643690,CCC,2014J
643757,CCC,2014J
643770,CCC,2014J
644242,CCC,2014J
644246,CCC,2014J
644369,CCC,2014J
644453,CCC,2014J
644480,CCC,2014J
644516,CCC,2014J
644828,CCC,2014J
644848,CCC,2014J
644905,CCC,2014J
644951,CCC,2014J
644974,CCC,2014J
645144,CCC,2014J
645160,CCC,2014J
645174,CCC,2014J
645216,CCC,2014J
645219,CCC,2014J
645334,CCC,2014J
645353,CCC,2014J
645369,CCC,2014J
645481,CCC,2014J
645586,CCC,2014J
645590,CCC,2014J
645698,CCC,2014J
645710,CCC,2014J
645770,CCC,2014J
645792,CCC,2014J
645835,CCC,2014J
645867,CCC,2014J
645939,CCC,2014J
645948,CCC,2014J
646077,CCC,2014J
646173,CCC,2014J
646351,CCC,2014J
646359,CCC,2014J
646363,CCC,2014J
646406,CCC,2014J
646481,CCC,2014J
646502,CCC,2014J
646547,CCC,2014J
646553,CCC,2014J
646589,CCC,2014J
646628,CCC,2014J
646689,CCC,2014J
646739,CCC,2014J
646747,CCC,2014J
646751,CCC,2014J
646841,CCC,2014J
646938,CCC,2014J
646998,CCC,2014J
647148,CCC,2014J
647184,CCC,2014J
647195,CCC,2014J
647391,CCC,2014J
647464,CCC,2014J
647593,CCC,2014J
647645,CCC,2014J
647684,CCC,2014J
647735,CCC,2014J
647763,CCC,2014J
647865,CCC,2014J
647869,CCC,2014J
647887,CCC,2014J
647947,CCC,2014J
648085,CCC,2014J
648140,CCC,2014J
648161,CCC,2014J
648285,CCC,2014J
648354,CCC,2014J
648363,CCC,2014J
648369,CCC,2014J
648419,CCC,2014J
648448,CCC,2014J
648477,CCC,2014J
648521,CCC,2014J
648536,CCC,2014J
648590,CCC,2014J
648605,CCC,2014J
648606,CCC,2014J
648625,CCC,2014J
648654,CCC,2014J
648781,CCC,2014J
648818,CCC,2014J
648833,CCC,2014J
648868,CCC,2014J
649105,CCC,2014J
649129,CCC,2014J
649141,CCC,2014J
649215,CCC,2014J
649248,CCC,2014J
649394,CCC,2014J
649523,CCC,2014J
649592,CCC,2014J
649604,CCC,2014J
649607,CCC,2014J
649701,CCC,2014J
649780,CCC,2014J
649816,CCC,2014J
649840,CCC,2014J
649856,CCC,2014J
649868,CCC,2014J
650070,CCC,2014J
650074,CCC,2014J
650085,CCC,2014J
650099,CCC,2014J
650105,CCC,2014J
650133,CCC,2014J
650145,CCC,2014J
650163,CCC,2014J
650271,CCC,2014J
650341,CCC,2014J
650414,CCC,2014J
650424,CCC,2014J
650511,CCC,2014J
650787,CCC,2014J
650849,CCC,2014J
650850,CCC,2014J
650856,CCC,2014J
651156,CCC,2014J
651159,CCC,2014J
651187,CCC,2014J
651236,CCC,2014J
651267,CCC,2014J
651298,CCC,2014J
651325,CCC,2014J
651371,CCC,2014J
651423,CCC,2014J
651508,CCC,2014J
651616,CCC,2014J
651651,CCC,2014J
651734,CCC,2014J
651759,CCC,2014J
651764,CCC,2014J
651823,CCC,2014J
651839,CCC,2014J
651850,CCC,2014J
651935,CCC,2014J
651963,CCC,2014J
652023,CCC,2014J
652406,CCC,2014J
652428,CCC,2014J
652501,CCC,2014J
652570,CCC,2014J
652894,CCC,2014J
652902,CCC,2014J
652945,CCC,2014J
652994,CCC,2014J
653115,CCC,2014J
653127,CCC,2014J
653177,CCC,2014J
653352,CCC,2014J
653506,CCC,2014J
653700,CCC,2014J
653726,CCC,2014J
653821,CCC,2014J
653887,CCC,2014J
653977,CCC,2014J
653998,CCC,2014J
654000,CCC,2014J
654016,CCC,2014J
654095,CCC,2014J
654114,CCC,2014J
654188,CCC,2014J
654202,CCC,2014J
654258,CCC,2014J
654295,CCC,2014J
654322,CCC,2014J
654539,CCC,2014J
654671,CCC,2014J
654755,CCC,2014J
654817,CCC,2014J
654828,CCC,2014J
654915,CCC,2014J
655051,CCC,2014J
655293,CCC,2014J
655353,CCC,2014J
655390,CCC,2014J
655408,CCC,2014J
655484,CCC,2014J
655498,CCC,2014J
655627,CCC,2014J
655761,CCC,2014J
655890,CCC,2014J
655927,CCC,2014J
655953,CCC,2014J
655973,CCC,2014J
655988,CCC,2014J
656026,CCC,2014J
656203,CCC,2014J
656277,CCC,2014J
656287,CCC,2014J
656340,CCC,2014J
656535,CCC,2014J
656634,CCC,2014J
656642,CCC,2014J
656683,CCC,2014J
656878,CCC,2014J
656929,CCC,2014J
656954,CCC,2014J
656978,CCC,2014J
657050,CCC,2014J
657145,CCC,2014J
657210,CCC,2014J
657211,CCC,2014J
657285,CCC,2014J
657319,CCC,2014J
665414,CCC,2014J
669530,CCC,2014J
674430,CCC,2014J
674497,CCC,2014J
674541,CCC,2014J
674808,CCC,2014J
674814,CCC,2014J
674882,CCC,2014J
674965,CCC,2014J
675054,CCC,2014J
675063,CCC,2014J
675111,CCC,2014J
675374,CCC,2014J
675383,CCC,2014J
675396,CCC,2014J
675441,CCC,2014J
675442,CCC,2014J
675450,CCC,2014J
675477,CCC,2014J
675504,CCC,2014J
675758,CCC,2014J
675760,CCC,2014J
675823,CCC,2014J
675875,CCC,2014J
675915,CCC,2014J
676138,CCC,2014J
676150,CCC,2014J
676366,CCC,2014J
676390,CCC,2014J
676469,CCC,2014J
676503,CCC,2014J
676538,CCC,2014J
676650,CCC,2014J
676736,CCC,2014J
676760,CCC,2014J
676783,CCC,2014J
676884,CCC,2014J
676916,CCC,2014J
676964,CCC,2014J
677006,CCC,2014J
677018,CCC,2014J
677085,CCC,2014J
677089,CCC,2014J
677270,CCC,2014J
677323,CCC,2014J
677349,CCC,2014J
677382,CCC,2014J
677459,CCC,2014J
677566,CCC,2014J
677641,CCC,2014J
677721,CCC,2014J
677741,CCC,2014J
677887,CCC,2014J
678088,CCC,2014J
678194,CCC,2014J
678203,CCC,2014J
678204,CCC,2014J
678339,CCC,2014J
678382,CCC,2014J
678393,CCC,2014J
678395,CCC,2014J
678408,CCC,2014J
678419,CCC,2014J
678474,CCC,2014J
678538,CCC,2014J
678790,CCC,2014J
678811,CCC,2014J
678843,CCC,2014J
678860,CCC,2014J
679037,CCC,2014J
679128,CCC,2014J
679179,CCC,2014J
679207,CCC,2014J
679325,CCC,2014J
679363,CCC,2014J
679386,CCC,2014J
679468,CCC,2014J
679529,CCC,2014J
679539,CCC,2014J
679569,CCC,2014J
679599,CCC,2014J
679733,CCC,2014J
679750,CCC,2014J
679886,CCC,2014J
679939,CCC,2014J
680002,CCC,2014J
680133,CCC,2014J
680145,CCC,2014J
680187,CCC,2014J
680222,CCC,2014J
680333,CCC,2014J
680602,CCC,2014J
680687,CCC,2014J
680698,CCC,2014J
680765,CCC,2014J
680804,CCC,2014J
680890,CCC,2014J
681165,CCC,2014J
681174,CCC,2014J
681235,CCC,2014J
681302,CCC,2014J
681335,CCC,2014J
681642,CCC,2014J
681704,CCC,2014J
681789,CCC,2014J
681844,CCC,2014J
681966,CCC,2014J
682041,CCC,2014J
682226,CCC,2014J
682259,CCC,2014J
682301,CCC,2014J
682309,CCC,2014J
682367,CCC,2014J
682414,CCC,2014J
682511,CCC,2014J
682565,CCC,2014J
682569,CCC,2014J
682717,CCC,2014J
682738,CCC,2014J
682961,CCC,2014J
683073,CCC,2014J
683203,CCC,2014J
683220,CCC,2014J
683373,CCC,2014J
683406,CCC,2014J
683449,CCC,2014J
683503,CCC,2014J
683668,CCC,2014J
683777,CCC,2014J
683912,CCC,2014J
684208,CCC,2014J
684270,CCC,2014J
684498,CCC,2014J
684511,CCC,2014J
684514,CCC,2014J
684617,CCC,2014J
684643,CCC,2014J
684663,CCC,2014J
684669,CCC,2014J
684709,CCC,2014J
684905,CCC,2014J
684990,CCC,2014J
685015,CCC,2014J
685098,CCC,2014J
685206,CCC,2014J
685236,CCC,2014J
685287,CCC,2014J
685289,CCC,2014J
685412,CCC,2014J
685458,CCC,2014J
685474,CCC,2014J
685487,CCC,2014J
685514,CCC,2014J
685557,CCC,2014J
685572,CCC,2014J
685663,CCC,2014J
685705,CCC,2014J
685750,CCC,2014J
685802,CCC,2014J
685849,CCC,2014J
685860,CCC,2014J
685871,CCC,2014J
685950,CCC,2014J
685952,CCC,2014J
685964,CCC,2014J
685988,CCC,2014J
686001,CCC,2014J
686003,CCC,2014J
686034,CCC,2014J
686058,CCC,2014J
686071,CCC,2014J
686268,CCC,2014J
686411,CCC,2014J
686515,CCC,2014J
686558,CCC,2014J
686584,CCC,2014J
686645,CCC,2014J
686797,CCC,2014J
686813,CCC,2014J
686877,CCC,2014J
686957,CCC,2014J
687146,CCC,2014J
687190,CCC,2014J
687206,CCC,2014J
687216,CCC,2014J
687283,CCC,2014J
687310,CCC,2014J
687319,CCC,2014J
687345,CCC,2014J
687348,CCC,2014J
687686,CCC,2014J
687772,CCC,2014J
687844,CCC,2014J
687877,CCC,2014J
687953,CCC,2014J
687981,CCC,2014J
688028,CCC,2014J
688033,CCC,2014J
688117,CCC,2014J
688171,CCC,2014J
688281,CCC,2014J
688337,CCC,2014J
688521,CCC,2014J
688537,CCC,2014J
688672,CCC,2014J
688683,CCC,2014J
688707,CCC,2014J
688770,CCC,2014J
688843,CCC,2014J
689004,CCC,2014J
689050,CCC,2014J
689101,CCC,2014J
689143,CCC,2014J
689164,CCC,2014J
689190,CCC,2014J
689217,CCC,2014J
689246,CCC,2014J
689352,CCC,2014J
689399,CCC,2014J
689436,CCC,2014J
689527,CCC,2014J
689637,CCC,2014J
689759,CCC,2014J
689792,CCC,2014J
689807,CCC,2014J
689855,CCC,2014J
690062,CCC,2014J
690365,CCC,2014J
690404,CCC,2014J
690406,CCC,2014J
690439,CCC,2014J
690507,CCC,2014J
690589,CCC,2014J
690631,CCC,2014J
690644,CCC,2014J
690695,CCC,2014J
690724,CCC,2014J
690733,CCC,2014J
690763,CCC,2014J
690948,CCC,2014J
690962,CCC,2014J
691008,CCC,2014J
691056,CCC,2014J
691069,CCC,2014J
691177,CCC,2014J
691195,CCC,2014J
691218,CCC,2014J
691257,CCC,2014J
691433,CCC,2014J
691550,CCC,2014J
691926,CCC,2014J
691931,CCC,2014J
692105,CCC,2014J
692219,CCC,2014J
692363,CCC,2014J
692490,CCC,2014J
692603,CCC,2014J
692654,CCC,2014J
692928,CCC,2014J
692933,CCC,2014J
693058,CCC,2014J
693141,CCC,2014J
693147,CCC,2014J
693204,CCC,2014J
693340,CCC,2014J
693456,CCC,2014J
693747,CCC,2014J
693812,CCC,2014J
693836,CCC,2014J
693910,CCC,2014J
693938,CCC,2014J
694147,CCC,2014J
694150,CCC,2014J
694361,CCC,2014J
694362,CCC,2014J
694472,CCC,2014J
694510,CCC,2014J
694523,CCC,2014J
694563,CCC,2014J
694579,CCC,2014J
694680,CCC,2014J
694705,CCC,2014J
694860,CCC,2014J
694871,CCC,2014J
694914,CCC,2014J
695122,CCC,2014J
695232,CCC,2014J
695270,CCC,2014J
695340,CCC,2014J
695354,CCC,2014J
695369,CCC,2014J
695518,CCC,2014J
695643,CCC,2014J
695653,CCC,2014J
695673,CCC,2014J
695732,CCC,2014J
695760,CCC,2014J
695874,CCC,2014J
695915,CCC,2014J
695946,CCC,2014J
695976,CCC,2014J
696019,CCC,2014J
696234,CCC,2014J
696253,CCC,2014J
696271,CCC,2014J
696324,CCC,2014J
696357,CCC,2014J
696469,CCC,2014J
696501,CCC,2014J
696696,CCC,2014J
696833,CCC,2014J
696848,CCC,2014J
696930,CCC,2014J
697120,CCC,2014J
697253,CCC,2014J
697283,CCC,2014J
697460,CCC,2014J
697490,CCC,2014J
697511,CCC,2014J
697554,CCC,2014J
697567,CCC,2014J
697948,CCC,2014J
697998,CCC,2014J
698002,CCC,2014J
698112,CCC,2014J
698299,CCC,2014J
698355,CCC,2014J
698598,CCC,2014J
699370,CCC,2014J
857856,CCC,2014J
921739,CCC,2014J
941282,CCC,2014J
943374,CCC,2014J
973526,CCC,2014J
986561,CCC,2014J
1031884,CCC,2014J
1068316,CCC,2014J
1076015,CCC,2014J
1078701,CCC,2014J
1091274,CCC,2014J
1101190,CCC,2014J
1301103,CCC,2014J
1332356,CCC,2014J
1332514,CCC,2014J
1340760,CCC,2014J
1345808,CCC,2014J
1360953,CCC,2014J
1407549,CCC,2014J
1425806,CCC,2014J
1439723,CCC,2014J
1442981,CCC,2014J
1449245,CCC,2014J
1461795,CCC,2014J
1468838,CCC,2014J
1474903,CCC,2014J
1478030,CCC,2014J
1483632,CCC,2014J
1485702,CCC,2014J
1490624,CCC,2014J
1501577,CCC,2014J
1501614,CCC,2014J
1529458,CCC,2014J
1532840,CCC,2014J
1552044,CCC,2014J
1554143,CCC,2014J
1561750,CCC,2014J
1564630,CCC,2014J
1583847,CCC,2014J
1592048,CCC,2014J
1593442,CCC,2014J
1612600,CCC,2014J
1634278,CCC,2014J
1638548,CCC,2014J
1639743,CCC,2014J
1646172,CCC,2014J
1656486,CCC,2014J
1658963,CCC,2014J
1671022,CCC,2014J
1674799,CCC,2014J
1681946,CCC,2014J
1692156,CCC,2014J
1719166,CCC,2014J
1738582,CCC,2014J
1744800,CCC,2014J
1752098,CCC,2014J
1752813,CCC,2014J
1773925,CCC,2014J
1777834,CCC,2014J
1808622,CCC,2014J
1810414,CCC,2014J
1817515,CCC,2014J
1828753,CCC,2014J
1829051,CCC,2014J
1841267,CCC,2014J
1841850,CCC,2014J
1848820,CCC,2014J
1850818,CCC,2014J
1851108,CCC,2014J
1874160,CCC,2014J
1881041,CCC,2014J
1896088,CCC,2014J
1897054,CCC,2014J
1906003,CCC,2014J
1916140,CCC,2014J
1930949,CCC,2014J
1936285,CCC,2014J
1942491,CCC,2014J
1942870,CCC,2014J
1945240,CCC,2014J
1958121,CCC,2014J
1960479,CCC,2014J
1961938,CCC,2014J
1966597,CCC,2014J
1976004,CCC,2014J
1982166,CCC,2014J
1986081,CCC,2014J
1991399,CCC,2014J
1994385,CCC,2014J
2009279,CCC,2014J
2013403,CCC,2014J
2020916,CCC,2014J
2026585,CCC,2014J
2030241,CCC,2014J
2032057,CCC,2014J
2039190,CCC,2014J
2041743,CCC,2014J
2044299,CCC,2014J
2050179,CCC,2014J
2067377,CCC,2014J
2078353,CCC,2014J
2083701,CCC,2014J
2084711,CCC,2014J
2091230,CCC,2014J
2094849,CCC,2014J
2096918,CCC,2014J
2101566,CCC,2014J
2127889,CCC,2014J
2137171,CCC,2014J
2139273,CCC,2014J
2142055,CCC,2014J
2142516,CCC,2014J
2147889,CCC,2014J
2149324,CCC,2014J
2154220,CCC,2014J
2159868,CCC,2014J
2166000,CCC,2014J
2172136,CCC,2014J
2178686,CCC,2014J
2179304,CCC,2014J
2182333,CCC,2014J
2216442,CCC,2014J
2230407,CCC,2014J
2242383,CCC,2014J
2244214,CCC,2014J
2257740,CCC,2014J
2277009,CCC,2014J
2285527,CCC,2014J
2289145,CCC,2014J
2297770,CCC,2014J
2316201,CCC,2014J
2326041,CCC,2014J
2327472,CCC,2014J
2338535,CCC,2014J
2339333,CCC,2014J
2340786,CCC,2014J
2345751,CCC,2014J
2358258,CCC,2014J
2358707,CCC,2014J
2361633,CCC,2014J
2366117,CCC,2014J
2367058,CCC,2014J
2372788,CCC,2014J
2373648,CCC,2014J
2376512,CCC,2014J
2376717,CCC,2014J
2377769,CCC,2014J
2383983,CCC,2014J
2384666,CCC,2014J
2394090,CCC,2014J
2396985,CCC,2014J
2405934,CCC,2014J
2410609,CCC,2014J
2413037,CCC,2014J
2415526,CCC,2014J
2421961,CCC,2014J
2422258,CCC,2014J
2434666,CCC,2014J
2437591,CCC,2014J
2439239,CCC,2014J
2451523,CCC,2014J
2454119,CCC,2014J
2458925,CCC,2014J
2462607,CCC,2014J
2462628,CCC,2014J
2462862,CCC,2014J
2464118,CCC,2014J
2464386,CCC,2014J
2470326,CCC,2014J
2472995,CCC,2014J
2473058,CCC,2014J
2480654,CCC,2014J
2483382,CCC,2014J
2485655,CCC,2014J
2499779,CCC,2014J
2500064,CCC,2014J
2502882,CCC,2014J
2517389,CCC,2014J
2520539,CCC,2014J
2522932,CCC,2014J
2533650,CCC,2014J
2554973,CCC,2014J
2555596,CCC,2014J
2557563,CCC,2014J
2558071,CCC,2014J
2559144,CCC,2014J
2564333,CCC,2014J
2574909,CCC,2014J
2585270,CCC,2014J
2588294,CCC,2014J
2590948,CCC,2014J
2593689,CCC,2014J
2593755,CCC,2014J
2593920,CCC,2014J
2595204,CCC,2014J
2595526,CCC,2014J
2596553,CCC,2014J
2598961,CCC,2014J
2599883,CCC,2014J
2609069,CCC,2014J
2612725,CCC,2014J
2613225,CCC,2014J
2614093,CCC,2014J
2619025,CCC,2014J
2620661,CCC,2014J
2622441,CCC,2014J
2622627,CCC,2014J
2623427,CCC,2014J
2627491,CCC,2014J
2630469,CCC,2014J
2633981,CCC,2014J
2637000,CCC,2014J
2637912,CCC,2014J
2650741,CCC,2014J
2655763,CCC,2014J
2658314,CCC,2014J
2668106,CCC,2014J
2681198,CCC,2014J
2686712,CCC,2014J
2689013,CCC,2014J
2691267,CCC,2014J
2691861,CCC,2014J
24213,DDD,2013B
40419,DDD,2013B
45664,DDD,2013B
52014,DDD,2013B
53488,DDD,2013B
53895,DDD,2013B
55242,DDD,2013B
57359,DDD,2013B
60135,DDD,2013B
67602,DDD,2013B
69491,DDD,2013B
72451,DDD,2013B
81351,DDD,2013B
86047,DDD,2013B
87107,DDD,2013B
89051,DDD,2013B
92775,DDD,2013B
94923,DDD,2013B
94964,DDD,2013B
95356,DDD,2013B
96592,DDD,2013B
96945,DDD,2013B
103904,DDD,2013B
110200,DDD,2013B
111113,DDD,2013B
111360,DDD,2013B
112245,DDD,2013B
117435,DDD,2013B
117939,DDD,2013B
121390,DDD,2013B
124728,DDD,2013B
125677,DDD,2013B
128678,DDD,2013B
128965,DDD,2013B
130003,DDD,2013B
131235,DDD,2013B
131609,DDD,2013B
134025,DDD,2013B
134188,DDD,2013B
134336,DDD,2013B
137603,DDD,2013B
142819,DDD,2013B
142998,DDD,2013B
144923,DDD,2013B
146089,DDD,2013B
146651,DDD,2013B
147307,DDD,2013B
150578,DDD,2013B
157298,DDD,2013B
159596,DDD,2013B
159925,DDD,2013B
160005,DDD,2013B
160401,DDD,2013B
162984,DDD,2013B
163067,DDD,2013B
165421,DDD,2013B
165733,DDD,2013B
166342,DDD,2013B
166713,DDD,2013B
166988,DDD,2013B
167123,DDD,2013B
167717,DDD,2013B
168243,DDD,2013B
169894,DDD,2013B
170025,DDD,2013B
171896,DDD,2013B
173004,DDD,2013B
176092,DDD,2013B
177817,DDD,2013B
177981,DDD,2013B
178639,DDD,2013B
179892,DDD,2013B
180667,DDD,2013B
180958,DDD,2013B
183714,DDD,2013B
184968,DDD,2013B
187623,DDD,2013B
191491,DDD,2013B
191896,DDD,2013B
191972,DDD,2013B
196266,DDD,2013B
196902,DDD,2013B
198470,DDD,2013B
199782,DDD,2013B
200588,DDD,2013B
200957,DDD,2013B
204996,DDD,2013B
227491,DDD,2013B
228242,DDD,2013B
229057,DDD,2013B
230052,DDD,2013B
233389,DDD,2013B
234740,DDD,2013B
234859,DDD,2013B
235428,DDD,2013B
236498,DDD,2013B
236620,DDD,2013B
240389,DDD,2013B
240755,DDD,2013B
240936,DDD,2013B
241771,DDD,2013B
241922,DDD,2013B
241971,DDD,2013B
244875,DDD,2013B
244919,DDD,2013B
246652,DDD,2013B
248511,DDD,2013B
248994,DDD,2013B
249423,DDD,2013B
249996,DDD,2013B
251999,DDD,2013B
252149,DDD,2013B
252489,DDD,2013B
255747,DDD,2013B
255902,DDD,2013B
257110,DDD,2013B
257369,DDD,2013B
258310,DDD,2013B
259750,DDD,2013B
260491,DDD,2013B
262396,DDD,2013B
263524,DDD,2013B
266514,DDD,2013B
266757,DDD,2013B
266762,DDD,2013B
269676,DDD,2013B
270468,DDD,2013B
270814,DDD,2013B
272313,DDD,2013B
273339,DDD,2013B
281118,DDD,2013B
281271,DDD,2013B
282193,DDD,2013B
283618,DDD,2013B
283783,DDD,2013B
284326,DDD,2013B
284734,DDD,2013B
285096,DDD,2013B
285475,DDD,2013B
287432,DDD,2013B
289564,DDD,2013B
290043,DDD,2013B
291133,DDD,2013B
292694,DDD,2013B
292741,DDD,2013B
297582,DDD,2013B
298040,DDD,2013B
298497,DDD,2013B
304734,DDD,2013B
305313,DDD,2013B
305702,DDD,2013B
307158,DDD,2013B
307291,DDD,2013B
307932,DDD,2013B
308589,DDD,2013B
308767,DDD,2013B
309580,DDD,2013B
310865,DDD,2013B
311117,DDD,2013B
312518,DDD,2013B
316772,DDD,2013B
321525,DDD,2013B
321744,DDD,2013B
324268,DDD,2013B
324691,DDD,2013B
325565,DDD,2013B
329967,DDD,2013B
330067,DDD,2013B
331232,DDD,2013B
331351,DDD,2013B
333856,DDD,2013B
334294,DDD,2013B
335020,DDD,2013B
335264,DDD,2013B
335607,DDD,2013B
336112,DDD,2013B
336684,DDD,2013B
336696,DDD,2013B
337048,DDD,2013B
337414,DDD,2013B
338076,DDD,2013B
338669,DDD,2013B
339481,DDD,2013B
340399,DDD,2013B
343427,DDD,2013B
344199,DDD,2013B
344873,DDD,2013B
345257,DDD,2013B
345568,DDD,2013B
347210,DDD,2013B
349145,DDD,2013B
350398,DDD,2013B
350690,DDD,2013B
351512,DDD,2013B
354050,DDD,2013B
357576,DDD,2013B
357595,DDD,2013B
360492,DDD,2013B
361209,DDD,2013B
361282,DDD,2013B
362037,DDD,2013B
362374,DDD,2013B
364021,DDD,2013B
364405,DDD,2013B
366024,DDD,2013B
366310,DDD,2013B
368749,DDD,2013B
369908,DDD,2013B
370949,DDD,2013B
371044,DDD,2013B
371184,DDD,2013B
371831,DDD,2013B
373126,DDD,2013B
373369,DDD,2013B
375300,DDD,2013B
379199,DDD,2013B
379861,DDD,2013B
380341,DDD,2013B
380919,DDD,2013B
381646,DDD,2013B
382339,DDD,2013B
382497,DDD,2013B
382641,DDD,2013B
382947,DDD,2013B
383347,DDD,2013B
383643,DDD,2013B
383701,DDD,2013B
384026,DDD,2013B
384246,DDD,2013B
386833,DDD,2013B
386880,DDD,2013B
387289,DDD,2013B
387335,DDD,2013B
387652,DDD,2013B
390210,DDD,2013B
390233,DDD,2013B
391638,DDD,2013B
392021,DDD,2013B
394028,DDD,2013B
394082,DDD,2013B
394979,DDD,2013B
395288,DDD,2013B
395757,DDD,2013B
396633,DDD,2013B
397405,DDD,2013B
398199,DDD,2013B
399450,DDD,2013B
400451,DDD,2013B
400611,DDD,2013B
400759,DDD,2013B
402489,DDD,2013B
403085,DDD,2013B
403902,DDD,2013B
404852,DDD,2013B
405426,DDD,2013B
405743,DDD,2013B
406056,DDD,2013B
406498,DDD,2013B
406541,DDD,2013B
407838,DDD,2013B
409091,DDD,2013B
409109,DDD,2013B
409766,DDD,2013B
410886,DDD,2013B
411001,DDD,2013B
412063,DDD,2013B
412431,DDD,2013B
412754,DDD,2013B
413580,DDD,2013B
414304,DDD,2013B
414758,DDD,2013B
415695,DDD,2013B
415812,DDD,2013B
416008,DDD,2013B
417242,DDD,2013B
417410,DDD,2013B
417974,DDD,2013B
418122,DDD,2013B
418490,DDD,2013B
418956,DDD,2013B
419273,DDD,2013B
420388,DDD,2013B
421221,DDD,2013B
422164,DDD,2013B
422768,DDD,2013B
423061,DDD,2013B
423386,DDD,2013B
423474,DDD,2013B
423757,DDD,2013B
423876,DDD,2013B
424987,DDD,2013B
426059,DDD,2013B
426094,DDD,2013B
426137,DDD,2013B
426701,DDD,2013B
426871,DDD,2013B
429833,DDD,2013B
430055,DDD,2013B
430279,DDD,2013B
430516,DDD,2013B
431005,DDD,2013B
432204,DDD,2013B
433151,DDD,2013B
433386,DDD,2013B
434767,DDD,2013B
434977,DDD,2013B
435423,DDD,2013B
435780,DDD,2013B
437281,DDD,2013B
437747,DDD,2013B
438244,DDD,2013B
438662,DDD,2013B
439013,DDD,2013B
439542,DDD,2013B
440375,DDD,2013B
440499,DDD,2013B
441302,DDD,2013B
441389,DDD,2013B
442131,DDD,2013B
442545,DDD,2013B
443055,DDD,2013B
443215,DDD,2013B
443500,DDD,2013B
443842,DDD,2013B
444576,DDD,2013B
444713,DDD,2013B
445573,DDD,2013B
446814,DDD,2013B
446836,DDD,2013B
447242,DDD,2013B
464236,DDD,2013B
464596,DDD,2013B
464615,DDD,2013B
465260,DDD,2013B
465399,DDD,2013B
465764,DDD,2013B
465843,DDD,2013B
466158,DDD,2013B
466216,DDD,2013B
466990,DDD,2013B
467294,DDD,2013B
467413,DDD,2013B
467822,DDD,2013B
468672,DDD,2013B
468729,DDD,2013B
468808,DDD,2013B
469016,DDD,2013B
470119,DDD,2013B
470637,DDD,2013B
470921,DDD,2013B
471654,DDD,2013B
471781,DDD,2013B
472060,DDD,2013B
472180,DDD,2013B
472584,DDD,2013B
472949,DDD,2013B
473965,DDD,2013B
474133,DDD,2013B
474451,DDD,2013B
474464,DDD,2013B
474633,DDD,2013B
474966,DDD,2013B
475443,DDD,2013B
475480,DDD,2013B
475604,DDD,2013B
475619,DDD,2013B
475883,DDD,2013B
475897,DDD,2013B
476041,DDD,2013B
476093,DDD,2013B
476637,DDD,2013B
476910,DDD,2013B
477160,DDD,2013B
477451,DDD,2013B
477517,DDD,2013B
478213,DDD,2013B
478346,DDD,2013B
478744,DDD,2013B
479347,DDD,2013B
479607,DDD,2013B
480207,DDD,2013B
480972,DDD,2013B
481350,DDD,2013B
481549,DDD,2013B
482856,DDD,2013B
483275,DDD,2013B
483470,DDD,2013B
483869,DDD,2013B
484266,DDD,2013B
484754,DDD,2013B
484816,DDD,2013B
484999,DDD,2013B
485464,DDD,2013B
485519,DDD,2013B
485532,DDD,2013B
485766,DDD,2013B
485943,DDD,2013B
487247,DDD,2013B
487267,DDD,2013B
488694,DDD,2013B
489291,DDD,2013B
489313,DDD,2013B
491106,DDD,2013B
491693,DDD,2013B
491757,DDD,2013B
491885,DDD,2013B
491914,DDD,2013B
492177,DDD,2013B
492371,DDD,2013B
492613,DDD,2013B
492993,DDD,2013B
493365,DDD,2013B
493984,DDD,2013B
494341,DDD,2013B
494637,DDD,2013B
494806,DDD,2013B
494919,DDD,2013B
495115,DDD,2013B
495298,DDD,2013B
495734,DDD,2013B
496217,DDD,2013B
496542,DDD,2013B
496601,DDD,2013B
497475,DDD,2013B
497584,DDD,2013B
498320,DDD,2013B
498432,DDD,2013B
498527,DDD,2013B
498835,DDD,2013B
499056,DDD,2013B
499246,DDD,2013B
499557,DDD,2013B
500006,DDD,2013B
500136,DDD,2013B
500459,DDD,2013B
500522,DDD,2013B
501158,DDD,2013B
501960,DDD,2013B
502136,DDD,2013B
502554,DDD,2013B
502697,DDD,2013B
502736,DDD,2013B
502903,DDD,2013B
503086,DDD,2013B
503120,DDD,2013B
503170,DDD,2013B
503368,DDD,2013B
503497,DDD,2013B
503731,DDD,2013B
503926,DDD,2013B
504602,DDD,2013B
504819,DDD,2013B
505311,DDD,2013B
505579,DDD,2013B
506056,DDD,2013B
506767,DDD,2013B
506785,DDD,2013B
506829,DDD,2013B
507730,DDD,2013B
508934,DDD,2013B
509634,DDD,2013B
509680,DDD,2013B
509873,DDD,2013B
510195,DDD,2013B
510530,DDD,2013B
511109,DDD,2013B
511271,DDD,2013B
511514,DDD,2013B
511544,DDD,2013B
511569,DDD,2013B
511576,DDD,2013B
511949,DDD,2013B
512080,DDD,2013B
512404,DDD,2013B
512861,DDD,2013B
513246,DDD,2013B
513687,DDD,2013B
513854,DDD,2013B
514300,DDD,2013B
514633,DDD,2013B
515170,DDD,2013B
515595,DDD,2013B
515903,DDD,2013B
515945,DDD,2013B
516010,DDD,2013B
516281,DDD,2013B
516398,DDD,2013B
516450,DDD,2013B
516843,DDD,2013B
517726,DDD,2013B
518097,DDD,2013B
518349,DDD,2013B
518436,DDD,2013B
519102,DDD,2013B
519491,DDD,2013B
520026,DDD,2013B
520092,DDD,2013B
520751,DDD,2013B
521160,DDD,2013B
521404,DDD,2013B
521709,DDD,2013B
521742,DDD,2013B
521755,DDD,2013B
522572,DDD,2013B
522654,DDD,2013B
522739,DDD,2013B
523392,DDD,2013B
524020,DDD,2013B
524137,DDD,2013B
524160,DDD,2013B
524175,DDD,2013B
524369,DDD,2013B
524378,DDD,2013B
524396,DDD,2013B
524731,DDD,2013B
525066,DDD,2013B
525128,DDD,2013B
525749,DDD,2013B
525820,DDD,2013B
525854,DDD,2013B
526392,DDD,2013B
526426,DDD,2013B
527081,DDD,2013B
527323,DDD,2013B
527403,DDD,2013B
527619,DDD,2013B
527747,DDD,2013B
527789,DDD,2013B
528034,DDD,2013B
528271,DDD,2013B
528642,DDD,2013B
528846,DDD,2013B
528923,DDD,2013B
529078,DDD,2013B
529384,DDD,2013B
529404,DDD,2013B
529670,DDD,2013B
529789,DDD,2013B
529877,DDD,2013B
530137,DDD,2013B
530234,DDD,2013B
530762,DDD,2013B
531047,DDD,2013B
531069,DDD,2013B
531075,DDD,2013B
531202,DDD,2013B
531340,DDD,2013B
531377,DDD,2013B
531787,DDD,2013B
531888,DDD,2013B
531924,DDD,2013B
532067,DDD,2013B
532491,DDD,2013B
532565,DDD,2013B
532718,DDD,2013B
532745,DDD,2013B
532855,DDD,2013B
532988,DDD,2013B
533004,DDD,2013B
533291,DDD,2013B
533522,DDD,2013B
533731,DDD,2013B
533829,DDD,2013B
533877,DDD,2013B
534203,DDD,2013B
534219,DDD,2013B
534349,DDD,2013B
534777,DDD,2013B
534910,DDD,2013B
535169,DDD,2013B
535215,DDD,2013B
535424,DDD,2013B
535463,DDD,2013B
535620,DDD,2013B
535707,DDD,2013B
535747,DDD,2013B
535789,DDD,2013B
535799,DDD,2013B
535831,DDD,2013B
535986,DDD,2013B
536032,DDD,2013B
536145,DDD,2013B
536170,DDD,2013B
536210,DDD,2013B
536261,DDD,2013B
536999,DDD,2013B
537138,DDD,2013B
537139,DDD,2013B
537452,DDD,2013B
537603,DDD,2013B
537621,DDD,2013B
537622,DDD,2013B
537652,DDD,2013B
537658,DDD,2013B
537868,DDD,2013B
537926,DDD,2013B
538069,DDD,2013B
538131,DDD,2013B
538211,DDD,2013B
538232,DDD,2013B
538611,DDD,2013B
538701,DDD,2013B
539035,DDD,2013B
539066,DDD,2013B
539142,DDD,2013B
539186,DDD,2013B
539209,DDD,2013B
539224,DDD,2013B
539262,DDD,2013B
539302,DDD,2013B
539328,DDD,2013B
539622,DDD,2013B
540310,DDD,2013B
540422,DDD,2013B
540530,DDD,2013B
540547,DDD,2013B
540568,DDD,2013B
540592,DDD,2013B
540605,DDD,2013B
540686,DDD,2013B
540694,DDD,2013B
540758,DDD,2013B
540759,DDD,2013B
540848,DDD,2013B
540920,DDD,2013B
541202,DDD,2013B
541260,DDD,2013B
541887,DDD,2013B
542036,DDD,2013B
542049,DDD,2013B
542054,DDD,2013B
542205,DDD,2013B
542293,DDD,2013B
542476,DDD,2013B
543231,DDD,2013B
543383,DDD,2013B
543386,DDD,2013B
543421,DDD,2013B
543446,DDD,2013B
543459,DDD,2013B
543482,DDD,2013B
543573,DDD,2013B
543663,DDD,2013B
543683,DDD,2013B
543749,DDD,2013B
543756,DDD,2013B
543845,DDD,2013B
543860,DDD,2013B
543919,DDD,2013B
544053,DDD,2013B
544063,DDD,2013B
544226,DDD,2013B
544284,DDD,2013B
544296,DDD,2013B
544352,DDD,2013B
544356,DDD,2013B
544367,DDD,2013B
544467,DDD,2013B
544556,DDD,2013B
544649,DDD,2013B
544839,DDD,2013B
544907,DDD,2013B
544942,DDD,2013B
545083,DDD,2013B
545115,DDD,2013B
545118,DDD,2013B
545245,DDD,2013B
545704,DDD,2013B
545770,DDD,2013B
545993,DDD,2013B
546074,DDD,2013B
546089,DDD,2013B
546191,DDD,2013B
546221,DDD,2013B
546339,DDD,2013B
546403,DDD,2013B
546675,DDD,2013B
546747,DDD,2013B
546804,DDD,2013B
546826,DDD,2013B
546830,DDD,2013B
546861,DDD,2013B
546953,DDD,2013B
547252,DDD,2013B
547349,DDD,2013B
547445,DDD,2013B
547522,DDD,2013B
547679,DDD,2013B
547784,DDD,2013B
547787,DDD,2013B
547897,DDD,2013B
547986,DDD,2013B
548069,DDD,2013B
548267,DDD,2013B
548271,DDD,2013B
548371,DDD,2013B
548420,DDD,2013B
548473,DDD,2013B
548535,DDD,2013B
548602,DDD,2013B
548650,DDD,2013B
548677,DDD,2013B
548679,DDD,2013B
548739,DDD,2013B
548773,DDD,2013B
548797,DDD,2013B
548869,DDD,2013B
548872,DDD,2013B
548959,DDD,2013B
548993,DDD,2013B
548996,DDD,2013B
549095,DDD,2013B
549125,DDD,2013B
549135,DDD,2013B
549156,DDD,2013B
549213,DDD,2013B
549283,DDD,2013B
549334,DDD,2013B
549354,DDD,2013B
549361,DDD,2013B
549424,DDD,2013B
549498,DDD,2013B
549545,DDD,2013B
549575,DDD,2013B
549684,DDD,2013B
549690,DDD,2013B
549710,DDD,2013B
549731,DDD,2013B
549783,DDD,2013B
549795,DDD,2013B
550092,DDD,2013B
550142,DDD,2013B
550348,DDD,2013B
550521,DDD,2013B
550545,DDD,2013B
550604,DDD,2013B
550657,DDD,2013B
550711,DDD,2013B
550762,DDD,2013B
550893,DDD,2013B
550974,DDD,2013B
551169,DDD,2013B
551183,DDD,2013B
551334,DDD,2013B
551375,DDD,2013B
551478,DDD,2013B
551550,DDD,2013B
551573,DDD,2013B
551666,DDD,2013B
551979,DDD,2013B
552030,DDD,2013B
552114,DDD,2013B
552166,DDD,2013B
552255,DDD,2013B
552327,DDD,2013B
552635,DDD,2013B
552789,DDD,2013B
552999,DDD,2013B
553253,DDD,2013B
553275,DDD,2013B
553627,DDD,2013B
553864,DDD,2013B
553964,DDD,2013B
554046,DDD,2013B
554161,DDD,2013B
554205,DDD,2013B
554295,DDD,2013B
554300,DDD,2013B
554484,DDD,2013B
554574,DDD,2013B
554587,DDD,2013B
554691,DDD,2013B
554773,DDD,2013B
554881,DDD,2013B
554995,DDD,2013B
555151,DDD,2013B
555297,DDD,2013B
555360,DDD,2013B
555408,DDD,2013B
555428,DDD,2013B
555446,DDD,2013B
555497,DDD,2013B
555740,DDD,2013B
555765,DDD,2013B
555772,DDD,2013B
555830,DDD,2013B
556093,DDD,2013B
556165,DDD,2013B
556295,DDD,2013B
556308,DDD,2013B
556337,DDD,2013B
556360,DDD,2013B
556362,DDD,2013B
556369,DDD,2013B
556370,DDD,2013B
556373,DDD,2013B
556389,DDD,2013B
556575,DDD,2013B
556584,DDD,2013B
556660,DDD,2013B
556713,DDD,2013B
556721,DDD,2013B
556756,DDD,2013B
556774,DDD,2013B
556780,DDD,2013B
556785,DDD,2013B
556835,DDD,2013B
556918,DDD,2013B
556934,DDD,2013B
557005,DDD,2013B
557045,DDD,2013B
557083,DDD,2013B
557237,DDD,2013B
557247,DDD,2013B
557432,DDD,2013B
557467,DDD,2013B
557504,DDD,2013B
557694,DDD,2013B
557706,DDD,2013B
557751,DDD,2013B
557752,DDD,2013B
557826,DDD,2013B
557846,DDD,2013B
557850,DDD,2013B
557911,DDD,2013B
557924,DDD,2013B
558134,DDD,2013B
558153,DDD,2013B
558200,DDD,2013B
558224,DDD,2013B
558290,DDD,2013B
558317,DDD,2013B
558415,DDD,2013B
558440,DDD,2013B
558610,DDD,2013B
558626,DDD,2013B
558645,DDD,2013B
558678,DDD,2013B
558787,DDD,2013B
558817,DDD,2013B
558829,DDD,2013B
558837,DDD,2013B
558914,DDD,2013B
558948,DDD,2013B
558954,DDD,2013B
559081,DDD,2013B
559261,DDD,2013B
559293,DDD,2013B
559410,DDD,2013B
559420,DDD,2013B
559459,DDD,2013B
559469,DDD,2013B
559474,DDD,2013B
559612,DDD,2013B
559672,DDD,2013B
559706,DDD,2013B
559823,DDD,2013B
559838,DDD,2013B
559930,DDD,2013B
559950,DDD,2013B
560024,DDD,2013B
560127,DDD,2013B
560179,DDD,2013B
560240,DDD,2013B
560260,DDD,2013B
560311,DDD,2013B
560347,DDD,2013B
560381,DDD,2013B
560384,DDD,2013B
560391,DDD,2013B
560444,DDD,2013B
561088,DDD,2013B
561734,DDD,2013B
561848,DDD,2013B
564465,DDD,2013B
596620,DDD,2013B
879295,DDD,2013B
907261,DDD,2013B
925553,DDD,2013B
957467,DDD,2013B
1044992,DDD,2013B
1060973,DDD,2013B
1068316,DDD,2013B
1073372,DDD,2013B
1095916,DDD,2013B
1107079,DDD,2013B
1311171,DDD,2013B
1347447,DDD,2013B
1351739,DDD,2013B
1384882,DDD,2013B
1430804,DDD,2013B
1446954,DDD,2013B
1470291,DDD,2013B
1510198,DDD,2013B
1534854,DDD,2013B
1577134,DDD,2013B
1584449,DDD,2013B
1587816,DDD,2013B
1587817,DDD,2013B
1611842,DDD,2013B
1620593,DDD,2013B
1622020,DDD,2013B
1626418,DDD,2013B
1638119,DDD,2013B
1638425,DDD,2013B
1640773,DDD,2013B
1651198,DDD,2013B
1664920,DDD,2013B
1690836,DDD,2013B
1696174,DDD,2013B
1719566,DDD,2013B
1730611,DDD,2013B
1766513,DDD,2013B
1819994,DDD,2013B
1843355,DDD,2013B
1845093,DDD,2013B
1901165,DDD,2013B
1906919,DDD,2013B
1913872,DDD,2013B
1922497,DDD,2013B
1944130,DDD,2013B
1945240,DDD,2013B
1962854,DDD,2013B
1968757,DDD,2013B
1976350,DDD,2013B
1982845,DDD,2013B
2002727,DDD,2013B
2006894,DDD,2013B
2020916,DDD,2013B
2028388,DDD,2013B
2036685,DDD,2013B
2046628,DDD,2013B
2063578,DDD,2013B
2082180,DDD,2013B
2126013,DDD,2013B
2133242,DDD,2013B
2140311,DDD,2013B
2141506,DDD,2013B
2142579,DDD,2013B
2146936,DDD,2013B
2154361,DDD,2013B
2156514,DDD,2013B
2177871,DDD,2013B
2191819,DDD,2013B
2193231,DDD,2013B
2214589,DDD,2013B
2227786,DDD,2013B
2228206,DDD,2013B
2229785,DDD,2013B
2231961,DDD,2013B
2232218,DDD,2013B
2238679,DDD,2013B
2248715,DDD,2013B
2267712,DDD,2013B
2279449,DDD,2013B
2281292,DDD,2013B
2318590,DDD,2013B
2321898,DDD,2013B
2330534,DDD,2013B
2332060,DDD,2013B
2338290,DDD,2013B
2348111,DDD,2013B
2350300,DDD,2013B
2353766,DDD,2013B
2358423,DDD,2013B
2374051,DDD,2013B
2374404,DDD,2013B
2375123,DDD,2013B
2375627,DDD,2013B
2377623,DDD,2013B
2381845,DDD,2013B
2406709,DDD,2013B
2418580,DDD,2013B
2421609,DDD,2013B
2444632,DDD,2013B
2451672,DDD,2013B
2456387,DDD,2013B
2456612,DDD,2013B
2459878,DDD,2013B
2460752,DDD,2013B
2476998,DDD,2013B
2479086,DDD,2013B
2480562,DDD,2013B
2498388,DDD,2013B
2499307,DDD,2013B
2502504,DDD,2013B
2502707,DDD,2013B
2505501,DDD,2013B
2508785,DDD,2013B
2517826,DDD,2013B
2518617,DDD,2013B
2523146,DDD,2013B
2526483,DDD,2013B
2532322,DDD,2013B
2535493,DDD,2013B
2536214,DDD,2013B
2537695,DDD,2013B
2540922,DDD,2013B
2543600,DDD,2013B
2545113,DDD,2013B
2546792,DDD,2013B
2549875,DDD,2013B
2549939,DDD,2013B
2554973,DDD,2013B
2571497,DDD,2013B
2581822,DDD,2013B
2585285,DDD,2013B
2586026,DDD,2013B
2604660,DDD,2013B
2604698,DDD,2013B
2607945,DDD,2013B
2611779,DDD,2013B
2614272,DDD,2013B
2615892,DDD,2013B
2621590,DDD,2013B
2624569,DDD,2013B
2624720,DDD,2013B
2628025,DDD,2013B
2629511,DDD,2013B
2632491,DDD,2013B
2633235,DDD,2013B
2636225,DDD,2013B
2639451,DDD,2013B
2640063,DDD,2013B
2640992,DDD,2013B
2642830,DDD,2013B
2643777,DDD,2013B
2647226,DDD,2013B
2648271,DDD,2013B
2652066,DDD,2013B
2655683,DDD,2013B
2656282,DDD,2013B
2659756,DDD,2013B
2661870,DDD,2013B
2665767,DDD,2013B
2667605,DDD,2013B
2669206,DDD,2013B
2672686,DDD,2013B
2677955,DDD,2013B
2685825,DDD,2013B
2686609,DDD,2013B
2689536,DDD,2013B
2691780,DDD,2013B
2692101,DDD,2013B
2693243,DDD,2013B
2694933,DDD,2013B
2707979,DDD,2013B
2710343,DDD,2013B
3733,DDD,2013J
8462,DDD,2013J
28046,DDD,2013J
29411,DDD,2013J
30549,DDD,2013J
31173,DDD,2013J
31269,DDD,2013J
33387,DDD,2013J
33681,DDD,2013J
33897,DDD,2013J
33930,DDD,2013J
34087,DDD,2013J
35859,DDD,2013J
39427,DDD,2013J
40184,DDD,2013J
40419,DDD,2013J
40563,DDD,2013J
42818,DDD,2013J
46633,DDD,2013J
47063,DDD,2013J
48152,DDD,2013J
49530,DDD,2013J
50610,DDD,2013J
51163,DDD,2013J
57227,DDD,2013J
57818,DDD,2013J
59370,DDD,2013J
63566,DDD,2013J
63856,DDD,2013J
66047,DDD,2013J
66577,DDD,2013J
67505,DDD,2013J
68011,DDD,2013J
68376,DDD,2013J
69489,DDD,2013J
74130,DDD,2013J
74502,DDD,2013J
77241,DDD,2013J
78170,DDD,2013J
80329,DDD,2013J
80868,DDD,2013J
85325,DDD,2013J
89188,DDD,2013J
89727,DDD,2013J
90979,DDD,2013J
91354,DDD,2013J
92166,DDD,2013J
92391,DDD,2013J
102850,DDD,2013J
103800,DDD,2013J
104643,DDD,2013J
104772,DDD,2013J
105523,DDD,2013J
108275,DDD,2013J
108789,DDD,2013J
111360,DDD,2013J
111926,DDD,2013J
114558,DDD,2013J
118887,DDD,2013J
120999,DDD,2013J
122739,DDD,2013J
123497,DDD,2013J
123598,DDD,2013J
123957,DDD,2013J
124387,DDD,2013J
126812,DDD,2013J
127988,DDD,2013J
128656,DDD,2013J
128965,DDD,2013J
130467,DDD,2013J
130671,DDD,2013J
130837,DDD,2013J
131222,DDD,2013J
132401,DDD,2013J
135385,DDD,2013J
138715,DDD,2013J
139843,DDD,2013J
140807,DDD,2013J
141301,DDD,2013J
142998,DDD,2013J
144895,DDD,2013J
146485,DDD,2013J
146666,DDD,2013J
148008,DDD,2013J
148515,DDD,2013J
156783,DDD,2013J
157310,DDD,2013J
158611,DDD,2013J
160178,DDD,2013J
162337,DDD,2013J
164935,DDD,2013J
165178,DDD,2013J
169079,DDD,2013J
169700,DDD,2013J
172965,DDD,2013J
173004,DDD,2013J
177354,DDD,2013J
178020,DDD,2013J
179904,DDD,2013J
180651,DDD,2013J
184025,DDD,2013J
185024,DDD,2013J
189624,DDD,2013J
198953,DDD,2013J
203066,DDD,2013J
204182,DDD,2013J
204505,DDD,2013J
205417,DDD,2013J
205442,DDD,2013J
227167,DDD,2013J
227491,DDD,2013J
228695,DDD,2013J
228888,DDD,2013J
230510,DDD,2013J
231572,DDD,2013J
232078,DDD,2013J
234827,DDD,2013J
235777,DDD,2013J
236150,DDD,2013J
236857,DDD,2013J
236953,DDD,2013J
237418,DDD,2013J
237506,DDD,2013J
237602,DDD,2013J
237808,DDD,2013J
238983,DDD,2013J
242472,DDD,2013J
243372,DDD,2013J
244738,DDD,2013J
245653,DDD,2013J
245946,DDD,2013J
248695,DDD,2013J
250163,DDD,2013J
250456,DDD,2013J
250644,DDD,2013J
255622,DDD,2013J
257167,DDD,2013J
257359,DDD,2013J
258010,DDD,2013J
258042,DDD,2013J
259060,DDD,2013J
259641,DDD,2013J
259951,DDD,2013J
261495,DDD,2013J
263524,DDD,2013J
266286,DDD,2013J
266558,DDD,2013J
267871,DDD,2013J
269065,DDD,2013J
270493,DDD,2013J
271206,DDD,2013J
271526,DDD,2013J
273106,DDD,2013J
274712,DDD,2013J
274964,DDD,2013J
276857,DDD,2013J
277412,DDD,2013J
277596,DDD,2013J
277729,DDD,2013J
279868,DDD,2013J
280541,DDD,2013J
281656,DDD,2013J
282317,DDD,2013J
283401,DDD,2013J
283535,DDD,2013J
285085,DDD,2013J
285557,DDD,2013J
286449,DDD,2013J
286842,DDD,2013J
287783,DDD,2013J
289009,DDD,2013J
289529,DDD,2013J
290371,DDD,2013J
292694,DDD,2013J
293853,DDD,2013J
294364,DDD,2013J
296813,DDD,2013J
296849,DDD,2013J
297382,DDD,2013J
298402,DDD,2013J
298911,DDD,2013J
299473,DDD,2013J
303582,DDD,2013J
305535,DDD,2013J
305702,DDD,2013J
307932,DDD,2013J
308982,DDD,2013J
309258,DDD,2013J
311117,DDD,2013J
311474,DDD,2013J
311877,DDD,2013J
314123,DDD,2013J
314219,DDD,2013J
314956,DDD,2013J
315388,DDD,2013J
315517,DDD,2013J
315625,DDD,2013J
315730,DDD,2013J
317096,DDD,2013J
318574,DDD,2013J
318794,DDD,2013J
328173,DDD,2013J
331315,DDD,2013J
331404,DDD,2013J
332309,DDD,2013J
332436,DDD,2013J
332726,DDD,2013J
333155,DDD,2013J
334255,DDD,2013J
335018,DDD,2013J
335910,DDD,2013J
337314,DDD,2013J
338034,DDD,2013J
339739,DDD,2013J
341854,DDD,2013J
341855,DDD,2013J
342387,DDD,2013J
342483,DDD,2013J
342949,DDD,2013J
343238,DDD,2013J
343781,DDD,2013J
346333,DDD,2013J
348050,DDD,2013J
348547,DDD,2013J
349182,DDD,2013J
350164,DDD,2013J
350929,DDD,2013J
350949,DDD,2013J
352641,DDD,2013J
352771,DDD,2013J
359855,DDD,2013J
359943,DDD,2013J
361243,DDD,2013J
361282,DDD,2013J
361889,DDD,2013J
362647,DDD,2013J
364239,DDD,2013J
364547,DDD,2013J
364770,DDD,2013J
365239,DDD,2013J
365893,DDD,2013J
366449,DDD,2013J
366535,DDD,2013J
367045,DDD,2013J
368106,DDD,2013J
368436,DDD,2013J
370294,DDD,2013J
370336,DDD,2013J
370920,DDD,2013J
371362,DDD,2013J
373237,DDD,2013J
373280,DDD,2013J
376067,DDD,2013J
378825,DDD,2013J
379124,DDD,2013J
380138,DDD,2013J
380239,DDD,2013J
380662,DDD,2013J
381539,DDD,2013J
382378,DDD,2013J
382742,DDD,2013J
382879,DDD,2013J
383694,DDD,2013J
383978,DDD,2013J
384153,DDD,2013J
384999,DDD,2013J
385218,DDD,2013J
385495,DDD,2013J
385937,DDD,2013J
387453,DDD,2013J
388947,DDD,2013J
389025,DDD,2013J
390029,DDD,2013J
390556,DDD,2013J
390690,DDD,2013J
391578,DDD,2013J
391638,DDD,2013J
392626,DDD,2013J
392664,DDD,2013J
392890,DDD,2013J
394076,DDD,2013J
394384,DDD,2013J
394951,DDD,2013J
396028,DDD,2013J
396210,DDD,2013J
396292,DDD,2013J
396668,DDD,2013J
398529,DDD,2013J
399203,DDD,2013J
399794,DDD,2013J
399843,DDD,2013J
399863,DDD,2013J
399935,DDD,2013J
400942,DDD,2013J
401947,DDD,2013J
402210,DDD,2013J
402433,DDD,2013J
403052,DDD,2013J
405336,DDD,2013J
406224,DDD,2013J
406498,DDD,2013J
407374,DDD,2013J
408061,DDD,2013J
408817,DDD,2013J
409056,DDD,2013J
409794,DDD,2013J
409953,DDD,2013J
410084,DDD,2013J
410767,DDD,2013J
411730,DDD,2013J
412175,DDD,2013J
412618,DDD,2013J
414077,DDD,2013J
415151,DDD,2013J
416500,DDD,2013J
418159,DDD,2013J
418397,DDD,2013J
419192,DDD,2013J
419517,DDD,2013J
420745,DDD,2013J
421301,DDD,2013J
422276,DDD,2013J
423147,DDD,2013J
423474,DDD,2013J
423876,DDD,2013J
425543,DDD,2013J
426059,DDD,2013J
426097,DDD,2013J
426887,DDD,2013J
427248,DDD,2013J
427344,DDD,2013J
428321,DDD,2013J
429212,DDD,2013J
430356,DDD,2013J
431005,DDD,2013J
432624,DDD,2013J
432862,DDD,2013J
432968,DDD,2013J
433748,DDD,2013J
434159,DDD,2013J
435587,DDD,2013J
438290,DDD,2013J
438751,DDD,2013J
439568,DDD,2013J
439855,DDD,2013J
440003,DDD,2013J
441342,DDD,2013J
441885,DDD,2013J
441892,DDD,2013J
442530,DDD,2013J
442547,DDD,2013J
442589,DDD,2013J
442590,DDD,2013J
442878,DDD,2013J
442924,DDD,2013J
443400,DDD,2013J
443438,DDD,2013J
443540,DDD,2013J
443731,DDD,2013J
444063,DDD,2013J
444317,DDD,2013J
444541,DDD,2013J
444847,DDD,2013J
444909,DDD,2013J
445749,DDD,2013J
445785,DDD,2013J
445917,DDD,2013J
446246,DDD,2013J
446279,DDD,2013J
446448,DDD,2013J
447059,DDD,2013J
464924,DDD,2013J
465399,DDD,2013J
465418,DDD,2013J
465441,DDD,2013J
465629,DDD,2013J
466158,DDD,2013J
466880,DDD,2013J
467776,DDD,2013J
468927,DDD,2013J
469389,DDD,2013J
469465,DDD,2013J
470119,DDD,2013J
471373,DDD,2013J
472060,DDD,2013J
473104,DDD,2013J
473340,DDD,2013J
473378,DDD,2013J
473406,DDD,2013J
474246,DDD,2013J
474385,DDD,2013J
474495,DDD,2013J
474508,DDD,2013J
474902,DDD,2013J
476144,DDD,2013J
476170,DDD,2013J
476355,DDD,2013J
476822,DDD,2013J
476906,DDD,2013J
477120,DDD,2013J
477128,DDD,2013J
477161,DDD,2013J
477348,DDD,2013J
477412,DDD,2013J
478238,DDD,2013J
478244,DDD,2013J
478289,DDD,2013J
478692,DDD,2013J
478744,DDD,2013J
479141,DDD,2013J
479457,DDD,2013J
479848,DDD,2013J
479977,DDD,2013J
480716,DDD,2013J
480938,DDD,2013J
481538,DDD,2013J
481667,DDD,2013J
481863,DDD,2013J
482083,DDD,2013J
482635,DDD,2013J
482868,DDD,2013J
483362,DDD,2013J
484266,DDD,2013J
484355,DDD,2013J
484423,DDD,2013J
484436,DDD,2013J
484999,DDD,2013J
485195,DDD,2013J
485506,DDD,2013J
485519,DDD,2013J
486533,DDD,2013J
486777,DDD,2013J
486877,DDD,2013J
486890,DDD,2013J
487293,DDD,2013J
487556,DDD,2013J
488550,DDD,2013J
488575,DDD,2013J
488680,DDD,2013J
489084,DDD,2013J
489209,DDD,2013J
489410,DDD,2013J
489990,DDD,2013J
490164,DDD,2013J
490297,DDD,2013J
490530,DDD,2013J
490738,DDD,2013J
491110,DDD,2013J
491688,DDD,2013J
491875,DDD,2013J
491912,DDD,2013J
491926,DDD,2013J
492552,DDD,2013J
492740,DDD,2013J
492842,DDD,2013J
493147,DDD,2013J
493207,DDD,2013J
493404,DDD,2013J
493876,DDD,2013J
493879,DDD,2013J
494667,DDD,2013J
494722,DDD,2013J
495115,DDD,2013J
495762,DDD,2013J
496154,DDD,2013J
496185,DDD,2013J
496315,DDD,2013J
497229,DDD,2013J
497475,DDD,2013J
497590,DDD,2013J
497809,DDD,2013J
497994,DDD,2013J
498821,DDD,2013J
498877,DDD,2013J
498903,DDD,2013J
499392,DDD,2013J
500521,DDD,2013J
500707,DDD,2013J
500785,DDD,2013J
501203,DDD,2013J
501723,DDD,2013J
501867,DDD,2013J
502051,DDD,2013J
502207,DDD,2013J
502466,DDD,2013J
502477,DDD,2013J
502638,DDD,2013J
502642,DDD,2013J
503023,DDD,2013J
503783,DDD,2013J
503838,DDD,2013J
504034,DDD,2013J
504064,DDD,2013J
504234,DDD,2013J
504368,DDD,2013J
504429,DDD,2013J
504552,DDD,2013J
504602,DDD,2013J
504862,DDD,2013J
505209,DDD,2013J
505561,DDD,2013J
505856,DDD,2013J
506476,DDD,2013J
506582,DDD,2013J
506597,DDD,2013J
506829,DDD,2013J
507113,DDD,2013J
507115,DDD,2013J
507257,DDD,2013J
507285,DDD,2013J
507344,DDD,2013J
507478,DDD,2013J
508025,DDD,2013J
508246,DDD,2013J
508601,DDD,2013J
508637,DDD,2013J
508785,DDD,2013J
509279,DDD,2013J
509327,DDD,2013J
509416,DDD,2013J
509501,DDD,2013J
510182,DDD,2013J
511282,DDD,2013J
511453,DDD,2013J
511636,DDD,2013J
511890,DDD,2013J
512050,DDD,2013J
512259,DDD,2013J
512525,DDD,2013J
513204,DDD,2013J
513349,DDD,2013J
513356,DDD,2013J
513482,DDD,2013J
513499,DDD,2013J
513853,DDD,2013J
513954,DDD,2013J
514495,DDD,2013J
514852,DDD,2013J
514934,DDD,2013J
515520,DDD,2013J
516946,DDD,2013J
517093,DDD,2013J
517416,DDD,2013J
518194,DDD,2013J
518709,DDD,2013J
518731,DDD,2013J
519211,DDD,2013J
519358,DDD,2013J
519449,DDD,2013J
519961,DDD,2013J
520891,DDD,2013J
522312,DDD,2013J
522363,DDD,2013J
522690,DDD,2013J
522777,DDD,2013J
523047,DDD,2013J
523248,DDD,2013J
523275,DDD,2013J
523583,DDD,2013J
523632,DDD,2013J
523834,DDD,2013J
524575,DDD,2013J
524711,DDD,2013J
524730,DDD,2013J
524791,DDD,2013J
525472,DDD,2013J
526098,DDD,2013J
526158,DDD,2013J
526242,DDD,2013J
526659,DDD,2013J
526679,DDD,2013J
527427,DDD,2013J
527574,DDD,2013J
527751,DDD,2013J
527954,DDD,2013J
528467,DDD,2013J
528551,DDD,2013J
528892,DDD,2013J
528971,DDD,2013J
529073,DDD,2013J
529226,DDD,2013J
529522,DDD,2013J
529670,DDD,2013J
530270,DDD,2013J
530967,DDD,2013J
531234,DDD,2013J
531888,DDD,2013J
532020,DDD,2013J
532116,DDD,2013J
532683,DDD,2013J
532863,DDD,2013J
533988,DDD,2013J
534093,DDD,2013J
535161,DDD,2013J
535220,DDD,2013J
535351,DDD,2013J
535632,DDD,2013J
535707,DDD,2013J
535794,DDD,2013J
536199,DDD,2013J
536210,DDD,2013J
536979,DDD,2013J
537652,DDD,2013J
537811,DDD,2013J
537962,DDD,2013J
538863,DDD,2013J
539872,DDD,2013J
540806,DDD,2013J
540947,DDD,2013J
541108,DDD,2013J
541482,DDD,2013J
542180,DDD,2013J
542244,DDD,2013J
542321,DDD,2013J
542558,DDD,2013J
543481,DDD,2013J
543683,DDD,2013J
543723,DDD,2013J
543788,DDD,2013J
543825,DDD,2013J
544155,DDD,2013J
544499,DDD,2013J
544576,DDD,2013J
544594,DDD,2013J
544649,DDD,2013J
545093,DDD,2013J
545124,DDD,2013J
545179,DDD,2013J
545211,DDD,2013J
545255,DDD,2013J
545769,DDD,2013J
545991,DDD,2013J
546403,DDD,2013J
546809,DDD,2013J
547378,DDD,2013J
547448,DDD,2013J
547584,DDD,2013J
547737,DDD,2013J
547784,DDD,2013J
548301,DDD,2013J
549113,DDD,2013J
549160,DDD,2013J
549337,DDD,2013J
549424,DDD,2013J
549601,DDD,2013J
550142,DDD,2013J
550331,DDD,2013J
550380,DDD,2013J
550814,DDD,2013J
551126,DDD,2013J
551214,DDD,2013J
551456,DDD,2013J
551674,DDD,2013J
551760,DDD,2013J
552282,DDD,2013J
552313,DDD,2013J
552537,DDD,2013J
552747,DDD,2013J
552898,DDD,2013J
553170,DDD,2013J
553280,DDD,2013J
553301,DDD,2013J
553353,DDD,2013J
553719,DDD,2013J
553992,DDD,2013J
554283,DDD,2013J
554356,DDD,2013J
554691,DDD,2013J
555316,DDD,2013J
555422,DDD,2013J
555644,DDD,2013J
555791,DDD,2013J
556539,DDD,2013J
556751,DDD,2013J
556821,DDD,2013J
557247,DDD,2013J
557320,DDD,2013J
557474,DDD,2013J
558021,DDD,2013J
558029,DDD,2013J
558052,DDD,2013J
558140,DDD,2013J
558610,DDD,2013J
558765,DDD,2013J
559123,DDD,2013J
559140,DDD,2013J
559540,DDD,2013J
559547,DDD,2013J
559680,DDD,2013J
559735,DDD,2013J
559855,DDD,2013J
559908,DDD,2013J
559992,DDD,2013J
560015,DDD,2013J
560486,DDD,2013J
560493,DDD,2013J
560759,DDD,2013J
560870,DDD,2013J
560879,DDD,2013J
560948,DDD,2013J
561072,DDD,2013J
561195,DDD,2013J
561272,DDD,2013J
561476,DDD,2013J
561734,DDD,2013J
561810,DDD,2013J
561819,DDD,2013J
561823,DDD,2013J
561881,DDD,2013J
561905,DDD,2013J
562064,DDD,2013J
562096,DDD,2013J
562100,DDD,2013J
562287,DDD,2013J
562437,DDD,2013J
562548,DDD,2013J
562561,DDD,2013J
562585,DDD,2013J
562728,DDD,2013J
562758,DDD,2013J
562929,DDD,2013J
563016,DDD,2013J
563503,DDD,2013J
563675,DDD,2013J
563718,DDD,2013J
563770,DDD,2013J
563819,DDD,2013J
563847,DDD,2013J
563888,DDD,2013J
564325,DDD,2013J
564454,DDD,2013J
565175,DDD,2013J
565657,DDD,2013J
565662,DDD,2013J
566134,DDD,2013J
566185,DDD,2013J
566381,DDD,2013J
566482,DDD,2013J
566553,DDD,2013J
566704,DDD,2013J
566795,DDD,2013J
566810,DDD,2013J
566979,DDD,2013J
567167,DDD,2013J
567176,DDD,2013J
567417,DDD,2013J
567451,DDD,2013J
568043,DDD,2013J
568045,DDD,2013J
568196,DDD,2013J
568223,DDD,2013J
568296,DDD,2013J
568422,DDD,2013J
568578,DDD,2013J
568580,DDD,2013J
568598,DDD,2013J
568668,DDD,2013J
568741,DDD,2013J
568835,DDD,2013J
568948,DDD,2013J
569279,DDD,2013J
569743,DDD,2013J
569857,DDD,2013J
569891,DDD,2013J
569928,DDD,2013J
569935,DDD,2013J
570237,DDD,2013J
570319,DDD,2013J
570403,DDD,2013J
570531,DDD,2013J
570630,DDD,2013J
570671,DDD,2013J
570872,DDD,2013J
570896,DDD,2013J
571000,DDD,2013J
571055,DDD,2013J
571131,DDD,2013J
571242,DDD,2013J
571382,DDD,2013J
571451,DDD,2013J
571512,DDD,2013J
571640,DDD,2013J
571765,DDD,2013J
571776,DDD,2013J
571808,DDD,2013J
571921,DDD,2013J
571950,DDD,2013J
571951,DDD,2013J
572038,DDD,2013J
572087,DDD,2013J
572089,DDD,2013J
572134,DDD,2013J
572143,DDD,2013J
572149,DDD,2013J
572231,DDD,2013J
572233,DDD,2013J
572241,DDD,2013J
572280,DDD,2013J
572281,DDD,2013J
572338,DDD,2013J
572348,DDD,2013J
572382,DDD,2013J
572431,DDD,2013J
572457,DDD,2013J
572548,DDD,2013J
572567,DDD,2013J
572648,DDD,2013J
572688,DDD,2013J
572698,DDD,2013J
572730,DDD,2013J
572735,DDD,2013J
572751,DDD,2013J
572754,DDD,2013J
572774,DDD,2013J
572806,DDD,2013J
572854,DDD,2013J
572874,DDD,2013J
572880,DDD,2013J
572900,DDD,2013J
572909,DDD,2013J
572949,DDD,2013J
572976,DDD,2013J
573307,DDD,2013J
573473,DDD,2013J
573541,DDD,2013J
573646,DDD,2013J
573689,DDD,2013J
573709,DDD,2013J
573712,DDD,2013J
573845,DDD,2013J
573970,DDD,2013J
574029,DDD,2013J
574035,DDD,2013J
574088,DDD,2013J
574098,DDD,2013J
574181,DDD,2013J
574310,DDD,2013J
574498,DDD,2013J
574529,DDD,2013J
574623,DDD,2013J
574665,DDD,2013J
574705,DDD,2013J
574720,DDD,2013J
574730,DDD,2013J
574743,DDD,2013J
574819,DDD,2013J
574842,DDD,2013J
574860,DDD,2013J
574866,DDD,2013J
574873,DDD,2013J
574895,DDD,2013J
574938,DDD,2013J
575192,DDD,2013J
575213,DDD,2013J
575258,DDD,2013J
575337,DDD,2013J
575365,DDD,2013J
575376,DDD,2013J
575385,DDD,2013J
575431,DDD,2013J
575766,DDD,2013J
575773,DDD,2013J
575811,DDD,2013J
575855,DDD,2013J
576031,DDD,2013J
576040,DDD,2013J
576083,DDD,2013J
576231,DDD,2013J
576314,DDD,2013J
576368,DDD,2013J
576383,DDD,2013J
576413,DDD,2013J
576492,DDD,2013J
576767,DDD,2013J
576847,DDD,2013J
576879,DDD,2013J
576949,DDD,2013J
577035,DDD,2013J
577196,DDD,2013J
577200,DDD,2013J
577212,DDD,2013J
577279,DDD,2013J
577401,DDD,2013J
577414,DDD,2013J
577464,DDD,2013J
577558,DDD,2013J
577570,DDD,2013J
577638,DDD,2013J
577652,DDD,2013J
577736,DDD,2013J
577930,DDD,2013J
578117,DDD,2013J
578150,DDD,2013J
578285,DDD,2013J
578303,DDD,2013J
578427,DDD,2013J
578544,DDD,2013J
578644,DDD,2013J
578823,DDD,2013J
578850,DDD,2013J
578906,DDD,2013J
578943,DDD,2013J
579105,DDD,2013J
579112,DDD,2013J
579151,DDD,2013J
579303,DDD,2013J
579325,DDD,2013J
579367,DDD,2013J
579372,DDD,2013J
579470,DDD,2013J
579717,DDD,2013J
580393,DDD,2013J
580441,DDD,2013J
580516,DDD,2013J
580534,DDD,2013J
580595,DDD,2013J
580642,DDD,2013J
580706,DDD,2013J
580714,DDD,2013J
580916,DDD,2013J
581138,DDD,2013J
581283,DDD,2013J
581320,DDD,2013J
581552,DDD,2013J
581584,DDD,2013J
581593,DDD,2013J
581648,DDD,2013J
581697,DDD,2013J
581818,DDD,2013J
581922,DDD,2013J
582026,DDD,2013J
582160,DDD,2013J
582302,DDD,2013J
582320,DDD,2013J
582373,DDD,2013J
582416,DDD,2013J
582452,DDD,2013J
582848,DDD,2013J
582879,DDD,2013J
582931,DDD,2013J
582954,DDD,2013J
583147,DDD,2013J
583215,DDD,2013J
583221,DDD,2013J
583247,DDD,2013J
583293,DDD,2013J
583335,DDD,2013J
583438,DDD,2013J
583514,DDD,2013J
583540,DDD,2013J
583570,DDD,2013J
583580,DDD,2013J
583606,DDD,2013J
583775,DDD,2013J
583871,DDD,2013J
583946,DDD,2013J
583955,DDD,2013J
584077,DDD,2013J
584132,DDD,2013J
584183,DDD,2013J
584305,DDD,2013J
584315,DDD,2013J
584433,DDD,2013J
584455,DDD,2013J
584495,DDD,2013J
584517,DDD,2013J
584532,DDD,2013J
584586,DDD,2013J
584591,DDD,2013J
584628,DDD,2013J
584883,DDD,2013J
584914,DDD,2013J
584918,DDD,2013J
584932,DDD,2013J
584943,DDD,2013J
585134,DDD,2013J
585208,DDD,2013J
585210,DDD,2013J
585326,DDD,2013J
585359,DDD,2013J
585422,DDD,2013J
585525,DDD,2013J
585929,DDD,2013J
585998,DDD,2013J
586128,DDD,2013J
586243,DDD,2013J
586317,DDD,2013J
586470,DDD,2013J
586497,DDD,2013J
586536,DDD,2013J
586550,DDD,2013J
586609,DDD,2013J
586625,DDD,2013J
586707,DDD,2013J
586762,DDD,2013J
586800,DDD,2013J
586823,DDD,2013J
586912,DDD,2013J
587002,DDD,2013J
587006,DDD,2013J
587099,DDD,2013J
587179,DDD,2013J
587310,DDD,2013J
587552,DDD,2013J
587576,DDD,2013J
587862,DDD,2013J
587989,DDD,2013J
588013,DDD,2013J
588033,DDD,2013J
588086,DDD,2013J
588132,DDD,2013J
588178,DDD,2013J
588197,DDD,2013J
588208,DDD,2013J
588219,DDD,2013J
588293,DDD,2013J
588352,DDD,2013J
588430,DDD,2013J
588485,DDD,2013J
588493,DDD,2013J
588540,DDD,2013J
588556,DDD,2013J
588566,DDD,2013J
588658,DDD,2013J
588707,DDD,2013J
588824,DDD,2013J
588850,DDD,2013J
588884,DDD,2013J
589007,DDD,2013J
589019,DDD,2013J
589171,DDD,2013J
589212,DDD,2013J
589220,DDD,2013J
589445,DDD,2013J
589458,DDD,2013J
589503,DDD,2013J
589531,DDD,2013J
589557,DDD,2013J
589569,DDD,2013J
589582,DDD,2013J
589584,DDD,2013J
589723,DDD,2013J
589875,DDD,2013J
589932,DDD,2013J
589963,DDD,2013J
590184,DDD,2013J
590235,DDD,2013J
590370,DDD,2013J
590380,DDD,2013J
590392,DDD,2013J
590402,DDD,2013J
590420,DDD,2013J
590443,DDD,2013J
590482,DDD,2013J
590541,DDD,2013J
590676,DDD,2013J
590811,DDD,2013J
590828,DDD,2013J
590881,DDD,2013J
590886,DDD,2013J
590918,DDD,2013J
590920,DDD,2013J
590921,DDD,2013J
590951,DDD,2013J
591071,DDD,2013J
591193,DDD,2013J
591202,DDD,2013J
591210,DDD,2013J
591593,DDD,2013J
591648,DDD,2013J
591650,DDD,2013J
591852,DDD,2013J
591891,DDD,2013J
591980,DDD,2013J
592093,DDD,2013J
592173,DDD,2013J
592189,DDD,2013J
592252,DDD,2013J
592284,DDD,2013J
592299,DDD,2013J
592315,DDD,2013J
592494,DDD,2013J
592577,DDD,2013J
592625,DDD,2013J
592658,DDD,2013J
592709,DDD,2013J
592749,DDD,2013J
593075,DDD,2013J
593103,DDD,2013J
593303,DDD,2013J
593345,DDD,2013J
593594,DDD,2013J
593654,DDD,2013J
593903,DDD,2013J
593973,DDD,2013J
594052,DDD,2013J
594079,DDD,2013J
594081,DDD,2013J
594164,DDD,2013J
594201,DDD,2013J
594407,DDD,2013J
594414,DDD,2013J
594507,DDD,2013J
594578,DDD,2013J
594869,DDD,2013J
594880,DDD,2013J
594925,DDD,2013J
594963,DDD,2013J
595008,DDD,2013J
595079,DDD,2013J
595319,DDD,2013J
595495,DDD,2013J
595659,DDD,2013J
595685,DDD,2013J
595720,DDD,2013J
595894,DDD,2013J
595940,DDD,2013J
595963,DDD,2013J
595986,DDD,2013J
595988,DDD,2013J
596093,DDD,2013J
596104,DDD,2013J
596204,DDD,2013J
596270,DDD,2013J
596306,DDD,2013J
596441,DDD,2013J
596473,DDD,2013J
596542,DDD,2013J
596570,DDD,2013J
596589,DDD,2013J
596620,DDD,2013J
596731,DDD,2013J
596845,DDD,2013J
596846,DDD,2013J
596978,DDD,2013J
597178,DDD,2013J
597192,DDD,2013J
597235,DDD,2013J
597243,DDD,2013J
597308,DDD,2013J
597365,DDD,2013J
597428,DDD,2013J
597433,DDD,2013J
597453,DDD,2013J
597504,DDD,2013J
597560,DDD,2013J
597561,DDD,2013J
597571,DDD,2013J
597602,DDD,2013J
597726,DDD,2013J
597754,DDD,2013J
597755,DDD,2013J
597770,DDD,2013J
597871,DDD,2013J
597924,DDD,2013J
597938,DDD,2013J
597968,DDD,2013J
598052,DDD,2013J
598064,DDD,2013J
598123,DDD,2013J
598246,DDD,2013J
598430,DDD,2013J
598501,DDD,2013J
598516,DDD,2013J
598536,DDD,2013J
598637,DDD,2013J
598650,DDD,2013J
598664,DDD,2013J
598701,DDD,2013J
598842,DDD,2013J
598860,DDD,2013J
598949,DDD,2013J
598989,DDD,2013J
599049,DDD,2013J
599068,DDD,2013J
599101,DDD,2013J
599109,DDD,2013J
599146,DDD,2013J
599169,DDD,2013J
599177,DDD,2013J
599206,DDD,2013J
599262,DDD,2013J
599425,DDD,2013J
599585,DDD,2013J
599649,DDD,2013J
599655,DDD,2013J
599658,DDD,2013J
599711,DDD,2013J
599725,DDD,2013J
599741,DDD,2013J
599742,DDD,2013J
599837,DDD,2013J
599854,DDD,2013J
599876,DDD,2013J
599947,DDD,2013J
600067,DDD,2013J
600094,DDD,2013J
600242,DDD,2013J
600289,DDD,2013J
600365,DDD,2013J
600478,DDD,2013J
600525,DDD,2013J
600648,DDD,2013J
600671,DDD,2013J
600686,DDD,2013J
600753,DDD,2013J
600796,DDD,2013J
600817,DDD,2013J
600842,DDD,2013J
600859,DDD,2013J
600963,DDD,2013J
601048,DDD,2013J
601133,DDD,2013J
601204,DDD,2013J
601230,DDD,2013J
601234,DDD,2013J
601263,DDD,2013J
601270,DDD,2013J
601286,DDD,2013J
601289,DDD,2013J
601310,DDD,2013J
601380,DDD,2013J
601392,DDD,2013J
601467,DDD,2013J
601488,DDD,2013J
601566,DDD,2013J
601579,DDD,2013J
601731,DDD,2013J
601857,DDD,2013J
602302,DDD,2013J
602312,DDD,2013J
602356,DDD,2013J
602404,DDD,2013J
602413,DDD,2013J
602452,DDD,2013J
602453,DDD,2013J
602595,DDD,2013J
602692,DDD,2013J
602725,DDD,2013J
602783,DDD,2013J
602856,DDD,2013J
602902,DDD,2013J
603034,DDD,2013J
603049,DDD,2013J
603201,DDD,2013J
603302,DDD,2013J
603325,DDD,2013J
603410,DDD,2013J
603431,DDD,2013J
603498,DDD,2013J
603513,DDD,2013J
603669,DDD,2013J
603730,DDD,2013J
603749,DDD,2013J
603850,DDD,2013J
603931,DDD,2013J
604055,DDD,2013J
604072,DDD,2013J
604156,DDD,2013J
604317,DDD,2013J
604392,DDD,2013J
604462,DDD,2013J
604574,DDD,2013J
604627,DDD,2013J
604641,DDD,2013J
604655,DDD,2013J
604723,DDD,2013J
604729,DDD,2013J
604854,DDD,2013J
604912,DDD,2013J
604952,DDD,2013J
605005,DDD,2013J
605070,DDD,2013J
605105,DDD,2013J
605118,DDD,2013J
605144,DDD,2013J
605191,DDD,2013J
605245,DDD,2013J
605313,DDD,2013J
605540,DDD,2013J
605561,DDD,2013J
605652,DDD,2013J
605703,DDD,2013J
605859,DDD,2013J
605941,DDD,2013J
606082,DDD,2013J
606270,DDD,2013J
606319,DDD,2013J
606322,DDD,2013J
606344,DDD,2013J
606513,DDD,2013J
606593,DDD,2013J
606665,DDD,2013J
606908,DDD,2013J
607073,DDD,2013J
607196,DDD,2013J
607231,DDD,2013J
607316,DDD,2013J
607427,DDD,2013J
607485,DDD,2013J
607498,DDD,2013J
607555,DDD,2013J
607622,DDD,2013J
607670,DDD,2013J
607854,DDD,2013J
607900,DDD,2013J
607927,DDD,2013J
607928,DDD,2013J
608062,DDD,2013J
608178,DDD,2013J
608206,DDD,2013J
608217,DDD,2013J
608238,DDD,2013J
608267,DDD,2013J
608284,DDD,2013J
608417,DDD,2013J
608630,DDD,2013J
608638,DDD,2013J
608733,DDD,2013J
608745,DDD,2013J
608815,DDD,2013J
608848,DDD,2013J
608923,DDD,2013J
608943,DDD,2013J
608983,DDD,2013J
609044,DDD,2013J
609089,DDD,2013J
609242,DDD,2013J
609381,DDD,2013J
609480,DDD,2013J
609488,DDD,2013J
609797,DDD,2013J
609932,DDD,2013J
610106,DDD,2013J
610170,DDD,2013J
610220,DDD,2013J
610257,DDD,2013J
610279,DDD,2013J
610393,DDD,2013J
610402,DDD,2013J
610469,DDD,2013J
610537,DDD,2013J
610595,DDD,2013J
610603,DDD,2013J
610606,DDD,2013J
610701,DDD,2013J
610817,DDD,2013J
610830,DDD,2013J
610834,DDD,2013J
610838,DDD,2013J
610870,DDD,2013J
610913,DDD,2013J
611162,DDD,2013J
611271,DDD,2013J
611284,DDD,2013J
611408,DDD,2013J
611418,DDD,2013J
611478,DDD,2013J
611593,DDD,2013J
925553,DDD,2013J
983970,DDD,2013J
997948,DDD,2013J
1080206,DDD,2013J
1103608,DDD,2013J
1282596,DDD,2013J
1345808,DDD,2013J
1346966,DDD,2013J
1355699,DDD,2013J
1375851,DDD,2013J
1440467,DDD,2013J
1442991,DDD,2013J
1449692,DDD,2013J
1485105,DDD,2013J
1497480,DDD,2013J
1507503,DDD,2013J
1509881,DDD,2013J
1517755,DDD,2013J
1522631,DDD,2013J
1530521,DDD,2013J
1563203,DDD,2013J
1564630,DDD,2013J
1580084,DDD,2013J
1581243,DDD,2013J
1592048,DDD,2013J
1610188,DDD,2013J
1644568,DDD,2013J
1678800,DDD,2013J
1679727,DDD,2013J
1684787,DDD,2013J
1687996,DDD,2013J
1689069,DDD,2013J
1713615,DDD,2013J
1756165,DDD,2013J
1766513,DDD,2013J
1777511,DDD,2013J
1782581,DDD,2013J
1796059,DDD,2013J
1818677,DDD,2013J
1819994,DDD,2013J
1830562,DDD,2013J
1833308,DDD,2013J
1835411,DDD,2013J
1847481,DDD,2013J
1868389,DDD,2013J
1874363,DDD,2013J
1877732,DDD,2013J
1887928,DDD,2013J
1894634,DDD,2013J
1901764,DDD,2013J
1903131,DDD,2013J
1903477,DDD,2013J
1913872,DDD,2013J
1963677,DDD,2013J
1982833,DDD,2013J
2014252,DDD,2013J
2032057,DDD,2013J
2032882,DDD,2013J
2034802,DDD,2013J
2039190,DDD,2013J
2039810,DDD,2013J
2043916,DDD,2013J
2046628,DDD,2013J
2068627,DDD,2013J
2082180,DDD,2013J
2112088,DDD,2013J
2134578,DDD,2013J
2149701,DDD,2013J
2157412,DDD,2013J
2175266,DDD,2013J
2194777,DDD,2013J
2195479,DDD,2013J
2198952,DDD,2013J
2204293,DDD,2013J
2221869,DDD,2013J
2232218,DDD,2013J
2239650,DDD,2013J
2252750,DDD,2013J
2253576,DDD,2013J
2281870,DDD,2013J
2284294,DDD,2013J
2289847,DDD,2013J
2292724,DDD,2013J
2305957,DDD,2013J
2314761,DDD,2013J
2321492,DDD,2013J
2327045,DDD,2013J
2327472,DDD,2013J
2336922,DDD,2013J
2337441,DDD,2013J
2339150,DDD,2013J
2340230,DDD,2013J
2340786,DDD,2013J
2342399,DDD,2013J
2355555,DDD,2013J
2356801,DDD,2013J
2358707,DDD,2013J
2365438,DDD,2013J
2366024,DDD,2013J
2366701,DDD,2013J
2367887,DDD,2013J
2375123,DDD,2013J
2375627,DDD,2013J
2377769,DDD,2013J
2382048,DDD,2013J
2383036,DDD,2013J
2388030,DDD,2013J
2404530,DDD,2013J
2409396,DDD,2013J
2410364,DDD,2013J
2421961,DDD,2013J
2430070,DDD,2013J
2430405,DDD,2013J
2437065,DDD,2013J
2445016,DDD,2013J
2446109,DDD,2013J
2452902,DDD,2013J
2457907,DDD,2013J
2461936,DDD,2013J
2462628,DDD,2013J
2472145,DDD,2013J
2473456,DDD,2013J
2474436,DDD,2013J
2477792,DDD,2013J
2479086,DDD,2013J
2485582,DDD,2013J
2485856,DDD,2013J
2495352,DDD,2013J
2501578,DDD,2013J
2505389,DDD,2013J
2505413,DDD,2013J
2505859,DDD,2013J
2520868,DDD,2013J
2522932,DDD,2013J
2539092,DDD,2013J
2540195,DDD,2013J
2542803,DDD,2013J
2546792,DDD,2013J
2546976,DDD,2013J
2547032,DDD,2013J
2550054,DDD,2013J
2552672,DDD,2013J
2554973,DDD,2013J
2555596,DDD,2013J
2560868,DDD,2013J
2561282,DDD,2013J
2561811,DDD,2013J
2569051,DDD,2013J
2569416,DDD,2013J
2569653,DDD,2013J
2574281,DDD,2013J
2577480,DDD,2013J
2579683,DDD,2013J
2581779,DDD,2013J
2581822,DDD,2013J
2585270,DDD,2013J
2585395,DDD,2013J
2588379,DDD,2013J
2588655,DDD,2013J
2595968,DDD,2013J
2597673,DDD,2013J
2598861,DDD,2013J
2602235,DDD,2013J
2606871,DDD,2013J
2608420,DDD,2013J
2615169,DDD,2013J
2615761,DDD,2013J
2618352,DDD,2013J
2627449,DDD,2013J
2630796,DDD,2013J
2631225,DDD,2013J
2635163,DDD,2013J
2639310,DDD,2013J
2643555,DDD,2013J
2648271,DDD,2013J
2648317,DDD,2013J
2649310,DDD,2013J
2650741,DDD,2013J
2654602,DDD,2013J
2658898,DDD,2013J
2662178,DDD,2013J
2662451,DDD,2013J
2663010,DDD,2013J
2668945,DDD,2013J
2678587,DDD,2013J
2681198,DDD,2013J
2681471,DDD,2013J
2683696,DDD,2013J
2686578,DDD,2013J
2691780,DDD,2013J
2692186,DDD,2013J
2695608,DDD,2013J
2697921,DDD,2013J
24213,DDD,2014B
28149,DDD,2014B
31269,DDD,2014B
35502,DDD,2014B
46753,DDD,2014B
49119,DDD,2014B
50476,DDD,2014B
50619,DDD,2014B
51030,DDD,2014B
53632,DDD,2014B
58617,DDD,2014B
61911,DDD,2014B
64450,DDD,2014B
64767,DDD,2014B
69489,DDD,2014B
71723,DDD,2014B
75309,DDD,2014B
76081,DDD,2014B
84576,DDD,2014B
85216,DDD,2014B
85304,DDD,2014B
88910,DDD,2014B
89904,DDD,2014B
95356,DDD,2014B
97939,DDD,2014B
99151,DDD,2014B
111959,DDD,2014B
116763,DDD,2014B
117281,DDD,2014B
117435,DDD,2014B
118578,DDD,2014B
124134,DDD,2014B
124847,DDD,2014B
127580,DDD,2014B
128348,DDD,2014B
131695,DDD,2014B
137150,DDD,2014B
138204,DDD,2014B
138416,DDD,2014B
139455,DDD,2014B
141182,DDD,2014B
141301,DDD,2014B
141497,DDD,2014B
144908,DDD,2014B
145114,DDD,2014B
145640,DDD,2014B
145770,DDD,2014B
152320,DDD,2014B
154697,DDD,2014B
157310,DDD,2014B
161286,DDD,2014B
161878,DDD,2014B
162901,DDD,2014B
165178,DDD,2014B
172965,DDD,2014B
178258,DDD,2014B
183331,DDD,2014B
189442,DDD,2014B
196264,DDD,2014B
201151,DDD,2014B
227826,DDD,2014B
228272,DDD,2014B
228373,DDD,2014B
229499,DDD,2014B
231973,DDD,2014B
232827,DDD,2014B
233868,DDD,2014B
236015,DDD,2014B
237925,DDD,2014B
237969,DDD,2014B
239459,DDD,2014B
240389,DDD,2014B
240486,DDD,2014B
240755,DDD,2014B
242633,DDD,2014B
244438,DDD,2014B
250058,DDD,2014B
255622,DDD,2014B
260367,DDD,2014B
260565,DDD,2014B
263022,DDD,2014B
264723,DDD,2014B
266922,DDD,2014B
267118,DDD,2014B
268883,DDD,2014B
268915,DDD,2014B
277166,DDD,2014B
285412,DDD,2014B
286449,DDD,2014B
287499,DDD,2014B
288407,DDD,2014B
291005,DDD,2014B
299949,DDD,2014B
306944,DDD,2014B
309258,DDD,2014B
309756,DDD,2014B
312761,DDD,2014B
315517,DDD,2014B
315723,DDD,2014B
317801,DDD,2014B
321810,DDD,2014B
325566,DDD,2014B
327449,DDD,2014B
328123,DDD,2014B
333308,DDD,2014B
334504,DDD,2014B
335471,DDD,2014B
339513,DDD,2014B
348439,DDD,2014B
352308,DDD,2014B
352600,DDD,2014B
354050,DDD,2014B
354953,DDD,2014B
355309,DDD,2014B
355780,DDD,2014B
355935,DDD,2014B
356166,DDD,2014B
356297,DDD,2014B
356705,DDD,2014B
360759,DDD,2014B
361842,DDD,2014B
362115,DDD,2014B
363122,DDD,2014B
365764,DDD,2014B
367045,DDD,2014B
367127,DDD,2014B
367646,DDD,2014B
370089,DDD,2014B
373790,DDD,2014B
374645,DDD,2014B
376280,DDD,2014B
378728,DDD,2014B
379330,DDD,2014B
380681,DDD,2014B
382051,DDD,2014B
384372,DDD,2014B
385927,DDD,2014B
386140,DDD,2014B
386671,DDD,2014B
386849,DDD,2014B
387289,DDD,2014B
387963,DDD,2014B
390026,DDD,2014B
391611,DDD,2014B
393094,DDD,2014B
394020,DDD,2014B
395164,DDD,2014B
395288,DDD,2014B
397429,DDD,2014B
398529,DDD,2014B
399203,DDD,2014B
400461,DDD,2014B
400599,DDD,2014B
402575,DDD,2014B
406753,DDD,2014B
407115,DDD,2014B
407303,DDD,2014B
409284,DDD,2014B
410816,DDD,2014B
412600,DDD,2014B
412663,DDD,2014B
413629,DDD,2014B
415151,DDD,2014B
415695,DDD,2014B
416008,DDD,2014B
418453,DDD,2014B
418781,DDD,2014B
421242,DDD,2014B
421754,DDD,2014B
421877,DDD,2014B
424880,DDD,2014B
426137,DDD,2014B
426297,DDD,2014B
430282,DDD,2014B
430678,DDD,2014B
431136,DDD,2014B
434002,DDD,2014B
440103,DDD,2014B
440331,DDD,2014B
440798,DDD,2014B
441393,DDD,2014B
442873,DDD,2014B
444474,DDD,2014B
445857,DDD,2014B
447162,DDD,2014B
464592,DDD,2014B
464685,DDD,2014B
464748,DDD,2014B
464887,DDD,2014B
466158,DDD,2014B
466714,DDD,2014B
467230,DDD,2014B
468386,DDD,2014B
469425,DDD,2014B
469614,DDD,2014B
470555,DDD,2014B
471189,DDD,2014B
471476,DDD,2014B
472257,DDD,2014B
472284,DDD,2014B
472651,DDD,2014B
473406,DDD,2014B
474451,DDD,2014B
477063,DDD,2014B
477180,DDD,2014B
479921,DDD,2014B
481863,DDD,2014B
484130,DDD,2014B
484213,DDD,2014B
484305,DDD,2014B
484762,DDD,2014B
485219,DDD,2014B
486022,DDD,2014B
488550,DDD,2014B
489507,DDD,2014B
490164,DDD,2014B
491792,DDD,2014B
491912,DDD,2014B
492095,DDD,2014B
492537,DDD,2014B
493055,DDD,2014B
493296,DDD,2014B
493434,DDD,2014B
493793,DDD,2014B
493879,DDD,2014B
493984,DDD,2014B
496085,DDD,2014B
497206,DDD,2014B
498438,DDD,2014B
498582,DDD,2014B
498905,DDD,2014B
501123,DDD,2014B
501487,DDD,2014B
501723,DDD,2014B
502161,DDD,2014B
502207,DDD,2014B
504089,DDD,2014B
505561,DDD,2014B
505815,DDD,2014B
505854,DDD,2014B
507812,DDD,2014B
508446,DDD,2014B
508594,DDD,2014B
508872,DDD,2014B
509100,DDD,2014B
509417,DDD,2014B
511869,DDD,2014B
511890,DDD,2014B
513687,DDD,2014B
513957,DDD,2014B
514277,DDD,2014B
515161,DDD,2014B
516318,DDD,2014B
517864,DDD,2014B
518265,DDD,2014B
518330,DDD,2014B
520349,DDD,2014B
520962,DDD,2014B
522129,DDD,2014B
522205,DDD,2014B
522363,DDD,2014B
522690,DDD,2014B
522840,DDD,2014B
523583,DDD,2014B
523857,DDD,2014B
523978,DDD,2014B
524109,DDD,2014B
524137,DDD,2014B
525412,DDD,2014B
525635,DDD,2014B
526098,DDD,2014B
526175,DDD,2014B
527323,DDD,2014B
528330,DDD,2014B
528699,DDD,2014B
528822,DDD,2014B
529190,DDD,2014B
531069,DDD,2014B
531234,DDD,2014B
531340,DDD,2014B
532194,DDD,2014B
532988,DDD,2014B
533012,DDD,2014B
534201,DDD,2014B
536794,DDD,2014B
536941,DDD,2014B
536999,DDD,2014B
537756,DDD,2014B
539060,DDD,2014B
539186,DDD,2014B
539451,DDD,2014B
539588,DDD,2014B
539872,DDD,2014B
540758,DDD,2014B
541000,DDD,2014B
541765,DDD,2014B
543356,DDD,2014B
543361,DDD,2014B
543789,DDD,2014B
544499,DDD,2014B
546025,DDD,2014B
546040,DDD,2014B
546299,DDD,2014B
546403,DDD,2014B
546584,DDD,2014B
547786,DDD,2014B
547816,DDD,2014B
547860,DDD,2014B
548371,DDD,2014B
548500,DDD,2014B
549160,DDD,2014B
549785,DDD,2014B
550046,DDD,2014B
550638,DDD,2014B
550893,DDD,2014B
551109,DDD,2014B
551171,DDD,2014B
551340,DDD,2014B
551427,DDD,2014B
551814,DDD,2014B
552255,DDD,2014B
552908,DDD,2014B
554065,DDD,2014B
554444,DDD,2014B
554585,DDD,2014B
554712,DDD,2014B
555137,DDD,2014B
555408,DDD,2014B
555446,DDD,2014B
556007,DDD,2014B
556057,DDD,2014B
556170,DDD,2014B
556171,DDD,2014B
556370,DDD,2014B
556374,DDD,2014B
556836,DDD,2014B
557751,DDD,2014B
558029,DDD,2014B
558292,DDD,2014B
558629,DDD,2014B
558705,DDD,2014B
559328,DDD,2014B
559872,DDD,2014B
560944,DDD,2014B
561503,DDD,2014B
561906,DDD,2014B
561913,DDD,2014B
562112,DDD,2014B
562248,DDD,2014B
562632,DDD,2014B
562708,DDD,2014B
562929,DDD,2014B
563081,DDD,2014B
563631,DDD,2014B
563763,DDD,2014B
564081,DDD,2014B
564643,DDD,2014B
564712,DDD,2014B
564944,DDD,2014B
564970,DDD,2014B
565158,DDD,2014B
565840,DDD,2014B
565851,DDD,2014B
566240,DDD,2014B
566694,DDD,2014B
566788,DDD,2014B
567595,DDD,2014B
567808,DDD,2014B
567896,DDD,2014B
568631,DDD,2014B
568686,DDD,2014B
569084,DDD,2014B
569944,DDD,2014B
570049,DDD,2014B
570215,DDD,2014B
571000,DDD,2014B
571292,DDD,2014B
572235,DDD,2014B
572414,DDD,2014B
572924,DDD,2014B
573126,DDD,2014B
574190,DDD,2014B
574909,DDD,2014B
575603,DDD,2014B
575773,DDD,2014B
575792,DDD,2014B
576350,DDD,2014B
576827,DDD,2014B
576869,DDD,2014B
577954,DDD,2014B
577977,DDD,2014B
578031,DDD,2014B
578595,DDD,2014B
578815,DDD,2014B
579134,DDD,2014B
579178,DDD,2014B
579711,DDD,2014B
580912,DDD,2014B
581409,DDD,2014B
581648,DDD,2014B
581909,DDD,2014B
582366,DDD,2014B
582479,DDD,2014B
582920,DDD,2014B
583053,DDD,2014B
583713,DDD,2014B
583775,DDD,2014B
584077,DDD,2014B
584660,DDD,2014B
584952,DDD,2014B
585372,DDD,2014B
585485,DDD,2014B
585830,DDD,2014B
586347,DDD,2014B
586369,DDD,2014B
586946,DDD,2014B
587310,DDD,2014B
587403,DDD,2014B
587576,DDD,2014B
588059,DDD,2014B
588182,DDD,2014B
588198,DDD,2014B
588397,DDD,2014B
588749,DDD,2014B
588752,DDD,2014B
589445,DDD,2014B
589569,DDD,2014B
589963,DDD,2014B
590541,DDD,2014B
591448,DDD,2014B
591648,DDD,2014B
591654,DDD,2014B
591852,DDD,2014B
592220,DDD,2014B
593099,DDD,2014B
593607,DDD,2014B
593657,DDD,2014B
594407,DDD,2014B
595193,DDD,2014B
595342,DDD,2014B
595373,DDD,2014B
596439,DDD,2014B
596465,DDD,2014B
597242,DDD,2014B
597356,DDD,2014B
597379,DDD,2014B
597839,DDD,2014B
598102,DDD,2014B
598179,DDD,2014B
599134,DDD,2014B
599649,DDD,2014B
599789,DDD,2014B
600130,DDD,2014B
600670,DDD,2014B
600767,DDD,2014B
600891,DDD,2014B
601082,DDD,2014B
601093,DDD,2014B
601270,DDD,2014B
601329,DDD,2014B
601652,DDD,2014B
601731,DDD,2014B
602228,DDD,2014B
602365,DDD,2014B
602533,DDD,2014B
603241,DDD,2014B
603302,DDD,2014B
603559,DDD,2014B
603690,DDD,2014B
604480,DDD,2014B
604704,DDD,2014B
604905,DDD,2014B
605131,DDD,2014B
605596,DDD,2014B
605652,DDD,2014B
605695,DDD,2014B
605759,DDD,2014B
605781,DDD,2014B
605890,DDD,2014B
606802,DDD,2014B
606884,DDD,2014B
607130,DDD,2014B
607214,DDD,2014B
607572,DDD,2014B
607705,DDD,2014B
607939,DDD,2014B
607946,DDD,2014B
608322,DDD,2014B
608487,DDD,2014B
608724,DDD,2014B
608772,DDD,2014B
609019,DDD,2014B
609089,DDD,2014B
609194,DDD,2014B
609265,DDD,2014B
609354,DDD,2014B
609570,DDD,2014B
609573,DDD,2014B
609681,DDD,2014B
609708,DDD,2014B
609946,DDD,2014B
610129,DDD,2014B
610170,DDD,2014B
610228,DDD,2014B
610261,DDD,2014B
610285,DDD,2014B
610326,DDD,2014B
610515,DDD,2014B
610609,DDD,2014B
610931,DDD,2014B
611377,DDD,2014B
611493,DDD,2014B
611520,DDD,2014B
611735,DDD,2014B
611800,DDD,2014B
611845,DDD,2014B
611879,DDD,2014B
611910,DDD,2014B
611983,DDD,2014B
611988,DDD,2014B
612000,DDD,2014B
612026,DDD,2014B
612111,DDD,2014B
612136,DDD,2014B
612283,DDD,2014B
612326,DDD,2014B
612439,DDD,2014B
612563,DDD,2014B
612625,DDD,2014B
612669,DDD,2014B
612805,DDD,2014B
612822,DDD,2014B
612935,DDD,2014B
613105,DDD,2014B
613107,DDD,2014B
613313,DDD,2014B
613370,DDD,2014B
613617,DDD,2014B
613667,DDD,2014B
614025,DDD,2014B
614074,DDD,2014B
614176,DDD,2014B
614217,DDD,2014B
614265,DDD,2014B
614406,DDD,2014B
614633,DDD,2014B
614650,DDD,2014B
614804,DDD,2014B
614808,DDD,2014B
614879,DDD,2014B
614949,DDD,2014B
615075,DDD,2014B
615184,DDD,2014B
616166,DDD,2014B
616334,DDD,2014B
616542,DDD,2014B
616658,DDD,2014B
616684,DDD,2014B
616874,DDD,2014B
616952,DDD,2014B
617265,DDD,2014B
617327,DDD,2014B
617350,DDD,2014B
617401,DDD,2014B
617442,DDD,2014B
617619,DDD,2014B
617699,DDD,2014B
617771,DDD,2014B
617781,DDD,2014B
617801,DDD,2014B
617880,DDD,2014B
617897,DDD,2014B
618131,DDD,2014B
618171,DDD,2014B
618377,DDD,2014B
618583,DDD,2014B
618649,DDD,2014B
618675,DDD,2014B
618682,DDD,2014B
618683,DDD,2014B
618696,DDD,2014B
618845,DDD,2014B
618913,DDD,2014B
618937,DDD,2014B
618940,DDD,2014B
618963,DDD,2014B
618968,DDD,2014B
619015,DDD,2014B
619297,DDD,2014B
619359,DDD,2014B
619382,DDD,2014B
619403,DDD,2014B
619851,DDD,2014B
619908,DDD,2014B
619939,DDD,2014B
619964,DDD,2014B
620060,DDD,2014B
620106,DDD,2014B
620337,DDD,2014B
620437,DDD,2014B
620508,DDD,2014B
620608,DDD,2014B
620658,DDD,2014B
620734,DDD,2014B
620793,DDD,2014B
620820,DDD,2014B
620892,DDD,2014B
620925,DDD,2014B
620951,DDD,2014B
621010,DDD,2014B
621300,DDD,2014B
621352,DDD,2014B
621384,DDD,2014B
621442,DDD,2014B
621615,DDD,2014B
621659,DDD,2014B
621675,DDD,2014B
621699,DDD,2014B
621883,DDD,2014B
621908,DDD,2014B
622086,DDD,2014B
622175,DDD,2014B
622192,DDD,2014B
622199,DDD,2014B
622256,DDD,2014B
622281,DDD,2014B
622333,DDD,2014B
622413,DDD,2014B
622435,DDD,2014B
622499,DDD,2014B
622541,DDD,2014B
622614,DDD,2014B
622626,DDD,2014B
622630,DDD,2014B
622657,DDD,2014B
622672,DDD,2014B
622724,DDD,2014B
622790,DDD,2014B
622792,DDD,2014B
622844,DDD,2014B
622851,DDD,2014B
622873,DDD,2014B
622900,DDD,2014B
622968,DDD,2014B
623008,DDD,2014B
623015,DDD,2014B
623052,DDD,2014B
623099,DDD,2014B
623164,DDD,2014B
623257,DDD,2014B
623332,DDD,2014B
623347,DDD,2014B
623514,DDD,2014B
623541,DDD,2014B
623585,DDD,2014B
623601,DDD,2014B
623740,DDD,2014B
623815,DDD,2014B
623829,DDD,2014B
623834,DDD,2014B
623917,DDD,2014B
623997,DDD,2014B
624052,DDD,2014B
624068,DDD,2014B
624077,DDD,2014B
624078,DDD,2014B
624093,DDD,2014B
624105,DDD,2014B
624407,DDD,2014B
624476,DDD,2014B
624492,DDD,2014B
624493,DDD,2014B
624570,DDD,2014B
624585,DDD,2014B
624610,DDD,2014B
624730,DDD,2014B
624789,DDD,2014B
624804,DDD,2014B
624839,DDD,2014B
624881,DDD,2014B
624944,DDD,2014B
625035,DDD,2014B
625080,DDD,2014B
625098,DDD,2014B
625263,DDD,2014B
625427,DDD,2014B
625568,DDD,2014B
625613,DDD,2014B
625615,DDD,2014B
625748,DDD,2014B
625874,DDD,2014B
625902,DDD,2014B
625913,DDD,2014B
625983,DDD,2014B
626018,DDD,2014B
626049,DDD,2014B
626114,DDD,2014B
626146,DDD,2014B
626172,DDD,2014B
626217,DDD,2014B
626238,DDD,2014B
626321,DDD,2014B
626348,DDD,2014B
626405,DDD,2014B
626417,DDD,2014B
626450,DDD,2014B
626546,DDD,2014B
626551,DDD,2014B
626556,DDD,2014B
626607,DDD,2014B
626723,DDD,2014B
626798,DDD,2014B
626852,DDD,2014B
626885,DDD,2014B
626889,DDD,2014B
626930,DDD,2014B
626979,DDD,2014B
627021,DDD,2014B
627100,DDD,2014B
627173,DDD,2014B
627184,DDD,2014B
627276,DDD,2014B
627322,DDD,2014B
627367,DDD,2014B
627370,DDD,2014B
627416,DDD,2014B
627616,DDD,2014B
627638,DDD,2014B
627655,DDD,2014B
627690,DDD,2014B
627772,DDD,2014B
627882,DDD,2014B
627891,DDD,2014B
627924,DDD,2014B
628099,DDD,2014B
628150,DDD,2014B
628216,DDD,2014B
628246,DDD,2014B
628347,DDD,2014B
628386,DDD,2014B
628437,DDD,2014B
628575,DDD,2014B
628642,DDD,2014B
628806,DDD,2014B
628835,DDD,2014B
628841,DDD,2014B
628858,DDD,2014B
628875,DDD,2014B
628915,DDD,2014B
628947,DDD,2014B
628956,DDD,2014B
629000,DDD,2014B
629039,DDD,2014B
629055,DDD,2014B
629316,DDD,2014B
629405,DDD,2014B
629442,DDD,2014B
629452,DDD,2014B
629632,DDD,2014B
629699,DDD,2014B
629702,DDD,2014B
629706,DDD,2014B
629710,DDD,2014B
629713,DDD,2014B
629725,DDD,2014B
629822,DDD,2014B
629876,DDD,2014B
629877,DDD,2014B
629921,DDD,2014B
629955,DDD,2014B
630009,DDD,2014B
630073,DDD,2014B
630137,DDD,2014B
630152,DDD,2014B
630200,DDD,2014B
630301,DDD,2014B
630359,DDD,2014B
630401,DDD,2014B
630432,DDD,2014B
630556,DDD,2014B
630596,DDD,2014B
630613,DDD,2014B
630774,DDD,2014B
630818,DDD,2014B
630935,DDD,2014B
630939,DDD,2014B
630948,DDD,2014B
631131,DDD,2014B
631240,DDD,2014B
631257,DDD,2014B
631299,DDD,2014B
631322,DDD,2014B
631355,DDD,2014B
631388,DDD,2014B
631439,DDD,2014B
631513,DDD,2014B
631514,DDD,2014B
631527,DDD,2014B
631560,DDD,2014B
631630,DDD,2014B
631670,DDD,2014B
631771,DDD,2014B
631851,DDD,2014B
632115,DDD,2014B
632195,DDD,2014B
632205,DDD,2014B
632215,DDD,2014B
632305,DDD,2014B
632314,DDD,2014B
632469,DDD,2014B
632473,DDD,2014B
632482,DDD,2014B
632486,DDD,2014B
632504,DDD,2014B
632551,DDD,2014B
632725,DDD,2014B
632741,DDD,2014B
632790,DDD,2014B
632793,DDD,2014B
632814,DDD,2014B
632845,DDD,2014B
632879,DDD,2014B
632898,DDD,2014B
632975,DDD,2014B
633008,DDD,2014B
633214,DDD,2014B
633325,DDD,2014B
633331,DDD,2014B
633384,DDD,2014B
633467,DDD,2014B
633477,DDD,2014B
633510,DDD,2014B
633591,DDD,2014B
633618,DDD,2014B
633763,DDD,2014B
633764,DDD,2014B
633771,DDD,2014B
633864,DDD,2014B
633921,DDD,2014B
633960,DDD,2014B
634094,DDD,2014B
634106,DDD,2014B
634107,DDD,2014B
634178,DDD,2014B
634246,DDD,2014B
634278,DDD,2014B
634313,DDD,2014B
634351,DDD,2014B
634360,DDD,2014B
634383,DDD,2014B
634420,DDD,2014B
634508,DDD,2014B
634596,DDD,2014B
634648,DDD,2014B
634681,DDD,2014B
634824,DDD,2014B
634905,DDD,2014B
634909,DDD,2014B
635058,DDD,2014B
635100,DDD,2014B
669530,DDD,2014B
879295,DDD,2014B
909056,DDD,2014B
997948,DDD,2014B
1031884,DDD,2014B
1033968,DDD,2014B
1049036,DDD,2014B
1332356,DDD,2014B
1531649,DDD,2014B
1549107,DDD,2014B
1552044,DDD,2014B
1554143,DDD,2014B
1591864,DDD,2014B
1592048,DDD,2014B
1612600,DDD,2014B
1614808,DDD,2014B
1624025,DDD,2014B
1668372,DDD,2014B
1671208,DDD,2014B
1735653,DDD,2014B
1763186,DDD,2014B
1777223,DDD,2014B
1804143,DDD,2014B
1826729,DDD,2014B
1843355,DDD,2014B
1845093,DDD,2014B
1874160,DDD,2014B
1903131,DDD,2014B
1916140,DDD,2014B
1962854,DDD,2014B
1981053,DDD,2014B
1986370,DDD,2014B
2001102,DDD,2014B
2002727,DDD,2014B
2043916,DDD,2014B
2046628,DDD,2014B
2077023,DDD,2014B
2080340,DDD,2014B
2087698,DDD,2014B
2110039,DDD,2014B
2151748,DDD,2014B
2162388,DDD,2014B
2172136,DDD,2014B
2188469,DDD,2014B
2228206,DDD,2014B
2231018,DDD,2014B
2261142,DDD,2014B
2265935,DDD,2014B
2266889,DDD,2014B
2301511,DDD,2014B
2305237,DDD,2014B
2305957,DDD,2014B
2306519,DDD,2014B
2312809,DDD,2014B
2333244,DDD,2014B
2336922,DDD,2014B
2343809,DDD,2014B
2348961,DDD,2014B
2356318,DDD,2014B
2357168,DDD,2014B
2365009,DDD,2014B
2366701,DDD,2014B
2371311,DDD,2014B
2394090,DDD,2014B
2399951,DDD,2014B
2415480,DDD,2014B
2416424,DDD,2014B
2416501,DDD,2014B
2444109,DDD,2014B
2446778,DDD,2014B
2450650,DDD,2014B
2451003,DDD,2014B
2452902,DDD,2014B
2460775,DDD,2014B
2465186,DDD,2014B
2473025,DDD,2014B
2485856,DDD,2014B
2495139,DDD,2014B
2502516,DDD,2014B
2502707,DDD,2014B
2503273,DDD,2014B
2516497,DDD,2014B
2519622,DDD,2014B
2521837,DDD,2014B
2523146,DDD,2014B
2527077,DDD,2014B
2533297,DDD,2014B
2533590,DDD,2014B
2544678,DDD,2014B
2545413,DDD,2014B
2550946,DDD,2014B
2558536,DDD,2014B
2577480,DDD,2014B
2588296,DDD,2014B
2588543,DDD,2014B
2595457,DDD,2014B
2595730,DDD,2014B
2599201,DDD,2014B
2608626,DDD,2014B
2609908,DDD,2014B
2611371,DDD,2014B
2619496,DDD,2014B
2621984,DDD,2014B
2631092,DDD,2014B
2635116,DDD,2014B
2637219,DDD,2014B
2638464,DDD,2014B
2639021,DDD,2014B
2643028,DDD,2014B
2646737,DDD,2014B
2648035,DDD,2014B
2659530,DDD,2014B
2661162,DDD,2014B
2668106,DDD,2014B
2669995,DDD,2014B
2675343,DDD,2014B
2683696,DDD,2014B
2684847,DDD,2014B
2686365,DDD,2014B
2686865,DDD,2014B
2689501,DDD,2014B
2692101,DDD,2014B
2692577,DDD,2014B
2692948,DDD,2014B
2694886,DDD,2014B
2698251,DDD,2014B
2710343,DDD,2014B
8462,DDD,2014J
25572,DDD,2014J
33387,DDD,2014J
33681,DDD,2014J
33796,DDD,2014J
33897,DDD,2014J
34087,DDD,2014J
36385,DDD,2014J
39208,DDD,2014J
46016,DDD,2014J
46812,DDD,2014J
51033,DDD,2014J
51253,DDD,2014J
53632,DDD,2014J
58731,DDD,2014J
63015,DDD,2014J
63827,DDD,2014J
68417,DDD,2014J
69239,DDD,2014J
71676,DDD,2014J
73019,DDD,2014J
75309,DDD,2014J
75427,DDD,2014J
76081,DDD,2014J
80329,DDD,2014J
88439,DDD,2014J
91470,DDD,2014J
96874,DDD,2014J
99609,DDD,2014J
100561,DDD,2014J
101187,DDD,2014J
101279,DDD,2014J
102221,DDD,2014J
104215,DDD,2014J
104772,DDD,2014J
106553,DDD,2014J
110524,DDD,2014J
110640,DDD,2014J
111926,DDD,2014J
118578,DDD,2014J
123053,DDD,2014J
123183,DDD,2014J
123957,DDD,2014J
124728,DDD,2014J
125830,DDD,2014J
129989,DDD,2014J
131612,DDD,2014J
132511,DDD,2014J
133365,DDD,2014J
134243,DDD,2014J
134920,DDD,2014J
136793,DDD,2014J
138715,DDD,2014J
145188,DDD,2014J
145578,DDD,2014J
147328,DDD,2014J
147715,DDD,2014J
148414,DDD,2014J
151745,DDD,2014J
152320,DDD,2014J
153170,DDD,2014J
154073,DDD,2014J
158575,DDD,2014J
160181,DDD,2014J
162337,DDD,2014J
163996,DDD,2014J
167945,DDD,2014J
168843,DDD,2014J
169894,DDD,2014J
172965,DDD,2014J
175804,DDD,2014J
184409,DDD,2014J
185024,DDD,2014J
190279,DDD,2014J
191732,DDD,2014J
192375,DDD,2014J
202138,DDD,2014J
203149,DDD,2014J
204410,DDD,2014J
204609,DDD,2014J
231697,DDD,2014J
233868,DDD,2014J
233873,DDD,2014J
234552,DDD,2014J
235893,DDD,2014J
236017,DDD,2014J
236150,DDD,2014J
243025,DDD,2014J
249359,DDD,2014J
256144,DDD,2014J
258538,DDD,2014J
260077,DDD,2014J
264601,DDD,2014J
267118,DDD,2014J
269575,DDD,2014J
270502,DDD,2014J
275297,DDD,2014J
276935,DDD,2014J
279117,DDD,2014J
281172,DDD,2014J
281252,DDD,2014J
281920,DDD,2014J
282498,DDD,2014J
284741,DDD,2014J
285481,DDD,2014J
287897,DDD,2014J
287954,DDD,2014J
288762,DDD,2014J
295118,DDD,2014J
296138,DDD,2014J
298777,DDD,2014J
301036,DDD,2014J
306754,DDD,2014J
307116,DDD,2014J
309258,DDD,2014J
313561,DDD,2014J
318919,DDD,2014J
321952,DDD,2014J
324338,DDD,2014J
328241,DDD,2014J
331526,DDD,2014J
334048,DDD,2014J
334581,DDD,2014J
335018,DDD,2014J
335922,DDD,2014J
336218,DDD,2014J
337048,DDD,2014J
337359,DDD,2014J
338704,DDD,2014J
339853,DDD,2014J
340627,DDD,2014J
341855,DDD,2014J
348602,DDD,2014J
349910,DDD,2014J
351080,DDD,2014J
351244,DDD,2014J
352954,DDD,2014J
353969,DDD,2014J
356561,DDD,2014J
359657,DDD,2014J
361842,DDD,2014J
364307,DDD,2014J
365375,DDD,2014J
365893,DDD,2014J
367309,DDD,2014J
368195,DDD,2014J
370089,DDD,2014J
370100,DDD,2014J
370274,DDD,2014J
370375,DDD,2014J
371019,DDD,2014J
371949,DDD,2014J
373280,DDD,2014J
376758,DDD,2014J
378388,DDD,2014J
380681,DDD,2014J
381439,DDD,2014J
384106,DDD,2014J
384295,DDD,2014J
384499,DDD,2014J
384999,DDD,2014J
385019,DDD,2014J
385495,DDD,2014J
386140,DDD,2014J
387364,DDD,2014J
390556,DDD,2014J
390849,DDD,2014J
392250,DDD,2014J
393094,DDD,2014J
395980,DDD,2014J
397894,DDD,2014J
398816,DDD,2014J
399772,DDD,2014J
399794,DDD,2014J
400091,DDD,2014J
402268,DDD,2014J
402829,DDD,2014J
402958,DDD,2014J
403052,DDD,2014J
406425,DDD,2014J
407487,DDD,2014J
408344,DDD,2014J
409120,DDD,2014J
409205,DDD,2014J
410767,DDD,2014J
412717,DDD,2014J
414094,DDD,2014J
414963,DDD,2014J
416276,DDD,2014J
417157,DDD,2014J
420141,DDD,2014J
420344,DDD,2014J
420560,DDD,2014J
420745,DDD,2014J
420762,DDD,2014J
421185,DDD,2014J
421242,DDD,2014J
422343,DDD,2014J
423650,DDD,2014J
424211,DDD,2014J
425393,DDD,2014J
428116,DDD,2014J
429740,DDD,2014J
431136,DDD,2014J
432642,DDD,2014J
434002,DDD,2014J
434767,DDD,2014J
435536,DDD,2014J
435572,DDD,2014J
436898,DDD,2014J
438135,DDD,2014J
441354,DDD,2014J
441897,DDD,2014J
442017,DDD,2014J
442191,DDD,2014J
442549,DDD,2014J
443539,DDD,2014J
444180,DDD,2014J
444388,DDD,2014J
444766,DDD,2014J
444783,DDD,2014J
445239,DDD,2014J
445351,DDD,2014J
445451,DDD,2014J
445595,DDD,2014J
445782,DDD,2014J
446097,DDD,2014J
446730,DDD,2014J
446761,DDD,2014J
447393,DDD,2014J
447510,DDD,2014J
447644,DDD,2014J
464748,DDD,2014J
464968,DDD,2014J
465564,DDD,2014J
465629,DDD,2014J
466230,DDD,2014J
466289,DDD,2014J
466714,DDD,2014J
466956,DDD,2014J
467893,DDD,2014J
468386,DDD,2014J
468720,DDD,2014J
468845,DDD,2014J
469624,DDD,2014J
469633,DDD,2014J
470555,DDD,2014J
470914,DDD,2014J
471781,DDD,2014J
471976,DDD,2014J
472073,DDD,2014J
472649,DDD,2014J
472949,DDD,2014J
473129,DDD,2014J
474119,DDD,2014J
474246,DDD,2014J
475443,DDD,2014J
475839,DDD,2014J
475863,DDD,2014J
475908,DDD,2014J
477099,DDD,2014J
477354,DDD,2014J
478326,DDD,2014J
478517,DDD,2014J
479553,DDD,2014J
483149,DDD,2014J
483200,DDD,2014J
483343,DDD,2014J
484130,DDD,2014J
485282,DDD,2014J
485421,DDD,2014J
486244,DDD,2014J
486287,DDD,2014J
486539,DDD,2014J
487556,DDD,2014J
487607,DDD,2014J
488575,DDD,2014J
488941,DDD,2014J
490629,DDD,2014J
491688,DDD,2014J
492254,DDD,2014J
493207,DDD,2014J
493434,DDD,2014J
493650,DDD,2014J
493826,DDD,2014J
493876,DDD,2014J
495493,DDD,2014J
495762,DDD,2014J
495903,DDD,2014J
496154,DDD,2014J
496494,DDD,2014J
496916,DDD,2014J
497989,DDD,2014J
499865,DDD,2014J
500707,DDD,2014J
502470,DDD,2014J
504034,DDD,2014J
504064,DDD,2014J
504251,DDD,2014J
504552,DDD,2014J
504589,DDD,2014J
504749,DDD,2014J
504841,DDD,2014J
507478,DDD,2014J
508829,DDD,2014J
508859,DDD,2014J
508872,DDD,2014J
509933,DDD,2014J
510424,DDD,2014J
510456,DDD,2014J
510532,DDD,2014J
511345,DDD,2014J
511676,DDD,2014J
512046,DDD,2014J
513283,DDD,2014J
513356,DDD,2014J
514277,DDD,2014J
514324,DDD,2014J
515052,DDD,2014J
516562,DDD,2014J
519116,DDD,2014J
520349,DDD,2014J
523762,DDD,2014J
523817,DDD,2014J
524020,DDD,2014J
525870,DDD,2014J
526352,DDD,2014J
526912,DDD,2014J
528363,DDD,2014J
528535,DDD,2014J
529789,DDD,2014J
529885,DDD,2014J
530807,DDD,2014J
531646,DDD,2014J
534827,DDD,2014J
535220,DDD,2014J
535351,DDD,2014J
536296,DDD,2014J
537463,DDD,2014J
540885,DDD,2014J
544612,DDD,2014J
544649,DDD,2014J
545127,DDD,2014J
545752,DDD,2014J
546299,DDD,2014J
546773,DDD,2014J
547464,DDD,2014J
547786,DDD,2014J
548486,DDD,2014J
549337,DDD,2014J
549626,DDD,2014J
550142,DDD,2014J
550380,DDD,2014J
551332,DDD,2014J
551440,DDD,2014J
551595,DDD,2014J
552114,DDD,2014J
553576,DDD,2014J
554215,DDD,2014J
554407,DDD,2014J
554746,DDD,2014J
554863,DDD,2014J
555989,DDD,2014J
556007,DDD,2014J
556374,DDD,2014J
556514,DDD,2014J
557083,DDD,2014J
557237,DDD,2014J
557389,DDD,2014J
557474,DDD,2014J
559707,DDD,2014J
559852,DDD,2014J
559882,DDD,2014J
560301,DDD,2014J
561848,DDD,2014J
561904,DDD,2014J
562100,DDD,2014J
562619,DDD,2014J
562827,DDD,2014J
562890,DDD,2014J
563595,DDD,2014J
563710,DDD,2014J
563847,DDD,2014J
564643,DDD,2014J
565006,DDD,2014J
565209,DDD,2014J
565446,DDD,2014J
566134,DDD,2014J
566300,DDD,2014J
566482,DDD,2014J
566553,DDD,2014J
566560,DDD,2014J
567176,DDD,2014J
567597,DDD,2014J
568297,DDD,2014J
568415,DDD,2014J
568446,DDD,2014J
569633,DDD,2014J
569737,DDD,2014J
569749,DDD,2014J
569840,DDD,2014J
570119,DDD,2014J
570411,DDD,2014J
571292,DDD,2014J
571382,DDD,2014J
571644,DDD,2014J
572156,DDD,2014J
572281,DDD,2014J
572413,DDD,2014J
572414,DDD,2014J
572430,DDD,2014J
572880,DDD,2014J
573328,DDD,2014J
573646,DDD,2014J
573742,DDD,2014J
573969,DDD,2014J
574347,DDD,2014J
574431,DDD,2014J
574843,DDD,2014J
574866,DDD,2014J
574928,DDD,2014J
575009,DDD,2014J
575200,DDD,2014J
575272,DDD,2014J
575337,DDD,2014J
575380,DDD,2014J
575855,DDD,2014J
576306,DDD,2014J
576515,DDD,2014J
577196,DDD,2014J
577520,DDD,2014J
577566,DDD,2014J
577638,DDD,2014J
577652,DDD,2014J
577934,DDD,2014J
577977,DDD,2014J
578395,DDD,2014J
578427,DDD,2014J
578616,DDD,2014J
578646,DDD,2014J
578857,DDD,2014J
579017,DDD,2014J
579172,DDD,2014J
579386,DDD,2014J
580450,DDD,2014J
580458,DDD,2014J
580534,DDD,2014J
580838,DDD,2014J
582009,DDD,2014J
583092,DDD,2014J
583147,DDD,2014J
583604,DDD,2014J
584038,DDD,2014J
584077,DDD,2014J
584591,DDD,2014J
584981,DDD,2014J
585153,DDD,2014J
585354,DDD,2014J
585432,DDD,2014J
585526,DDD,2014J
585626,DDD,2014J
585773,DDD,2014J
585998,DDD,2014J
586121,DDD,2014J
586315,DDD,2014J
586444,DDD,2014J
586729,DDD,2014J
586946,DDD,2014J
586957,DDD,2014J
587140,DDD,2014J
587446,DDD,2014J
587576,DDD,2014J
587579,DDD,2014J
587772,DDD,2014J
588058,DDD,2014J
588179,DDD,2014J
588240,DDD,2014J
588383,DDD,2014J
589279,DDD,2014J
589585,DDD,2014J
590110,DDD,2014J
590227,DDD,2014J
590340,DDD,2014J
590562,DDD,2014J
590616,DDD,2014J
590753,DDD,2014J
590886,DDD,2014J
590920,DDD,2014J
591852,DDD,2014J
592214,DDD,2014J
592221,DDD,2014J
592661,DDD,2014J
593099,DDD,2014J
593556,DDD,2014J
593903,DDD,2014J
593976,DDD,2014J
594033,DDD,2014J
594048,DDD,2014J
594161,DDD,2014J
594164,DDD,2014J
594329,DDD,2014J
594950,DDD,2014J
595876,DDD,2014J
596322,DDD,2014J
596359,DDD,2014J
596420,DDD,2014J
596620,DDD,2014J
596759,DDD,2014J
597529,DDD,2014J
597608,DDD,2014J
597786,DDD,2014J
597814,DDD,2014J
598103,DDD,2014J
598123,DDD,2014J
598141,DDD,2014J
598283,DDD,2014J
598303,DDD,2014J
598493,DDD,2014J
598536,DDD,2014J
599083,DDD,2014J
599270,DDD,2014J
599651,DDD,2014J
599742,DDD,2014J
599837,DDD,2014J
600033,DDD,2014J
600554,DDD,2014J
600616,DDD,2014J
601418,DDD,2014J
601488,DDD,2014J
602029,DDD,2014J
602185,DDD,2014J
602318,DDD,2014J
602528,DDD,2014J
603224,DDD,2014J
603303,DDD,2014J
603406,DDD,2014J
603490,DDD,2014J
603493,DDD,2014J
603726,DDD,2014J
603961,DDD,2014J
604500,DDD,2014J
604632,DDD,2014J
604671,DDD,2014J
604709,DDD,2014J
605070,DDD,2014J
605118,DDD,2014J
605313,DDD,2014J
605488,DDD,2014J
605676,DDD,2014J
605759,DDD,2014J
605859,DDD,2014J
605876,DDD,2014J
606089,DDD,2014J
606247,DDD,2014J
606757,DDD,2014J
606837,DDD,2014J
607483,DDD,2014J
607525,DDD,2014J
607975,DDD,2014J
608746,DDD,2014J
608842,DDD,2014J
608943,DDD,2014J
609242,DDD,2014J
609245,DDD,2014J
609556,DDD,2014J
609681,DDD,2014J
610197,DDD,2014J
610537,DDD,2014J
610609,DDD,2014J
610622,DDD,2014J
610828,DDD,2014J
611013,DDD,2014J
611235,DDD,2014J
611588,DDD,2014J
611790,DDD,2014J
611800,DDD,2014J
611982,DDD,2014J
612615,DDD,2014J
612717,DDD,2014J
612979,DDD,2014J
613910,DDD,2014J
614683,DDD,2014J
614791,DDD,2014J
614912,DDD,2014J
615183,DDD,2014J
617249,DDD,2014J
617850,DDD,2014J
617993,DDD,2014J
618531,DDD,2014J
618737,DDD,2014J
618825,DDD,2014J
618989,DDD,2014J
619055,DDD,2014J
619851,DDD,2014J
620676,DDD,2014J
621001,DDD,2014J
621659,DDD,2014J
622246,DDD,2014J
622384,DDD,2014J
622555,DDD,2014J
622597,DDD,2014J
622626,DDD,2014J
623190,DDD,2014J
623223,DDD,2014J
623224,DDD,2014J
623225,DDD,2014J
623407,DDD,2014J
623586,DDD,2014J
623641,DDD,2014J
623864,DDD,2014J
623937,DDD,2014J
623968,DDD,2014J
624631,DDD,2014J
624891,DDD,2014J
625012,DDD,2014J
625013,DDD,2014J
625283,DDD,2014J
625467,DDD,2014J
625555,DDD,2014J
625765,DDD,2014J
626132,DDD,2014J
626151,DDD,2014J
626179,DDD,2014J
626386,DDD,2014J
626546,DDD,2014J
626552,DDD,2014J
626630,DDD,2014J
626799,DDD,2014J
627097,DDD,2014J
627295,DDD,2014J
627367,DDD,2014J
627416,DDD,2014J
627476,DDD,2014J
628259,DDD,2014J
628390,DDD,2014J
628437,DDD,2014J
628519,DDD,2014J
628593,DDD,2014J
628631,DDD,2014J
628685,DDD,2014J
628733,DDD,2014J
629309,DDD,2014J
629379,DDD,2014J
629703,DDD,2014J
629878,DDD,2014J
630354,DDD,2014J
630380,DDD,2014J
630858,DDD,2014J
630900,DDD,2014J
631055,DDD,2014J
631240,DDD,2014J
631293,DDD,2014J
631295,DDD,2014J
631486,DDD,2014J
631513,DDD,2014J
631835,DDD,2014J
631960,DDD,2014J
632093,DDD,2014J
632314,DDD,2014J
632473,DDD,2014J
632645,DDD,2014J
632719,DDD,2014J
633237,DDD,2014J
633295,DDD,2014J
633331,DDD,2014J
633409,DDD,2014J
633414,DDD,2014J
633475,DDD,2014J
633525,DDD,2014J
633574,DDD,2014J
633618,DDD,2014J
634035,DDD,2014J
634037,DDD,2014J
634047,DDD,2014J
634305,DDD,2014J
634489,DDD,2014J
634508,DDD,2014J
634646,DDD,2014J
635071,DDD,2014J
635170,DDD,2014J
635255,DDD,2014J
635418,DDD,2014J
636243,DDD,2014J
636364,DDD,2014J
636420,DDD,2014J
636451,DDD,2014J
636484,DDD,2014J
636503,DDD,2014J
636590,DDD,2014J
636697,DDD,2014J
636712,DDD,2014J
636875,DDD,2014J
637075,DDD,2014J
637691,DDD,2014J
638023,DDD,2014J
638131,DDD,2014J
638202,DDD,2014J
638243,DDD,2014J
638358,DDD,2014J
638657,DDD,2014J
639514,DDD,2014J
639766,DDD,2014J
640054,DDD,2014J
640144,DDD,2014J
640178,DDD,2014J
640691,DDD,2014J
640773,DDD,2014J
640836,DDD,2014J
640942,DDD,2014J
640975,DDD,2014J
640982,DDD,2014J
641253,DDD,2014J
641305,DDD,2014J
641557,DDD,2014J
641609,DDD,2014J
641613,DDD,2014J
641845,DDD,2014J
641896,DDD,2014J
642139,DDD,2014J
642222,DDD,2014J
642230,DDD,2014J
642310,DDD,2014J
642443,DDD,2014J
642474,DDD,2014J
642744,DDD,2014J
642764,DDD,2014J
642785,DDD,2014J
642838,DDD,2014J
643021,DDD,2014J
643126,DDD,2014J
643199,DDD,2014J
643280,DDD,2014J
643542,DDD,2014J
643729,DDD,2014J
644159,DDD,2014J
644229,DDD,2014J
644310,DDD,2014J
644457,DDD,2014J
644474,DDD,2014J
644516,DDD,2014J
644525,DDD,2014J
644567,DDD,2014J
644964,DDD,2014J
645019,DDD,2014J
645031,DDD,2014J
645054,DDD,2014J
645081,DDD,2014J
645219,DDD,2014J
645322,DDD,2014J
645353,DDD,2014J
645425,DDD,2014J
645499,DDD,2014J
645512,DDD,2014J
645710,DDD,2014J
645738,DDD,2014J
645792,DDD,2014J
645850,DDD,2014J
645864,DDD,2014J
645866,DDD,2014J
645906,DDD,2014J
645939,DDD,2014J
645962,DDD,2014J
646006,DDD,2014J
646020,DDD,2014J
646027,DDD,2014J
646077,DDD,2014J
646090,DDD,2014J
646314,DDD,2014J
646322,DDD,2014J
646344,DDD,2014J
646359,DDD,2014J
646391,DDD,2014J
646589,DDD,2014J
646689,DDD,2014J
646700,DDD,2014J
646755,DDD,2014J
646836,DDD,2014J
646952,DDD,2014J
647166,DDD,2014J
647227,DDD,2014J
647305,DDD,2014J
647318,DDD,2014J
647368,DDD,2014J
647373,DDD,2014J
647464,DDD,2014J
647468,DDD,2014J
647488,DDD,2014J
647565,DDD,2014J
647605,DDD,2014J
647612,DDD,2014J
647647,DDD,2014J
647824,DDD,2014J
647879,DDD,2014J
647920,DDD,2014J
647937,DDD,2014J
647947,DDD,2014J
647968,DDD,2014J
648172,DDD,2014J
648237,DDD,2014J
648419,DDD,2014J
648570,DDD,2014J
648597,DDD,2014J
648695,DDD,2014J
648833,DDD,2014J
648841,DDD,2014J
648880,DDD,2014J
648888,DDD,2014J
648898,DDD,2014J
648920,DDD,2014J
648947,DDD,2014J
648966,DDD,2014J
649014,DDD,2014J
649041,DDD,2014J
649078,DDD,2014J
649090,DDD,2014J
649120,DDD,2014J
649214,DDD,2014J
649230,DDD,2014J
649261,DDD,2014J
649321,DDD,2014J
649394,DDD,2014J
649552,DDD,2014J
649614,DDD,2014J
649688,DDD,2014J
649689,DDD,2014J
649745,DDD,2014J
649780,DDD,2014J
649819,DDD,2014J
649880,DDD,2014J
649949,DDD,2014J
649963,DDD,2014J
650074,DDD,2014J
650091,DDD,2014J
650232,DDD,2014J
650271,DDD,2014J
650279,DDD,2014J
650376,DDD,2014J
650414,DDD,2014J
650420,DDD,2014J
650434,DDD,2014J
650515,DDD,2014J
650642,DDD,2014J
650711,DDD,2014J
650829,DDD,2014J
650850,DDD,2014J
650947,DDD,2014J
650957,DDD,2014J
651048,DDD,2014J
651061,DDD,2014J
651120,DDD,2014J
651174,DDD,2014J
651176,DDD,2014J
651267,DDD,2014J
651481,DDD,2014J
651493,DDD,2014J
651507,DDD,2014J
651508,DDD,2014J
651579,DDD,2014J
651619,DDD,2014J
651627,DDD,2014J
651651,DDD,2014J
651672,DDD,2014J
651728,DDD,2014J
651759,DDD,2014J
651804,DDD,2014J
651963,DDD,2014J
652048,DDD,2014J
652103,DDD,2014J
652267,DDD,2014J
652292,DDD,2014J
652293,DDD,2014J
652318,DDD,2014J
652406,DDD,2014J
652428,DDD,2014J
652531,DDD,2014J
652617,DDD,2014J
652619,DDD,2014J
652732,DDD,2014J
652881,DDD,2014J
652965,DDD,2014J
653031,DDD,2014J
653051,DDD,2014J
653060,DDD,2014J
653171,DDD,2014J
653354,DDD,2014J
653412,DDD,2014J
653550,DDD,2014J
653569,DDD,2014J
653711,DDD,2014J
653729,DDD,2014J
653759,DDD,2014J
653768,DDD,2014J
653770,DDD,2014J
653771,DDD,2014J
653793,DDD,2014J
653914,DDD,2014J
653977,DDD,2014J
654091,DDD,2014J
654282,DDD,2014J
654341,DDD,2014J
654401,DDD,2014J
654414,DDD,2014J
654443,DDD,2014J
654828,DDD,2014J
654863,DDD,2014J
654880,DDD,2014J
654882,DDD,2014J
655039,DDD,2014J
655128,DDD,2014J
655136,DDD,2014J
655254,DDD,2014J
655322,DDD,2014J
655362,DDD,2014J
655585,DDD,2014J
655600,DDD,2014J
655761,DDD,2014J
655806,DDD,2014J
655834,DDD,2014J
655910,DDD,2014J
655930,DDD,2014J
655972,DDD,2014J
656009,DDD,2014J
656073,DDD,2014J
656079,DDD,2014J
656115,DDD,2014J
656164,DDD,2014J
656175,DDD,2014J
656183,DDD,2014J
656193,DDD,2014J
656280,DDD,2014J
656393,DDD,2014J
656459,DDD,2014J
656526,DDD,2014J
656682,DDD,2014J
656766,DDD,2014J
656826,DDD,2014J
656934,DDD,2014J
656987,DDD,2014J
657071,DDD,2014J
657077,DDD,2014J
657161,DDD,2014J
657245,DDD,2014J
669530,DDD,2014J
674206,DDD,2014J
674219,DDD,2014J
674361,DDD,2014J
674388,DDD,2014J
674393,DDD,2014J
674419,DDD,2014J
674437,DDD,2014J
674440,DDD,2014J
674469,DDD,2014J
674651,DDD,2014J
674879,DDD,2014J
674997,DDD,2014J
675050,DDD,2014J
675052,DDD,2014J
675062,DDD,2014J
675253,DDD,2014J
675493,DDD,2014J
675539,DDD,2014J
675656,DDD,2014J
675699,DDD,2014J
675919,DDD,2014J
675945,DDD,2014J
675993,DDD,2014J
676010,DDD,2014J
676138,DDD,2014J
676155,DDD,2014J
676204,DDD,2014J
676368,DDD,2014J
676373,DDD,2014J
676498,DDD,2014J
676516,DDD,2014J
676538,DDD,2014J
676553,DDD,2014J
676589,DDD,2014J
676596,DDD,2014J
676642,DDD,2014J
676766,DDD,2014J
676787,DDD,2014J
676807,DDD,2014J
676809,DDD,2014J
676852,DDD,2014J
676865,DDD,2014J
676903,DDD,2014J
676964,DDD,2014J
677012,DDD,2014J
677270,DDD,2014J
677316,DDD,2014J
677374,DDD,2014J
677444,DDD,2014J
677449,DDD,2014J
677579,DDD,2014J
677601,DDD,2014J
677606,DDD,2014J
677629,DDD,2014J
677632,DDD,2014J
678041,DDD,2014J
678058,DDD,2014J
678065,DDD,2014J
678102,DDD,2014J
678219,DDD,2014J
678231,DDD,2014J
678233,DDD,2014J
678240,DDD,2014J
678246,DDD,2014J
678262,DDD,2014J
678382,DDD,2014J
678490,DDD,2014J
678605,DDD,2014J
678737,DDD,2014J
678790,DDD,2014J
678844,DDD,2014J
679000,DDD,2014J
679179,DDD,2014J
679388,DDD,2014J
679427,DDD,2014J
679454,DDD,2014J
679525,DDD,2014J
679582,DDD,2014J
679760,DDD,2014J
679777,DDD,2014J
679897,DDD,2014J
680017,DDD,2014J
680025,DDD,2014J
680087,DDD,2014J
680314,DDD,2014J
680331,DDD,2014J
680373,DDD,2014J
680414,DDD,2014J
680431,DDD,2014J
680626,DDD,2014J
680698,DDD,2014J
680728,DDD,2014J
680764,DDD,2014J
680807,DDD,2014J
680812,DDD,2014J
680817,DDD,2014J
680846,DDD,2014J
680973,DDD,2014J
680981,DDD,2014J
680996,DDD,2014J
681059,DDD,2014J
681125,DDD,2014J
681182,DDD,2014J
681210,DDD,2014J
681211,DDD,2014J
681241,DDD,2014J
681440,DDD,2014J
681495,DDD,2014J
681528,DDD,2014J
681705,DDD,2014J
681746,DDD,2014J
681799,DDD,2014J
681854,DDD,2014J
681872,DDD,2014J
681923,DDD,2014J
681960,DDD,2014J
682018,DDD,2014J
682022,DDD,2014J
682031,DDD,2014J
682117,DDD,2014J
682242,DDD,2014J
682294,DDD,2014J
682299,DDD,2014J
682306,DDD,2014J
682385,DDD,2014J
682541,DDD,2014J
682660,DDD,2014J
682684,DDD,2014J
682692,DDD,2014J
682740,DDD,2014J
682813,DDD,2014J
682819,DDD,2014J
682897,DDD,2014J
682968,DDD,2014J
683340,DDD,2014J
683396,DDD,2014J
683486,DDD,2014J
683487,DDD,2014J
683653,DDD,2014J
683713,DDD,2014J
684095,DDD,2014J
684141,DDD,2014J
684215,DDD,2014J
684217,DDD,2014J
684233,DDD,2014J
684241,DDD,2014J
684305,DDD,2014J
684407,DDD,2014J
684632,DDD,2014J
684663,DDD,2014J
684744,DDD,2014J
684854,DDD,2014J
684868,DDD,2014J
684886,DDD,2014J
684887,DDD,2014J
684936,DDD,2014J
685015,DDD,2014J
685033,DDD,2014J
685069,DDD,2014J
685085,DDD,2014J
685123,DDD,2014J
685191,DDD,2014J
685224,DDD,2014J
685294,DDD,2014J
685403,DDD,2014J
685412,DDD,2014J
685458,DDD,2014J
685474,DDD,2014J
685615,DDD,2014J
685623,DDD,2014J
685661,DDD,2014J
685697,DDD,2014J
685843,DDD,2014J
685910,DDD,2014J
685964,DDD,2014J
686003,DDD,2014J
686078,DDD,2014J
686268,DDD,2014J
686370,DDD,2014J
686399,DDD,2014J
686549,DDD,2014J
686584,DDD,2014J
686766,DDD,2014J
686838,DDD,2014J
686854,DDD,2014J
687050,DDD,2014J
687244,DDD,2014J
687384,DDD,2014J
687600,DDD,2014J
687715,DDD,2014J
687765,DDD,2014J
687777,DDD,2014J
687781,DDD,2014J
687835,DDD,2014J
687975,DDD,2014J
687981,DDD,2014J
688128,DDD,2014J
688171,DDD,2014J
688175,DDD,2014J
688284,DDD,2014J
688437,DDD,2014J
688525,DDD,2014J
688592,DDD,2014J
688608,DDD,2014J
688672,DDD,2014J
688722,DDD,2014J
688805,DDD,2014J
688843,DDD,2014J
688911,DDD,2014J
689017,DDD,2014J
689038,DDD,2014J
689050,DDD,2014J
689135,DDD,2014J
689143,DDD,2014J
689190,DDD,2014J
689198,DDD,2014J
689231,DDD,2014J
689418,DDD,2014J
689527,DDD,2014J
689574,DDD,2014J
689650,DDD,2014J
689759,DDD,2014J
689816,DDD,2014J
689900,DDD,2014J
689921,DDD,2014J
689956,DDD,2014J
689990,DDD,2014J
689999,DDD,2014J
690118,DDD,2014J
690168,DDD,2014J
690181,DDD,2014J
690192,DDD,2014J
690225,DDD,2014J
690240,DDD,2014J
690298,DDD,2014J
690365,DDD,2014J
690600,DDD,2014J
690669,DDD,2014J
690733,DDD,2014J
690783,DDD,2014J
690867,DDD,2014J
690882,DDD,2014J
690884,DDD,2014J
690932,DDD,2014J
691008,DDD,2014J
691040,DDD,2014J
691069,DDD,2014J
691088,DDD,2014J
691202,DDD,2014J
691207,DDD,2014J
691212,DDD,2014J
691257,DDD,2014J
691428,DDD,2014J
691444,DDD,2014J
691640,DDD,2014J
691748,DDD,2014J
691761,DDD,2014J
691782,DDD,2014J
691834,DDD,2014J
692426,DDD,2014J
692477,DDD,2014J
692603,DDD,2014J
692664,DDD,2014J
692753,DDD,2014J
693047,DDD,2014J
693058,DDD,2014J
693061,DDD,2014J
693145,DDD,2014J
693161,DDD,2014J
693294,DDD,2014J
693310,DDD,2014J
693441,DDD,2014J
693452,DDD,2014J
693488,DDD,2014J
693565,DDD,2014J
693569,DDD,2014J
693606,DDD,2014J
693863,DDD,2014J
693902,DDD,2014J
693926,DDD,2014J
694006,DDD,2014J
694019,DDD,2014J
694147,DDD,2014J
694225,DDD,2014J
694384,DDD,2014J
694634,DDD,2014J
694673,DDD,2014J
694677,DDD,2014J
694698,DDD,2014J
694705,DDD,2014J
694802,DDD,2014J
694871,DDD,2014J
694872,DDD,2014J
694976,DDD,2014J
695201,DDD,2014J
695270,DDD,2014J
695432,DDD,2014J
695473,DDD,2014J
695503,DDD,2014J
695584,DDD,2014J
695643,DDD,2014J
695651,DDD,2014J
695735,DDD,2014J
695739,DDD,2014J
695759,DDD,2014J
695799,DDD,2014J
695956,DDD,2014J
696132,DDD,2014J
696234,DDD,2014J
696265,DDD,2014J
696324,DDD,2014J
696415,DDD,2014J
696430,DDD,2014J
696501,DDD,2014J
696546,DDD,2014J
696789,DDD,2014J
696826,DDD,2014J
696937,DDD,2014J
697045,DDD,2014J
697101,DDD,2014J
697283,DDD,2014J
697390,DDD,2014J
697433,DDD,2014J
697474,DDD,2014J
697674,DDD,2014J
697705,DDD,2014J
697730,DDD,2014J
697841,DDD,2014J
697948,DDD,2014J
698007,DDD,2014J
698252,DDD,2014J
698347,DDD,2014J
698351,DDD,2014J
698399,DDD,2014J
699417,DDD,2014J
1033968,DDD,2014J
1078701,DDD,2014J
1082062,DDD,2014J
1173473,DDD,2014J
1197062,DDD,2014J
1209065,DDD,2014J
1373661,DDD,2014J
1382719,DDD,2014J
1438584,DDD,2014J
1442215,DDD,2014J
1459010,DDD,2014J
1482413,DDD,2014J
1484626,DDD,2014J
1492408,DDD,2014J
1526210,DDD,2014J
1589066,DDD,2014J
1591864,DDD,2014J
1593730,DDD,2014J
1601739,DDD,2014J
1624025,DDD,2014J
1661490,DDD,2014J
1667087,DDD,2014J
1684787,DDD,2014J
1687996,DDD,2014J
1733160,DDD,2014J
1747824,DDD,2014J
1774297,DDD,2014J
1777223,DDD,2014J
1782581,DDD,2014J
1794309,DDD,2014J
1804143,DDD,2014J
1808407,DDD,2014J
1811098,DDD,2014J
1812797,DDD,2014J
1822731,DDD,2014J
1832492,DDD,2014J
1855583,DDD,2014J
1871306,DDD,2014J
1876461,DDD,2014J
1901764,DDD,2014J
1925789,DDD,2014J
1935155,DDD,2014J
1991049,DDD,2014J
1991399,DDD,2014J
2001461,DDD,2014J
2008795,DDD,2014J
2009279,DDD,2014J
2014252,DDD,2014J
2024838,DDD,2014J
2025354,DDD,2014J
2030241,DDD,2014J
2031234,DDD,2014J
2032882,DDD,2014J
2038885,DDD,2014J
2039810,DDD,2014J
2043939,DDD,2014J
2046628,DDD,2014J
2055671,DDD,2014J
2057959,DDD,2014J
2075945,DDD,2014J
2082180,DDD,2014J
2098108,DDD,2014J
2106468,DDD,2014J
2111313,DDD,2014J
2134578,DDD,2014J
2150849,DDD,2014J
2172709,DDD,2014J
2196923,DDD,2014J
2204941,DDD,2014J
2205559,DDD,2014J
2216442,DDD,2014J
2224174,DDD,2014J
2226202,DDD,2014J
2231512,DDD,2014J
2232340,DDD,2014J
2235019,DDD,2014J
2260861,DDD,2014J
2269148,DDD,2014J
2278095,DDD,2014J
2279403,DDD,2014J
2285405,DDD,2014J
2285527,DDD,2014J
2290604,DDD,2014J
2305237,DDD,2014J
2307237,DDD,2014J
2310615,DDD,2014J
2314761,DDD,2014J
2317337,DDD,2014J
2328759,DDD,2014J
2333244,DDD,2014J
2337919,DDD,2014J
2338290,DDD,2014J
2339789,DDD,2014J
2341830,DDD,2014J
2345307,DDD,2014J
2348143,DDD,2014J
2355701,DDD,2014J
2357019,DDD,2014J
2369962,DDD,2014J
2391689,DDD,2014J
2396471,DDD,2014J
2396643,DDD,2014J
2398169,DDD,2014J
2418277,DDD,2014J
2433216,DDD,2014J
2452111,DDD,2014J
2459418,DDD,2014J
2464683,DDD,2014J
2471673,DDD,2014J
2471812,DDD,2014J
2476409,DDD,2014J
2481629,DDD,2014J
2482085,DDD,2014J
2484726,DDD,2014J
2488965,DDD,2014J
2494306,DDD,2014J
2499525,DDD,2014J
2507993,DDD,2014J
2509321,DDD,2014J
2516939,DDD,2014J
2524969,DDD,2014J
2525964,DDD,2014J
2527066,DDD,2014J
2533609,DDD,2014J
2542116,DDD,2014J
2542803,DDD,2014J
2544678,DDD,2014J
2546595,DDD,2014J
2558893,DDD,2014J
2561811,DDD,2014J
2570274,DDD,2014J
2572145,DDD,2014J
2574453,DDD,2014J
2588655,DDD,2014J
2595457,DDD,2014J
2595526,DDD,2014J
2595730,DDD,2014J
2599883,DDD,2014J
2600000,DDD,2014J
2605337,DDD,2014J
2612069,DDD,2014J
2612342,DDD,2014J
2615169,DDD,2014J
2615956,DDD,2014J
2622441,DDD,2014J
2635658,DDD,2014J
2639205,DDD,2014J
2639339,DDD,2014J
2641935,DDD,2014J
2643240,DDD,2014J
2646737,DDD,2014J
2648271,DDD,2014J
2653689,DDD,2014J
2654602,DDD,2014J
2668945,DDD,2014J
2675393,DDD,2014J
2677210,DDD,2014J
2678380,DDD,2014J
2681782,DDD,2014J
2684043,DDD,2014J
2685863,DDD,2014J
2689863,DDD,2014J
2698109,DDD,2014J
26915,EEE,2013J
35355,EEE,2013J
40508,EEE,2013J
42638,EEE,2013J
43564,EEE,2013J
54062,EEE,2013J
63112,EEE,2013J
66713,EEE,2013J
70214,EEE,2013J
76579,EEE,2013J
88568,EEE,2013J
100758,EEE,2013J
101414,EEE,2013J
105168,EEE,2013J
107339,EEE,2013J
110461,EEE,2013J
111383,EEE,2013J
113698,EEE,2013J
113824,EEE,2013J
117197,EEE,2013J
125619,EEE,2013J
126337,EEE,2013J
128929,EEE,2013J
132123,EEE,2013J
134982,EEE,2013J
140060,EEE,2013J
141301,EEE,2013J
143711,EEE,2013J
144448,EEE,2013J
146125,EEE,2013J
146974,EEE,2013J
164968,EEE,2013J
165509,EEE,2013J
171107,EEE,2013J
173710,EEE,2013J
173834,EEE,2013J
174010,EEE,2013J
176086,EEE,2013J
188273,EEE,2013J
189629,EEE,2013J
191000,EEE,2013J
195234,EEE,2013J
197486,EEE,2013J
200095,EEE,2013J
202677,EEE,2013J
227192,EEE,2013J
227811,EEE,2013J
231673,EEE,2013J
233311,EEE,2013J
234311,EEE,2013J
238249,EEE,2013J
242778,EEE,2013J
245316,EEE,2013J
245494,EEE,2013J
245605,EEE,2013J
246060,EEE,2013J
248734,EEE,2013J
250047,EEE,2013J
255449,EEE,2013J
265769,EEE,2013J
266915,EEE,2013J
269764,EEE,2013J
270638,EEE,2013J
278786,EEE,2013J
280017,EEE,2013J
281656,EEE,2013J
282585,EEE,2013J
283133,EEE,2013J
286527,EEE,2013J
288282,EEE,2013J
290382,EEE,2013J
297853,EEE,2013J
305036,EEE,2013J
305783,EEE,2013J
306150,EEE,2013J
311845,EEE,2013J
313501,EEE,2013J
324332,EEE,2013J
328844,EEE,2013J
328942,EEE,2013J
330354,EEE,2013J
330530,EEE,2013J
333493,EEE,2013J
333976,EEE,2013J
334154,EEE,2013J
338894,EEE,2013J
339353,EEE,2013J
339640,EEE,2013J
339785,EEE,2013J
342962,EEE,2013J
343543,EEE,2013J
344676,EEE,2013J
348655,EEE,2013J
348708,EEE,2013J
355205,EEE,2013J
359590,EEE,2013J
363939,EEE,2013J
365222,EEE,2013J
365405,EEE,2013J
365762,EEE,2013J
369119,EEE,2013J
374192,EEE,2013J
374739,EEE,2013J
378920,EEE,2013J
379528,EEE,2013J
384797,EEE,2013J
387537,EEE,2013J
387648,EEE,2013J
388252,EEE,2013J
388912,EEE,2013J
390029,EEE,2013J
391466,EEE,2013J
392250,EEE,2013J
392994,EEE,2013J
394060,EEE,2013J
396631,EEE,2013J
397149,EEE,2013J
397557,EEE,2013J
397797,EEE,2013J
398877,EEE,2013J
400208,EEE,2013J
401011,EEE,2013J
404050,EEE,2013J
404449,EEE,2013J
406549,EEE,2013J
407453,EEE,2013J
411381,EEE,2013J
412911,EEE,2013J
413190,EEE,2013J
413702,EEE,2013J
418900,EEE,2013J
420173,EEE,2013J
425274,EEE,2013J
425714,EEE,2013J
427413,EEE,2013J
431014,EEE,2013J
434562,EEE,2013J
434573,EEE,2013J
434759,EEE,2013J
440610,EEE,2013J
441540,EEE,2013J
441858,EEE,2013J
442807,EEE,2013J
442937,EEE,2013J
443181,EEE,2013J
444925,EEE,2013J
445972,EEE,2013J
446397,EEE,2013J
465392,EEE,2013J
465564,EEE,2013J
465619,EEE,2013J
465777,EEE,2013J
466961,EEE,2013J
467302,EEE,2013J
467363,EEE,2013J
468902,EEE,2013J
469113,EEE,2013J
469959,EEE,2013J
470002,EEE,2013J
470674,EEE,2013J
471580,EEE,2013J
472087,EEE,2013J
472336,EEE,2013J
472857,EEE,2013J
473706,EEE,2013J
473739,EEE,2013J
473943,EEE,2013J
475370,EEE,2013J
475893,EEE,2013J
478212,EEE,2013J
478435,EEE,2013J
478562,EEE,2013J
480115,EEE,2013J
481934,EEE,2013J
482012,EEE,2013J
482406,EEE,2013J
482726,EEE,2013J
483108,EEE,2013J
483706,EEE,2013J
485374,EEE,2013J
485582,EEE,2013J
485898,EEE,2013J
486964,EEE,2013J
487588,EEE,2013J
487621,EEE,2013J
490081,EEE,2013J
490327,EEE,2013J
490768,EEE,2013J
491771,EEE,2013J
493876,EEE,2013J
493988,EEE,2013J
495887,EEE,2013J
499400,EEE,2013J
499881,EEE,2013J
500189,EEE,2013J
500779,EEE,2013J
501918,EEE,2013J
501921,EEE,2013J
502303,EEE,2013J
502393,EEE,2013J
502479,EEE,2013J
502833,EEE,2013J
504404,EEE,2013J
504492,EEE,2013J
505700,EEE,2013J
505722,EEE,2013J
505727,EEE,2013J
506504,EEE,2013J
506618,EEE,2013J
507300,EEE,2013J
507375,EEE,2013J
507844,EEE,2013J
508244,EEE,2013J
508829,EEE,2013J
509156,EEE,2013J
510169,EEE,2013J
510401,EEE,2013J
510460,EEE,2013J
510694,EEE,2013J
512693,EEE,2013J
514040,EEE,2013J
515821,EEE,2013J
516047,EEE,2013J
518805,EEE,2013J
519258,EEE,2013J
520337,EEE,2013J
521542,EEE,2013J
522994,EEE,2013J
523169,EEE,2013J
524631,EEE,2013J
525246,EEE,2013J
525703,EEE,2013J
526051,EEE,2013J
526073,EEE,2013J
528021,EEE,2013J
528083,EEE,2013J
529503,EEE,2013J
529509,EEE,2013J
529512,EEE,2013J
530360,EEE,2013J
531097,EEE,2013J
532491,EEE,2013J
533012,EEE,2013J
533311,EEE,2013J
534371,EEE,2013J
535259,EEE,2013J
537929,EEE,2013J
538040,EEE,2013J
539695,EEE,2013J
539775,EEE,2013J
539990,EEE,2013J
543417,EEE,2013J
543474,EEE,2013J
544383,EEE,2013J
544791,EEE,2013J
545740,EEE,2013J
545758,EEE,2013J
547173,EEE,2013J
547424,EEE,2013J
548861,EEE,2013J
548992,EEE,2013J
548994,EEE,2013J
549139,EEE,2013J
549262,EEE,2013J
549681,EEE,2013J
549960,EEE,2013J
550025,EEE,2013J
550059,EEE,2013J
550393,EEE,2013J
551017,EEE,2013J
551182,EEE,2013J
551430,EEE,2013J
552485,EEE,2013J
553568,EEE,2013J
553943,EEE,2013J
554132,EEE,2013J
554235,EEE,2013J
554459,EEE,2013J
554583,EEE,2013J
554999,EEE,2013J
555228,EEE,2013J
555925,EEE,2013J
556109,EEE,2013J
556177,EEE,2013J
556211,EEE,2013J
556231,EEE,2013J
556450,EEE,2013J
556521,EEE,2013J
556645,EEE,2013J
556742,EEE,2013J
556836,EEE,2013J
557147,EEE,2013J
557415,EEE,2013J
557490,EEE,2013J
558054,EEE,2013J
558444,EEE,2013J
558463,EEE,2013J
559617,EEE,2013J
559645,EEE,2013J
559758,EEE,2013J
559912,EEE,2013J
560326,EEE,2013J
560734,EEE,2013J
560784,EEE,2013J
560876,EEE,2013J
560924,EEE,2013J
561054,EEE,2013J
561192,EEE,2013J
561208,EEE,2013J
561519,EEE,2013J
561740,EEE,2013J
561787,EEE,2013J
561826,EEE,2013J
562315,EEE,2013J
563418,EEE,2013J
563666,EEE,2013J
563967,EEE,2013J
563990,EEE,2013J
564444,EEE,2013J
564894,EEE,2013J
565883,EEE,2013J
566201,EEE,2013J
566306,EEE,2013J
566310,EEE,2013J
566664,EEE,2013J
566970,EEE,2013J
567752,EEE,2013J
567779,EEE,2013J
567892,EEE,2013J
567950,EEE,2013J
568751,EEE,2013J
568813,EEE,2013J
569342,EEE,2013J
569560,EEE,2013J
569694,EEE,2013J
570377,EEE,2013J
570414,EEE,2013J
570448,EEE,2013J
570453,EEE,2013J
570488,EEE,2013J
570626,EEE,2013J
571186,EEE,2013J
571443,EEE,2013J
571448,EEE,2013J
571595,EEE,2013J
571610,EEE,2013J
571617,EEE,2013J
571620,EEE,2013J
571710,EEE,2013J
571711,EEE,2013J
571754,EEE,2013J
571818,EEE,2013J
571963,EEE,2013J
571992,EEE,2013J
572024,EEE,2013J
572080,EEE,2013J
572154,EEE,2013J
572168,EEE,2013J
572186,EEE,2013J
572279,EEE,2013J
572303,EEE,2013J
572396,EEE,2013J
572403,EEE,2013J
572515,EEE,2013J
572602,EEE,2013J
572658,EEE,2013J
572659,EEE,2013J
572891,EEE,2013J
572944,EEE,2013J
573110,EEE,2013J
573153,EEE,2013J
573200,EEE,2013J
573242,EEE,2013J
573244,EEE,2013J
573292,EEE,2013J
573336,EEE,2013J
573593,EEE,2013J
573662,EEE,2013J
573701,EEE,2013J
573742,EEE,2013J
573920,EEE,2013J
573944,EEE,2013J
574038,EEE,2013J
574101,EEE,2013J
574507,EEE,2013J
574586,EEE,2013J
574608,EEE,2013J
574670,EEE,2013J
574830,EEE,2013J
574983,EEE,2013J
575047,EEE,2013J
575241,EEE,2013J
575318,EEE,2013J
575336,EEE,2013J
575343,EEE,2013J
575419,EEE,2013J
575469,EEE,2013J
575545,EEE,2013J
575553,EEE,2013J
575601,EEE,2013J
575703,EEE,2013J
575733,EEE,2013J
575745,EEE,2013J
575762,EEE,2013J
575763,EEE,2013J
576036,EEE,2013J
576191,EEE,2013J
576202,EEE,2013J
576292,EEE,2013J
576301,EEE,2013J
576409,EEE,2013J
576439,EEE,2013J
576481,EEE,2013J
576606,EEE,2013J
576631,EEE,2013J
576750,EEE,2013J
576834,EEE,2013J
576909,EEE,2013J
576962,EEE,2013J
577148,EEE,2013J
577352,EEE,2013J
577427,EEE,2013J
577560,EEE,2013J
577735,EEE,2013J
577784,EEE,2013J
577887,EEE,2013J
577995,EEE,2013J
578000,EEE,2013J
578056,EEE,2013J
578438,EEE,2013J
578472,EEE,2013J
578654,EEE,2013J
578722,EEE,2013J
578725,EEE,2013J
578820,EEE,2013J
579011,EEE,2013J
579027,EEE,2013J
579130,EEE,2013J
579206,EEE,2013J
579321,EEE,2013J
579340,EEE,2013J
579499,EEE,2013J
579723,EEE,2013J
580372,EEE,2013J
580719,EEE,2013J
580970,EEE,2013J
581011,EEE,2013J
581047,EEE,2013J
581123,EEE,2013J
581179,EEE,2013J
581340,EEE,2013J
581439,EEE,2013J
581533,EEE,2013J
581708,EEE,2013J
581716,EEE,2013J
581744,EEE,2013J
581914,EEE,2013J
582087,EEE,2013J
582170,EEE,2013J
582514,EEE,2013J
582723,EEE,2013J
582768,EEE,2013J
582827,EEE,2013J
582913,EEE,2013J
582983,EEE,2013J
583032,EEE,2013J
583186,EEE,2013J
583192,EEE,2013J
583238,EEE,2013J
583427,EEE,2013J
583714,EEE,2013J
583839,EEE,2013J
583855,EEE,2013J
584115,EEE,2013J
584191,EEE,2013J
584386,EEE,2013J
584414,EEE,2013J
584443,EEE,2013J
584444,EEE,2013J
584514,EEE,2013J
584553,EEE,2013J
584567,EEE,2013J
585011,EEE,2013J
585056,EEE,2013J
585279,EEE,2013J
585433,EEE,2013J
585455,EEE,2013J
585464,EEE,2013J
585471,EEE,2013J
585681,EEE,2013J
585758,EEE,2013J
585769,EEE,2013J
585837,EEE,2013J
586046,EEE,2013J
586047,EEE,2013J
586132,EEE,2013J
586137,EEE,2013J
586261,EEE,2013J
586314,EEE,2013J
586473,EEE,2013J
586476,EEE,2013J
586587,EEE,2013J
586621,EEE,2013J
586668,EEE,2013J
586838,EEE,2013J
586921,EEE,2013J
586962,EEE,2013J
586979,EEE,2013J
587014,EEE,2013J
587122,EEE,2013J
587226,EEE,2013J
587319,EEE,2013J
587346,EEE,2013J
587382,EEE,2013J
587547,EEE,2013J
587616,EEE,2013J
587621,EEE,2013J
587677,EEE,2013J
587682,EEE,2013J
587884,EEE,2013J
587906,EEE,2013J
588125,EEE,2013J
588231,EEE,2013J
588383,EEE,2013J
588402,EEE,2013J
588442,EEE,2013J
588583,EEE,2013J
588694,EEE,2013J
588706,EEE,2013J
588835,EEE,2013J
588942,EEE,2013J
588974,EEE,2013J
589018,EEE,2013J
589023,EEE,2013J
589055,EEE,2013J
589327,EEE,2013J
589380,EEE,2013J
589472,EEE,2013J
589484,EEE,2013J
589506,EEE,2013J
589517,EEE,2013J
589555,EEE,2013J
589856,EEE,2013J
589894,EEE,2013J
589902,EEE,2013J
590017,EEE,2013J
590436,EEE,2013J
590626,EEE,2013J
590744,EEE,2013J
590877,EEE,2013J
590882,EEE,2013J
590942,EEE,2013J
590961,EEE,2013J
591021,EEE,2013J
591375,EEE,2013J
591398,EEE,2013J
591424,EEE,2013J
591566,EEE,2013J
591719,EEE,2013J
591869,EEE,2013J
591942,EEE,2013J
591944,EEE,2013J
591958,EEE,2013J
591995,EEE,2013J
592003,EEE,2013J
592051,EEE,2013J
592172,EEE,2013J
592250,EEE,2013J
592581,EEE,2013J
592609,EEE,2013J
592791,EEE,2013J
592842,EEE,2013J
592895,EEE,2013J
592997,EEE,2013J
593362,EEE,2013J
593400,EEE,2013J
593487,EEE,2013J
593534,EEE,2013J
593587,EEE,2013J
593787,EEE,2013J
593845,EEE,2013J
594111,EEE,2013J
594157,EEE,2013J
594199,EEE,2013J
594233,EEE,2013J
594246,EEE,2013J
594399,EEE,2013J
594431,EEE,2013J
594458,EEE,2013J
594517,EEE,2013J
594602,EEE,2013J
594851,EEE,2013J
594864,EEE,2013J
595077,EEE,2013J
595100,EEE,2013J
595182,EEE,2013J
595189,EEE,2013J
595244,EEE,2013J
595362,EEE,2013J
595453,EEE,2013J
595515,EEE,2013J
595553,EEE,2013J
595781,EEE,2013J
595938,EEE,2013J
595990,EEE,2013J
596137,EEE,2013J
596319,EEE,2013J
596321,EEE,2013J
596361,EEE,2013J
596432,EEE,2013J
596614,EEE,2013J
596676,EEE,2013J
596789,EEE,2013J
596812,EEE,2013J
596931,EEE,2013J
597181,EEE,2013J
597206,EEE,2013J
597319,EEE,2013J
597335,EEE,2013J
597363,EEE,2013J
597376,EEE,2013J
597459,EEE,2013J
597573,EEE,2013J
597948,EEE,2013J
598028,EEE,2013J
598074,EEE,2013J
598321,EEE,2013J
598809,EEE,2013J
598819,EEE,2013J
598821,EEE,2013J
598963,EEE,2013J
599176,EEE,2013J
599452,EEE,2013J
599478,EEE,2013J
599520,EEE,2013J
599542,EEE,2013J
599547,EEE,2013J
599588,EEE,2013J
599942,EEE,2013J
599958,EEE,2013J
599982,EEE,2013J
600071,EEE,2013J
600077,EEE,2013J
600127,EEE,2013J
600142,EEE,2013J
600198,EEE,2013J
600350,EEE,2013J
600509,EEE,2013J
600547,EEE,2013J
600869,EEE,2013J
600938,EEE,2013J
600978,EEE,2013J
601157,EEE,2013J
601223,EEE,2013J
601224,EEE,2013J
601370,EEE,2013J
601407,EEE,2013J
601433,EEE,2013J
601653,EEE,2013J
601757,EEE,2013J
601873,EEE,2013J
602007,EEE,2013J
602037,EEE,2013J
602133,EEE,2013J
602233,EEE,2013J
602244,EEE,2013J
602268,EEE,2013J
602269,EEE,2013J
602288,EEE,2013J
602389,EEE,2013J
602398,EEE,2013J
602424,EEE,2013J
602659,EEE,2013J
602663,EEE,2013J
602703,EEE,2013J
602718,EEE,2013J
602816,EEE,2013J
602827,EEE,2013J
602944,EEE,2013J
603222,EEE,2013J
603309,EEE,2013J
603455,EEE,2013J
603565,EEE,2013J
603639,EEE,2013J
604050,EEE,2013J
604393,EEE,2013J
604517,EEE,2013J
604685,EEE,2013J
604875,EEE,2013J
604906,EEE,2013J
605180,EEE,2013J
605262,EEE,2013J
605264,EEE,2013J
605480,EEE,2013J
605587,EEE,2013J
605908,EEE,2013J
605926,EEE,2013J
606190,EEE,2013J
606206,EEE,2013J
606303,EEE,2013J
606724,EEE,2013J
606743,EEE,2013J
606918,EEE,2013J
607085,EEE,2013J
607143,EEE,2013J
607178,EEE,2013J
607442,EEE,2013J
607609,EEE,2013J
607636,EEE,2013J
607883,EEE,2013J
608024,EEE,2013J
608130,EEE,2013J
608243,EEE,2013J
608459,EEE,2013J
608472,EEE,2013J
608504,EEE,2013J
608591,EEE,2013J
608669,EEE,2013J
608744,EEE,2013J
608884,EEE,2013J
608967,EEE,2013J
609025,EEE,2013J
609192,EEE,2013J
609490,EEE,2013J
609527,EEE,2013J
609748,EEE,2013J
610025,EEE,2013J
610143,EEE,2013J
610188,EEE,2013J
610453,EEE,2013J
610549,EEE,2013J
610575,EEE,2013J
610695,EEE,2013J
610855,EEE,2013J
610873,EEE,2013J
610888,EEE,2013J
610979,EEE,2013J
611033,EEE,2013J
611049,EEE,2013J
611062,EEE,2013J
611202,EEE,2013J
611206,EEE,2013J
611255,EEE,2013J
611344,EEE,2013J
611402,EEE,2013J
611405,EEE,2013J
611561,EEE,2013J
611564,EEE,2013J
611639,EEE,2013J
612048,EEE,2013J
612177,EEE,2013J
612187,EEE,2013J
612199,EEE,2013J
943374,EEE,2013J
991843,EEE,2013J
1487084,EEE,2013J
1541906,EEE,2013J
1561750,EEE,2013J
1567505,EEE,2013J
1622944,EEE,2013J
1638548,EEE,2013J
1667346,EEE,2013J
1725109,EEE,2013J
1762336,EEE,2013J
1781834,EEE,2013J
1837015,EEE,2013J
1850818,EEE,2013J
1896088,EEE,2013J
1924641,EEE,2013J
1930644,EEE,2013J
1951925,EEE,2013J
1954230,EEE,2013J
1976350,EEE,2013J
1991903,EEE,2013J
1993955,EEE,2013J
1994610,EEE,2013J
1995239,EEE,2013J
1995532,EEE,2013J
2028474,EEE,2013J
2033951,EEE,2013J
2046324,EEE,2013J
2056643,EEE,2013J
2080916,EEE,2013J
2094849,EEE,2013J
2109119,EEE,2013J
2134304,EEE,2013J
2137413,EEE,2013J
2171834,EEE,2013J
2187588,EEE,2013J
2198356,EEE,2013J
2199455,EEE,2013J
2255516,EEE,2013J
2274938,EEE,2013J
2331750,EEE,2013J
2384615,EEE,2013J
2389754,EEE,2013J
2408307,EEE,2013J
2418732,EEE,2013J
2435726,EEE,2013J
2474995,EEE,2013J
2485655,EEE,2013J
2487990,EEE,2013J
2505299,EEE,2013J
2513333,EEE,2013J
2518880,EEE,2013J
2537898,EEE,2013J
2541992,EEE,2013J
2562704,EEE,2013J
2564333,EEE,2013J
2569834,EEE,2013J
2574909,EEE,2013J
2588201,EEE,2013J
2590189,EEE,2013J
2598509,EEE,2013J
2598961,EEE,2013J
2604856,EEE,2013J
2607824,EEE,2013J
2610857,EEE,2013J
2614546,EEE,2013J
2615849,EEE,2013J
2617635,EEE,2013J
2619025,EEE,2013J
2623263,EEE,2013J
2634238,EEE,2013J
2641364,EEE,2013J
2657915,EEE,2013J
2670012,EEE,2013J
2698535,EEE,2013J
25150,EEE,2014B
27780,EEE,2014B
29639,EEE,2014B
29820,EEE,2014B
35508,EEE,2014B
64296,EEE,2014B
69239,EEE,2014B
70537,EEE,2014B
97486,EEE,2014B
121574,EEE,2014B
128971,EEE,2014B
135330,EEE,2014B
144745,EEE,2014B
156594,EEE,2014B
158831,EEE,2014B
165376,EEE,2014B
167791,EEE,2014B
170936,EEE,2014B
171334,EEE,2014B
174512,EEE,2014B
182400,EEE,2014B
185057,EEE,2014B
186476,EEE,2014B
193163,EEE,2014B
198902,EEE,2014B
231019,EEE,2014B
231339,EEE,2014B
234559,EEE,2014B
237934,EEE,2014B
244166,EEE,2014B
244977,EEE,2014B
247819,EEE,2014B
248818,EEE,2014B
250092,EEE,2014B
256867,EEE,2014B
261042,EEE,2014B
266040,EEE,2014B
267961,EEE,2014B
272103,EEE,2014B
274218,EEE,2014B
278786,EEE,2014B
285170,EEE,2014B
291674,EEE,2014B
293670,EEE,2014B
293686,EEE,2014B
294578,EEE,2014B
303774,EEE,2014B
321112,EEE,2014B
329455,EEE,2014B
335355,EEE,2014B
338854,EEE,2014B
339353,EEE,2014B
342957,EEE,2014B
349069,EEE,2014B
350690,EEE,2014B
353368,EEE,2014B
353953,EEE,2014B
359460,EEE,2014B
366424,EEE,2014B
368306,EEE,2014B
372812,EEE,2014B
380921,EEE,2014B
382432,EEE,2014B
382910,EEE,2014B
383239,EEE,2014B
389267,EEE,2014B
404239,EEE,2014B
407428,EEE,2014B
410810,EEE,2014B
411381,EEE,2014B
413891,EEE,2014B
416689,EEE,2014B
417547,EEE,2014B
420333,EEE,2014B
421111,EEE,2014B
422341,EEE,2014B
424978,EEE,2014B
426316,EEE,2014B
426616,EEE,2014B
431386,EEE,2014B
441852,EEE,2014B
443948,EEE,2014B
444197,EEE,2014B
444349,EEE,2014B
446077,EEE,2014B
464724,EEE,2014B
467144,EEE,2014B
469761,EEE,2014B
471018,EEE,2014B
474674,EEE,2014B
475497,EEE,2014B
478550,EEE,2014B
478791,EEE,2014B
479607,EEE,2014B
480928,EEE,2014B
481618,EEE,2014B
486836,EEE,2014B
487239,EEE,2014B
487494,EEE,2014B
488828,EEE,2014B
490587,EEE,2014B
490662,EEE,2014B
491570,EEE,2014B
494427,EEE,2014B
494872,EEE,2014B
496108,EEE,2014B
497047,EEE,2014B
497361,EEE,2014B
497580,EEE,2014B
502640,EEE,2014B
502929,EEE,2014B
503872,EEE,2014B
504062,EEE,2014B
504652,EEE,2014B
504728,EEE,2014B
505333,EEE,2014B
505767,EEE,2014B
510266,EEE,2014B
510545,EEE,2014B
511199,EEE,2014B
511657,EEE,2014B
513211,EEE,2014B
513672,EEE,2014B
515125,EEE,2014B
516238,EEE,2014B
516728,EEE,2014B
518116,EEE,2014B
519258,EEE,2014B
519589,EEE,2014B
520824,EEE,2014B
522525,EEE,2014B
523061,EEE,2014B
524276,EEE,2014B
524386,EEE,2014B
525332,EEE,2014B
526051,EEE,2014B
527771,EEE,2014B
529304,EEE,2014B
531845,EEE,2014B
532570,EEE,2014B
536996,EEE,2014B
540509,EEE,2014B
541999,EEE,2014B
542050,EEE,2014B
543475,EEE,2014B
543924,EEE,2014B
543948,EEE,2014B
546400,EEE,2014B
547100,EEE,2014B
547685,EEE,2014B
548261,EEE,2014B
548992,EEE,2014B
549401,EEE,2014B
550197,EEE,2014B
550357,EEE,2014B
551528,EEE,2014B
552067,EEE,2014B
554988,EEE,2014B
555022,EEE,2014B
555756,EEE,2014B
557700,EEE,2014B
558122,EEE,2014B
558342,EEE,2014B
558492,EEE,2014B
559977,EEE,2014B
560951,EEE,2014B
561271,EEE,2014B
561363,EEE,2014B
561559,EEE,2014B
563902,EEE,2014B
569342,EEE,2014B
569620,EEE,2014B
571025,EEE,2014B
571128,EEE,2014B
571233,EEE,2014B
571789,EEE,2014B
571963,EEE,2014B
572249,EEE,2014B
573072,EEE,2014B
573558,EEE,2014B
573665,EEE,2014B
574508,EEE,2014B
575162,EEE,2014B
575473,EEE,2014B
575777,EEE,2014B
576876,EEE,2014B
577245,EEE,2014B
577352,EEE,2014B
577460,EEE,2014B
577562,EEE,2014B
578541,EEE,2014B
578634,EEE,2014B
578958,EEE,2014B
581257,EEE,2014B
581269,EEE,2014B
581676,EEE,2014B
583968,EEE,2014B
584698,EEE,2014B
585393,EEE,2014B
585397,EEE,2014B
585662,EEE,2014B
587323,EEE,2014B
588274,EEE,2014B
588765,EEE,2014B
589001,EEE,2014B
589033,EEE,2014B
589083,EEE,2014B
589223,EEE,2014B
589260,EEE,2014B
589722,EEE,2014B
589828,EEE,2014B
591398,EEE,2014B
592080,EEE,2014B
592372,EEE,2014B
592593,EEE,2014B
592666,EEE,2014B
593123,EEE,2014B
593733,EEE,2014B
593941,EEE,2014B
594131,EEE,2014B
594193,EEE,2014B
594684,EEE,2014B
595100,EEE,2014B
595356,EEE,2014B
595808,EEE,2014B
595992,EEE,2014B
596347,EEE,2014B
596947,EEE,2014B
597909,EEE,2014B
599056,EEE,2014B
599554,EEE,2014B
599937,EEE,2014B
600181,EEE,2014B
600801,EEE,2014B
600987,EEE,2014B
601043,EEE,2014B
601211,EEE,2014B
601386,EEE,2014B
602150,EEE,2014B
602721,EEE,2014B
603531,EEE,2014B
603832,EEE,2014B
604172,EEE,2014B
604490,EEE,2014B
604502,EEE,2014B
604665,EEE,2014B
604789,EEE,2014B
605130,EEE,2014B
605136,EEE,2014B
605367,EEE,2014B
605688,EEE,2014B
606025,EEE,2014B
606127,EEE,2014B
606182,EEE,2014B
606290,EEE,2014B
606350,EEE,2014B
607413,EEE,2014B
607570,EEE,2014B
607703,EEE,2014B
608152,EEE,2014B
608694,EEE,2014B
609241,EEE,2014B
609383,EEE,2014B
609450,EEE,2014B
609605,EEE,2014B
609645,EEE,2014B
610234,EEE,2014B
610287,EEE,2014B
610718,EEE,2014B
610927,EEE,2014B
611024,EEE,2014B
611407,EEE,2014B
611502,EEE,2014B
611999,EEE,2014B
612023,EEE,2014B
612127,EEE,2014B
612287,EEE,2014B
612397,EEE,2014B
612449,EEE,2014B
612644,EEE,2014B
612882,EEE,2014B
613116,EEE,2014B
613122,EEE,2014B
613133,EEE,2014B
613387,EEE,2014B
613501,EEE,2014B
614234,EEE,2014B
614245,EEE,2014B
614754,EEE,2014B
614952,EEE,2014B
615112,EEE,2014B
615229,EEE,2014B
616386,EEE,2014B
616407,EEE,2014B
616439,EEE,2014B
616700,EEE,2014B
616708,EEE,2014B
616927,EEE,2014B
616976,EEE,2014B
617186,EEE,2014B
617309,EEE,2014B
617331,EEE,2014B
617355,EEE,2014B
617365,EEE,2014B
617418,EEE,2014B
617455,EEE,2014B
617531,EEE,2014B
617898,EEE,2014B
618078,EEE,2014B
618514,EEE,2014B
618571,EEE,2014B
618583,EEE,2014B
618606,EEE,2014B
618619,EEE,2014B
618701,EEE,2014B
618768,EEE,2014B
618982,EEE,2014B
619006,EEE,2014B
619014,EEE,2014B
619292,EEE,2014B
619369,EEE,2014B
619380,EEE,2014B
619503,EEE,2014B
619887,EEE,2014B
619927,EEE,2014B
620215,EEE,2014B
620260,EEE,2014B
620369,EEE,2014B
620376,EEE,2014B
620414,EEE,2014B
620646,EEE,2014B
620713,EEE,2014B
620716,EEE,2014B
620918,EEE,2014B
620977,EEE,2014B
621401,EEE,2014B
621414,EEE,2014B
621619,EEE,2014B
621655,EEE,2014B
622015,EEE,2014B
622037,EEE,2014B
622280,EEE,2014B
622315,EEE,2014B
622368,EEE,2014B
622812,EEE,2014B
623079,EEE,2014B
623100,EEE,2014B
623105,EEE,2014B
623115,EEE,2014B
623184,EEE,2014B
623250,EEE,2014B
623421,EEE,2014B
623562,EEE,2014B
623609,EEE,2014B
623667,EEE,2014B
623738,EEE,2014B
623780,EEE,2014B
623797,EEE,2014B
623864,EEE,2014B
623940,EEE,2014B
624034,EEE,2014B
624050,EEE,2014B
624092,EEE,2014B
624126,EEE,2014B
624153,EEE,2014B
624384,EEE,2014B
624441,EEE,2014B
624469,EEE,2014B
624782,EEE,2014B
625067,EEE,2014B
625121,EEE,2014B
625126,EEE,2014B
625174,EEE,2014B
625207,EEE,2014B
625213,EEE,2014B
625476,EEE,2014B
625527,EEE,2014B
625740,EEE,2014B
625774,EEE,2014B
625785,EEE,2014B
625790,EEE,2014B
625841,EEE,2014B
625861,EEE,2014B
625884,EEE,2014B
625901,EEE,2014B
625950,EEE,2014B
625975,EEE,2014B
626022,EEE,2014B
626183,EEE,2014B
626296,EEE,2014B
626407,EEE,2014B
626444,EEE,2014B
626494,EEE,2014B
626516,EEE,2014B
626625,EEE,2014B
626714,EEE,2014B
626749,EEE,2014B
626753,EEE,2014B
626768,EEE,2014B
626772,EEE,2014B
626789,EEE,2014B
626877,EEE,2014B
626906,EEE,2014B
626998,EEE,2014B
627168,EEE,2014B
627290,EEE,2014B
627387,EEE,2014B
627390,EEE,2014B
627399,EEE,2014B
627471,EEE,2014B
627500,EEE,2014B
627516,EEE,2014B
627636,EEE,2014B
627750,EEE,2014B
627907,EEE,2014B
627961,EEE,2014B
628054,EEE,2014B
628214,EEE,2014B
628300,EEE,2014B
628366,EEE,2014B
628527,EEE,2014B
628677,EEE,2014B
628686,EEE,2014B
628777,EEE,2014B
628914,EEE,2014B
628959,EEE,2014B
628993,EEE,2014B
629081,EEE,2014B
629234,EEE,2014B
629283,EEE,2014B
629421,EEE,2014B
629500,EEE,2014B
629506,EEE,2014B
629601,EEE,2014B
629623,EEE,2014B
629627,EEE,2014B
629628,EEE,2014B
629654,EEE,2014B
629887,EEE,2014B
629906,EEE,2014B
630047,EEE,2014B
630086,EEE,2014B
630120,EEE,2014B
630165,EEE,2014B
630416,EEE,2014B
630449,EEE,2014B
630514,EEE,2014B
630540,EEE,2014B
630573,EEE,2014B
630585,EEE,2014B
630606,EEE,2014B
630635,EEE,2014B
630657,EEE,2014B
630696,EEE,2014B
630722,EEE,2014B
630888,EEE,2014B
630900,EEE,2014B
630980,EEE,2014B
631016,EEE,2014B
631051,EEE,2014B
631073,EEE,2014B
631117,EEE,2014B
631334,EEE,2014B
631356,EEE,2014B
631453,EEE,2014B
631655,EEE,2014B
631657,EEE,2014B
631807,EEE,2014B
632004,EEE,2014B
632074,EEE,2014B
632083,EEE,2014B
632111,EEE,2014B
632133,EEE,2014B
632135,EEE,2014B
632312,EEE,2014B
632329,EEE,2014B
632376,EEE,2014B
632459,EEE,2014B
632641,EEE,2014B
632700,EEE,2014B
632780,EEE,2014B
632883,EEE,2014B
632889,EEE,2014B
632904,EEE,2014B
632977,EEE,2014B
633107,EEE,2014B
633259,EEE,2014B
633310,EEE,2014B
633330,EEE,2014B
633334,EEE,2014B
633432,EEE,2014B
633511,EEE,2014B
633530,EEE,2014B
633605,EEE,2014B
633634,EEE,2014B
633637,EEE,2014B
633716,EEE,2014B
633746,EEE,2014B
633998,EEE,2014B
634040,EEE,2014B
634083,EEE,2014B
634193,EEE,2014B
634309,EEE,2014B
634318,EEE,2014B
634433,EEE,2014B
634570,EEE,2014B
634744,EEE,2014B
634817,EEE,2014B
634862,EEE,2014B
634869,EEE,2014B
635041,EEE,2014B
635043,EEE,2014B
635109,EEE,2014B
635515,EEE,2014B
1268772,EEE,2014B
1410398,EEE,2014B
1457691,EEE,2014B
1500950,EEE,2014B
1573624,EEE,2014B
1618172,EEE,2014B
1644328,EEE,2014B
1661805,EEE,2014B
1663815,EEE,2014B
1664171,EEE,2014B
1664810,EEE,2014B
1683692,EEE,2014B
1700371,EEE,2014B
1763786,EEE,2014B
1780737,EEE,2014B
1810414,EEE,2014B
1828112,EEE,2014B
1839181,EEE,2014B
1861830,EEE,2014B
1863564,EEE,2014B
1878160,EEE,2014B
1908526,EEE,2014B
2002664,EEE,2014B
2026585,EEE,2014B
2064873,EEE,2014B
2139273,EEE,2014B
2187588,EEE,2014B
2188680,EEE,2014B
2198914,EEE,2014B
2295254,EEE,2014B
2359504,EEE,2014B
2364637,EEE,2014B
2376512,EEE,2014B
2384615,EEE,2014B
2388492,EEE,2014B
2391004,EEE,2014B
2434339,EEE,2014B
2455893,EEE,2014B
2472178,EEE,2014B
2478799,EEE,2014B
2492827,EEE,2014B
2520067,EEE,2014B
2554047,EEE,2014B
2567038,EEE,2014B
2569912,EEE,2014B
2577893,EEE,2014B
2600862,EEE,2014B
2603195,EEE,2014B
2613219,EEE,2014B
2619011,EEE,2014B
2620661,EEE,2014B
2642697,EEE,2014B
2647314,EEE,2014B
2662742,EEE,2014B
28770,EEE,2014J
46048,EEE,2014J
47061,EEE,2014J
60809,EEE,2014J
62034,EEE,2014J
67539,EEE,2014J
67685,EEE,2014J
76579,EEE,2014J
80358,EEE,2014J
89545,EEE,2014J
108281,EEE,2014J
108497,EEE,2014J
121163,EEE,2014J
124304,EEE,2014J
124711,EEE,2014J
126450,EEE,2014J
128817,EEE,2014J
131776,EEE,2014J
134212,EEE,2014J
135763,EEE,2014J
142092,EEE,2014J
158708,EEE,2014J
159287,EEE,2014J
161781,EEE,2014J
162210,EEE,2014J
164708,EEE,2014J
174512,EEE,2014J
175940,EEE,2014J
177472,EEE,2014J
189117,EEE,2014J
191000,EEE,2014J
195252,EEE,2014J
195897,EEE,2014J
196132,EEE,2014J
202606,EEE,2014J
232078,EEE,2014J
233335,EEE,2014J
233685,EEE,2014J
236512,EEE,2014J
239908,EEE,2014J
241728,EEE,2014J
243926,EEE,2014J
247653,EEE,2014J
250159,EEE,2014J
253496,EEE,2014J
255449,EEE,2014J
269220,EEE,2014J
270764,EEE,2014J
270988,EEE,2014J
274967,EEE,2014J
284095,EEE,2014J
286527,EEE,2014J
293321,EEE,2014J
296222,EEE,2014J
299707,EEE,2014J
302363,EEE,2014J
307953,EEE,2014J
310968,EEE,2014J
316454,EEE,2014J
318769,EEE,2014J
318855,EEE,2014J
322641,EEE,2014J
325518,EEE,2014J
331622,EEE,2014J
332945,EEE,2014J
333637,EEE,2014J
333976,EEE,2014J
336014,EEE,2014J
337741,EEE,2014J
344740,EEE,2014J
345288,EEE,2014J
355049,EEE,2014J
355617,EEE,2014J
356735,EEE,2014J
360266,EEE,2014J
364322,EEE,2014J
369713,EEE,2014J
369942,EEE,2014J
372577,EEE,2014J
378825,EEE,2014J
381185,EEE,2014J
381586,EEE,2014J
381983,EEE,2014J
382432,EEE,2014J
387944,EEE,2014J
388252,EEE,2014J
390332,EEE,2014J
391572,EEE,2014J
396674,EEE,2014J
398019,EEE,2014J
401240,EEE,2014J
404200,EEE,2014J
404695,EEE,2014J
405125,EEE,2014J
407731,EEE,2014J
408763,EEE,2014J
410587,EEE,2014J
410592,EEE,2014J
411619,EEE,2014J
418035,EEE,2014J
418216,EEE,2014J
423947,EEE,2014J
425053,EEE,2014J
425858,EEE,2014J
432484,EEE,2014J
434503,EEE,2014J
436900,EEE,2014J
441385,EEE,2014J
441895,EEE,2014J
443200,EEE,2014J
443701,EEE,2014J
444814,EEE,2014J
445049,EEE,2014J
446397,EEE,2014J
447659,EEE,2014J
464780,EEE,2014J
464957,EEE,2014J
465406,EEE,2014J
466892,EEE,2014J
469424,EEE,2014J
470461,EEE,2014J
472845,EEE,2014J
474290,EEE,2014J
476438,EEE,2014J
476497,EEE,2014J
479987,EEE,2014J
480579,EEE,2014J
481787,EEE,2014J
481884,EEE,2014J
482030,EEE,2014J
483131,EEE,2014J
483858,EEE,2014J
491170,EEE,2014J
491664,EEE,2014J
494270,EEE,2014J
496530,EEE,2014J
500440,EEE,2014J
501422,EEE,2014J
502548,EEE,2014J
506618,EEE,2014J
507967,EEE,2014J
509780,EEE,2014J
510402,EEE,2014J
515977,EEE,2014J
516398,EEE,2014J
517094,EEE,2014J
520077,EEE,2014J
520750,EEE,2014J
520824,EEE,2014J
521350,EEE,2014J
522645,EEE,2014J
523804,EEE,2014J
524431,EEE,2014J
525217,EEE,2014J
525625,EEE,2014J
529287,EEE,2014J
529670,EEE,2014J
530087,EEE,2014J
532579,EEE,2014J
532846,EEE,2014J
536984,EEE,2014J
540219,EEE,2014J
543931,EEE,2014J
544071,EEE,2014J
545493,EEE,2014J
546400,EEE,2014J
547153,EEE,2014J
548807,EEE,2014J
549922,EEE,2014J
550573,EEE,2014J
551117,EEE,2014J
551182,EEE,2014J
551589,EEE,2014J
552441,EEE,2014J
553753,EEE,2014J
554235,EEE,2014J
554459,EEE,2014J
554999,EEE,2014J
556450,EEE,2014J
557229,EEE,2014J
558342,EEE,2014J
560707,EEE,2014J
560759,EEE,2014J
560881,EEE,2014J
560953,EEE,2014J
561208,EEE,2014J
561413,EEE,2014J
563046,EEE,2014J
563321,EEE,2014J
563534,EEE,2014J
564445,EEE,2014J
564562,EEE,2014J
564734,EEE,2014J
565952,EEE,2014J
566279,EEE,2014J
567681,EEE,2014J
567892,EEE,2014J
569372,EEE,2014J
570045,EEE,2014J
570273,EEE,2014J
570278,EEE,2014J
570491,EEE,2014J
570954,EEE,2014J
572168,EEE,2014J
572599,EEE,2014J
572659,EEE,2014J
573503,EEE,2014J
573922,EEE,2014J
574565,EEE,2014J
575066,EEE,2014J
575411,EEE,2014J
578469,EEE,2014J
579052,EEE,2014J
579283,EEE,2014J
580798,EEE,2014J
581082,EEE,2014J
581238,EEE,2014J
581851,EEE,2014J
581887,EEE,2014J
582340,EEE,2014J
583288,EEE,2014J
583719,EEE,2014J
584514,EEE,2014J
584718,EEE,2014J
585643,EEE,2014J
585769,EEE,2014J
585852,EEE,2014J
587008,EEE,2014J
587122,EEE,2014J
587621,EEE,2014J
587793,EEE,2014J
588058,EEE,2014J
588474,EEE,2014J
589856,EEE,2014J
590837,EEE,2014J
591523,EEE,2014J
591761,EEE,2014J
592047,EEE,2014J
592338,EEE,2014J
592843,EEE,2014J
593896,EEE,2014J
594629,EEE,2014J
596326,EEE,2014J
596423,EEE,2014J
596614,EEE,2014J
597166,EEE,2014J
597252,EEE,2014J
599215,EEE,2014J
599429,EEE,2014J
600267,EEE,2014J
600766,EEE,2014J
600898,EEE,2014J
602150,EEE,2014J
602707,EEE,2014J
602830,EEE,2014J
603108,EEE,2014J
603179,EEE,2014J
603700,EEE,2014J
604057,EEE,2014J
604875,EEE,2014J
605125,EEE,2014J
605129,EEE,2014J
605541,EEE,2014J
608488,EEE,2014J
608669,EEE,2014J
608853,EEE,2014J
609605,EEE,2014J
610275,EEE,2014J
610287,EEE,2014J
610672,EEE,2014J
610904,EEE,2014J
611162,EEE,2014J
611405,EEE,2014J
611961,EEE,2014J
612157,EEE,2014J
613644,EEE,2014J
613953,EEE,2014J
614300,EEE,2014J
614737,EEE,2014J
615429,EEE,2014J
616407,EEE,2014J
617309,EEE,2014J
617888,EEE,2014J
619168,EEE,2014J
620343,EEE,2014J
620519,EEE,2014J
620536,EEE,2014J
620782,EEE,2014J
621380,EEE,2014J
622129,EEE,2014J
622315,EEE,2014J
622890,EEE,2014J
623002,EEE,2014J
623467,EEE,2014J
623757,EEE,2014J
623889,EEE,2014J
624126,EEE,2014J
624222,EEE,2014J
625288,EEE,2014J
625614,EEE,2014J
625785,EEE,2014J
626998,EEE,2014J
627500,EEE,2014J
627935,EEE,2014J
628054,EEE,2014J
628366,EEE,2014J
628480,EEE,2014J
628717,EEE,2014J
628741,EEE,2014J
628766,EEE,2014J
629014,EEE,2014J
629400,EEE,2014J
629421,EEE,2014J
629852,EEE,2014J
629862,EEE,2014J
630105,EEE,2014J
630541,EEE,2014J
631113,EEE,2014J
631807,EEE,2014J
631888,EEE,2014J
632626,EEE,2014J
632635,EEE,2014J
632950,EEE,2014J
633824,EEE,2014J
633868,EEE,2014J
633914,EEE,2014J
634094,EEE,2014J
634367,EEE,2014J
634552,EEE,2014J
634655,EEE,2014J
634721,EEE,2014J
634879,EEE,2014J
634940,EEE,2014J
634957,EEE,2014J
635325,EEE,2014J
635552,EEE,2014J
635564,EEE,2014J
635720,EEE,2014J
635953,EEE,2014J
636124,EEE,2014J
636996,EEE,2014J
637123,EEE,2014J
637292,EEE,2014J
637401,EEE,2014J
637601,EEE,2014J
637624,EEE,2014J
638018,EEE,2014J
638604,EEE,2014J
638970,EEE,2014J
639012,EEE,2014J
639194,EEE,2014J
639232,EEE,2014J
639253,EEE,2014J
640109,EEE,2014J
640307,EEE,2014J
640443,EEE,2014J
640658,EEE,2014J
641195,EEE,2014J
641200,EEE,2014J
641566,EEE,2014J
641569,EEE,2014J
641629,EEE,2014J
641716,EEE,2014J
641817,EEE,2014J
641881,EEE,2014J
641899,EEE,2014J
642066,EEE,2014J
642591,EEE,2014J
642627,EEE,2014J
642656,EEE,2014J
642839,EEE,2014J
643077,EEE,2014J
643118,EEE,2014J
643168,EEE,2014J
643200,EEE,2014J
643267,EEE,2014J
643269,EEE,2014J
643309,EEE,2014J
643404,EEE,2014J
643416,EEE,2014J
643434,EEE,2014J
643457,EEE,2014J
643484,EEE,2014J
643514,EEE,2014J
643531,EEE,2014J
643644,EEE,2014J
643705,EEE,2014J
643755,EEE,2014J
643770,EEE,2014J
643771,EEE,2014J
644064,EEE,2014J
644072,EEE,2014J
644113,EEE,2014J
644163,EEE,2014J
644246,EEE,2014J
644480,EEE,2014J
644514,EEE,2014J
644794,EEE,2014J
644905,EEE,2014J
645045,EEE,2014J
645126,EEE,2014J
645151,EEE,2014J
645170,EEE,2014J
645462,EEE,2014J
645481,EEE,2014J
645542,EEE,2014J
645557,EEE,2014J
645831,EEE,2014J
645867,EEE,2014J
646040,EEE,2014J
646070,EEE,2014J
646097,EEE,2014J
646109,EEE,2014J
646184,EEE,2014J
646197,EEE,2014J
646218,EEE,2014J
646363,EEE,2014J
646502,EEE,2014J
646547,EEE,2014J
646581,EEE,2014J
646747,EEE,2014J
646815,EEE,2014J
646841,EEE,2014J
646998,EEE,2014J
647043,EEE,2014J
647148,EEE,2014J
647179,EEE,2014J
647184,EEE,2014J
647217,EEE,2014J
647358,EEE,2014J
647432,EEE,2014J
647466,EEE,2014J
647645,EEE,2014J
647791,EEE,2014J
647865,EEE,2014J
647887,EEE,2014J
647916,EEE,2014J
647919,EEE,2014J
647983,EEE,2014J
647988,EEE,2014J
648001,EEE,2014J
648058,EEE,2014J
648090,EEE,2014J
648091,EEE,2014J
648285,EEE,2014J
648354,EEE,2014J
648369,EEE,2014J
648370,EEE,2014J
648429,EEE,2014J
648436,EEE,2014J
648440,EEE,2014J
648469,EEE,2014J
648518,EEE,2014J
648652,EEE,2014J
648654,EEE,2014J
648687,EEE,2014J
648787,EEE,2014J
648834,EEE,2014J
648843,EEE,2014J
648852,EEE,2014J
648902,EEE,2014J
648942,EEE,2014J
649069,EEE,2014J
649200,EEE,2014J
649215,EEE,2014J
649230,EEE,2014J
649248,EEE,2014J
649255,EEE,2014J
649310,EEE,2014J
649332,EEE,2014J
649339,EEE,2014J
649506,EEE,2014J
649637,EEE,2014J
649667,EEE,2014J
649701,EEE,2014J
649718,EEE,2014J
649738,EEE,2014J
649755,EEE,2014J
649783,EEE,2014J
649840,EEE,2014J
649843,EEE,2014J
649861,EEE,2014J
649863,EEE,2014J
649935,EEE,2014J
650105,EEE,2014J
650137,EEE,2014J
650145,EEE,2014J
650164,EEE,2014J
650192,EEE,2014J
650223,EEE,2014J
650330,EEE,2014J
650334,EEE,2014J
650341,EEE,2014J
650384,EEE,2014J
650504,EEE,2014J
650533,EEE,2014J
650575,EEE,2014J
650578,EEE,2014J
650592,EEE,2014J
650666,EEE,2014J
650734,EEE,2014J
650752,EEE,2014J
650770,EEE,2014J
650816,EEE,2014J
650849,EEE,2014J
650856,EEE,2014J
650926,EEE,2014J
650950,EEE,2014J
650987,EEE,2014J
651086,EEE,2014J
651155,EEE,2014J
651156,EEE,2014J
651245,EEE,2014J
651298,EEE,2014J
651337,EEE,2014J
651361,EEE,2014J
651371,EEE,2014J
651384,EEE,2014J
651533,EEE,2014J
651534,EEE,2014J
651616,EEE,2014J
651635,EEE,2014J
651648,EEE,2014J
651734,EEE,2014J
651766,EEE,2014J
651828,EEE,2014J
651839,EEE,2014J
651850,EEE,2014J
651915,EEE,2014J
651935,EEE,2014J
651950,EEE,2014J
651995,EEE,2014J
652054,EEE,2014J
652233,EEE,2014J
652285,EEE,2014J
652287,EEE,2014J
652302,EEE,2014J
652442,EEE,2014J
652460,EEE,2014J
652476,EEE,2014J
652501,EEE,2014J
652606,EEE,2014J
652667,EEE,2014J
652861,EEE,2014J
652880,EEE,2014J
652894,EEE,2014J
652902,EEE,2014J
653090,EEE,2014J
653168,EEE,2014J
653177,EEE,2014J
653210,EEE,2014J
653248,EEE,2014J
653326,EEE,2014J
653352,EEE,2014J
653360,EEE,2014J
653440,EEE,2014J
653506,EEE,2014J
653587,EEE,2014J
653608,EEE,2014J
653661,EEE,2014J
653665,EEE,2014J
653688,EEE,2014J
653801,EEE,2014J
653887,EEE,2014J
653998,EEE,2014J
654095,EEE,2014J
654198,EEE,2014J
654202,EEE,2014J
654213,EEE,2014J
654240,EEE,2014J
654295,EEE,2014J
654325,EEE,2014J
654397,EEE,2014J
654464,EEE,2014J
654485,EEE,2014J
654547,EEE,2014J
654570,EEE,2014J
654579,EEE,2014J
654676,EEE,2014J
654755,EEE,2014J
654822,EEE,2014J
654876,EEE,2014J
654891,EEE,2014J
654925,EEE,2014J
654933,EEE,2014J
655051,EEE,2014J
655242,EEE,2014J
655383,EEE,2014J
655396,EEE,2014J
655484,EEE,2014J
655498,EEE,2014J
655634,EEE,2014J
655680,EEE,2014J
655865,EEE,2014J
655924,EEE,2014J
655973,EEE,2014J
656010,EEE,2014J
656057,EEE,2014J
656134,EEE,2014J
656203,EEE,2014J
656446,EEE,2014J
656535,EEE,2014J
656553,EEE,2014J
656578,EEE,2014J
656815,EEE,2014J
656825,EEE,2014J
656854,EEE,2014J
656906,EEE,2014J
656928,EEE,2014J
656929,EEE,2014J
656954,EEE,2014J
657002,EEE,2014J
657062,EEE,2014J
657128,EEE,2014J
657194,EEE,2014J
657196,EEE,2014J
657209,EEE,2014J
657210,EEE,2014J
657226,EEE,2014J
657319,EEE,2014J
674253,EEE,2014J
674296,EEE,2014J
674430,EEE,2014J
674457,EEE,2014J
674720,EEE,2014J
674747,EEE,2014J
674808,EEE,2014J
674853,EEE,2014J
674882,EEE,2014J
674888,EEE,2014J
674889,EEE,2014J
674941,EEE,2014J
674965,EEE,2014J
675104,EEE,2014J
675162,EEE,2014J
675337,EEE,2014J
675365,EEE,2014J
675374,EEE,2014J
675391,EEE,2014J
675441,EEE,2014J
675442,EEE,2014J
675450,EEE,2014J
675537,EEE,2014J
675663,EEE,2014J
675773,EEE,2014J
675840,EEE,2014J
675853,EEE,2014J
675972,EEE,2014J
676025,EEE,2014J
676150,EEE,2014J
676181,EEE,2014J
676482,EEE,2014J
676611,EEE,2014J
676676,EEE,2014J
676722,EEE,2014J
676805,EEE,2014J
676812,EEE,2014J
676834,EEE,2014J
677018,EEE,2014J
677040,EEE,2014J
677049,EEE,2014J
677189,EEE,2014J
677197,EEE,2014J
677232,EEE,2014J
677250,EEE,2014J
677416,EEE,2014J
677457,EEE,2014J
677459,EEE,2014J
677507,EEE,2014J
677631,EEE,2014J
677711,EEE,2014J
677721,EEE,2014J
677741,EEE,2014J
677772,EEE,2014J
677897,EEE,2014J
677900,EEE,2014J
677947,EEE,2014J
678026,EEE,2014J
678194,EEE,2014J
678267,EEE,2014J
678341,EEE,2014J
678393,EEE,2014J
678419,EEE,2014J
678508,EEE,2014J
678538,EEE,2014J
678613,EEE,2014J
678715,EEE,2014J
678811,EEE,2014J
678860,EEE,2014J
678929,EEE,2014J
678970,EEE,2014J
679037,EEE,2014J
679207,EEE,2014J
679539,EEE,2014J
679569,EEE,2014J
679631,EEE,2014J
679801,EEE,2014J
679883,EEE,2014J
680074,EEE,2014J
680133,EEE,2014J
680333,EEE,2014J
680442,EEE,2014J
680563,EEE,2014J
680614,EEE,2014J
680644,EEE,2014J
680765,EEE,2014J
680804,EEE,2014J
680829,EEE,2014J
680894,EEE,2014J
681001,EEE,2014J
681095,EEE,2014J
681200,EEE,2014J
681302,EEE,2014J
681327,EEE,2014J
681379,EEE,2014J
681416,EEE,2014J
681759,EEE,2014J
681852,EEE,2014J
682041,EEE,2014J
682217,EEE,2014J
682239,EEE,2014J
682259,EEE,2014J
682319,EEE,2014J
682355,EEE,2014J
682414,EEE,2014J
682575,EEE,2014J
682673,EEE,2014J
682717,EEE,2014J
682758,EEE,2014J
683079,EEE,2014J
683170,EEE,2014J
683246,EEE,2014J
683270,EEE,2014J
683492,EEE,2014J
683640,EEE,2014J
684050,EEE,2014J
684064,EEE,2014J
684225,EEE,2014J
684498,EEE,2014J
684504,EEE,2014J
684511,EEE,2014J
684532,EEE,2014J
684567,EEE,2014J
684610,EEE,2014J
684617,EEE,2014J
684669,EEE,2014J
684905,EEE,2014J
684907,EEE,2014J
684967,EEE,2014J
685060,EEE,2014J
685152,EEE,2014J
685176,EEE,2014J
685199,EEE,2014J
685236,EEE,2014J
685284,EEE,2014J
685287,EEE,2014J
685292,EEE,2014J
685370,EEE,2014J
685487,EEE,2014J
685499,EEE,2014J
685517,EEE,2014J
685557,EEE,2014J
685668,EEE,2014J
685750,EEE,2014J
685804,EEE,2014J
685913,EEE,2014J
685950,EEE,2014J
685991,EEE,2014J
686051,EEE,2014J
686058,EEE,2014J
686287,EEE,2014J
686365,EEE,2014J
686447,EEE,2014J
686462,EEE,2014J
686476,EEE,2014J
686525,EEE,2014J
686564,EEE,2014J
686708,EEE,2014J
686753,EEE,2014J
686877,EEE,2014J
686913,EEE,2014J
687194,EEE,2014J
687283,EEE,2014J
687310,EEE,2014J
687367,EEE,2014J
687370,EEE,2014J
687563,EEE,2014J
687574,EEE,2014J
687757,EEE,2014J
687772,EEE,2014J
687844,EEE,2014J
687945,EEE,2014J
687953,EEE,2014J
688118,EEE,2014J
688133,EEE,2014J
688287,EEE,2014J
688310,EEE,2014J
688404,EEE,2014J
688451,EEE,2014J
688683,EEE,2014J
688742,EEE,2014J
688924,EEE,2014J
688942,EEE,2014J
688974,EEE,2014J
689161,EEE,2014J
689217,EEE,2014J
689250,EEE,2014J
689288,EEE,2014J
689309,EEE,2014J
689370,EEE,2014J
689389,EEE,2014J
689618,EEE,2014J
689763,EEE,2014J
689807,EEE,2014J
689840,EEE,2014J
689983,EEE,2014J
690016,EEE,2014J
690095,EEE,2014J
690241,EEE,2014J
690298,EEE,2014J
690370,EEE,2014J
690406,EEE,2014J
690439,EEE,2014J
690507,EEE,2014J
690525,EEE,2014J
690586,EEE,2014J
690724,EEE,2014J
690736,EEE,2014J
690763,EEE,2014J
690917,EEE,2014J
691078,EEE,2014J
691218,EEE,2014J
691248,EEE,2014J
691536,EEE,2014J
691875,EEE,2014J
691978,EEE,2014J
692012,EEE,2014J
692354,EEE,2014J
692534,EEE,2014J
692646,EEE,2014J
692924,EEE,2014J
692928,EEE,2014J
692991,EEE,2014J
693069,EEE,2014J
693147,EEE,2014J
693221,EEE,2014J
693235,EEE,2014J
693308,EEE,2014J
693416,EEE,2014J
693478,EEE,2014J
693910,EEE,2014J
693959,EEE,2014J
694081,EEE,2014J
694106,EEE,2014J
694218,EEE,2014J
694246,EEE,2014J
694304,EEE,2014J
694361,EEE,2014J
694457,EEE,2014J
694548,EEE,2014J
694571,EEE,2014J
694579,EEE,2014J
694589,EEE,2014J
694658,EEE,2014J
694680,EEE,2014J
694684,EEE,2014J
694779,EEE,2014J
694854,EEE,2014J
695094,EEE,2014J
695122,EEE,2014J
695638,EEE,2014J
695644,EEE,2014J
695653,EEE,2014J
695668,EEE,2014J
695760,EEE,2014J
695855,EEE,2014J
695919,EEE,2014J
695921,EEE,2014J
695932,EEE,2014J
695944,EEE,2014J
696044,EEE,2014J
696192,EEE,2014J
696361,EEE,2014J
696464,EEE,2014J
696577,EEE,2014J
696796,EEE,2014J
696930,EEE,2014J
697041,EEE,2014J
697113,EEE,2014J
697120,EEE,2014J
697253,EEE,2014J
697460,EEE,2014J
697461,EEE,2014J
697781,EEE,2014J
698011,EEE,2014J
698092,EEE,2014J
698300,EEE,2014J
698355,EEE,2014J
698413,EEE,2014J
698598,EEE,2014J
699049,EEE,2014J
699050,EEE,2014J
699134,EEE,2014J
699135,EEE,2014J
699136,EEE,2014J
699140,EEE,2014J
699141,EEE,2014J
699142,EEE,2014J
699170,EEE,2014J
699440,EEE,2014J
1334225,EEE,2014J
1354095,EEE,2014J
1483814,EEE,2014J
1490624,EEE,2014J
1497822,EEE,2014J
1664171,EEE,2014J
1674799,EEE,2014J
1679610,EEE,2014J
1841850,EEE,2014J
1895288,EEE,2014J
1895399,EEE,2014J
1910737,EEE,2014J
1943214,EEE,2014J
1953275,EEE,2014J
2024200,EEE,2014J
2050998,EEE,2014J
2065756,EEE,2014J
2067969,EEE,2014J
2072671,EEE,2014J
2080916,EEE,2014J
2151019,EEE,2014J
2192061,EEE,2014J
2211797,EEE,2014J
2230251,EEE,2014J
2242383,EEE,2014J
2258124,EEE,2014J
2259662,EEE,2014J
2281441,EEE,2014J
2286544,EEE,2014J
2289071,EEE,2014J
2290886,EEE,2014J
2297016,EEE,2014J
2338535,EEE,2014J
2340230,EEE,2014J
2355274,EEE,2014J
2395505,EEE,2014J
2410632,EEE,2014J
2436584,EEE,2014J
2437591,EEE,2014J
2442423,EEE,2014J
2443165,EEE,2014J
2453691,EEE,2014J
2464118,EEE,2014J
2501127,EEE,2014J
2533383,EEE,2014J
2542182,EEE,2014J
2550960,EEE,2014J
2566474,EEE,2014J
2579558,EEE,2014J
2599179,EEE,2014J
2612725,EEE,2014J
2622627,EEE,2014J
2626779,EEE,2014J
2627992,EEE,2014J
2637000,EEE,2014J
2639115,EEE,2014J
2644404,EEE,2014J
2654928,EEE,2014J
2663195,EEE,2014J
2686053,EEE,2014J
2686712,EEE,2014J
33915,FFF,2013B
35860,FFF,2013B
36385,FFF,2013B
36842,FFF,2013B
37298,FFF,2013B
42668,FFF,2013B
43273,FFF,2013B
49095,FFF,2013B
50263,FFF,2013B
53197,FFF,2013B
53709,FFF,2013B
55450,FFF,2013B
60519,FFF,2013B
65656,FFF,2013B
68208,FFF,2013B
71275,FFF,2013B
71578,FFF,2013B
72693,FFF,2013B
74113,FFF,2013B
77998,FFF,2013B
80886,FFF,2013B
82556,FFF,2013B
82817,FFF,2013B
84051,FFF,2013B
86538,FFF,2013B
91164,FFF,2013B
96729,FFF,2013B
99993,FFF,2013B
101306,FFF,2013B
107162,FFF,2013B
107955,FFF,2013B
110085,FFF,2013B
110116,FFF,2013B
111775,FFF,2013B
112010,FFF,2013B
115373,FFF,2013B
118532,FFF,2013B
118668,FFF,2013B
119353,FFF,2013B
125996,FFF,2013B
126088,FFF,2013B
128142,FFF,2013B
128791,FFF,2013B
130403,FFF,2013B
131272,FFF,2013B
134260,FFF,2013B
135075,FFF,2013B
139949,FFF,2013B
140866,FFF,2013B
140907,FFF,2013B
142339,FFF,2013B
144747,FFF,2013B
146455,FFF,2013B
146679,FFF,2013B
147168,FFF,2013B
149567,FFF,2013B
149680,FFF,2013B
149693,FFF,2013B
150763,FFF,2013B
151465,FFF,2013B
153110,FFF,2013B
153785,FFF,2013B
157308,FFF,2013B
160193,FFF,2013B
165617,FFF,2013B
165806,FFF,2013B
166421,FFF,2013B
167557,FFF,2013B
167759,FFF,2013B
169490,FFF,2013B
169555,FFF,2013B
170165,FFF,2013B
174436,FFF,2013B
174805,FFF,2013B
180974,FFF,2013B
181508,FFF,2013B
181992,FFF,2013B
184129,FFF,2013B
189720,FFF,2013B
190653,FFF,2013B
191998,FFF,2013B
193193,FFF,2013B
193803,FFF,2013B
193834,FFF,2013B
198257,FFF,2013B
199244,FFF,2013B
199446,FFF,2013B
200773,FFF,2013B
203050,FFF,2013B
203442,FFF,2013B
203707,FFF,2013B
228635,FFF,2013B
228703,FFF,2013B
230279,FFF,2013B
230684,FFF,2013B
232675,FFF,2013B
232764,FFF,2013B
234196,FFF,2013B
234609,FFF,2013B
234727,FFF,2013B
236844,FFF,2013B
237401,FFF,2013B
237953,FFF,2013B
238901,FFF,2013B
239540,FFF,2013B
239748,FFF,2013B
240024,FFF,2013B
241166,FFF,2013B
241700,FFF,2013B
243600,FFF,2013B
243657,FFF,2013B
244114,FFF,2013B
244816,FFF,2013B
244918,FFF,2013B
246112,FFF,2013B
247666,FFF,2013B
247856,FFF,2013B
247940,FFF,2013B
249362,FFF,2013B
249570,FFF,2013B
252041,FFF,2013B
252095,FFF,2013B
254044,FFF,2013B
254162,FFF,2013B
254325,FFF,2013B
254463,FFF,2013B
255344,FFF,2013B
261335,FFF,2013B
263697,FFF,2013B
265112,FFF,2013B
265855,FFF,2013B
266559,FFF,2013B
266858,FFF,2013B
267602,FFF,2013B
269243,FFF,2013B
269593,FFF,2013B
269677,FFF,2013B
271168,FFF,2013B
276314,FFF,2013B
276846,FFF,2013B
277044,FFF,2013B
277577,FFF,2013B
281651,FFF,2013B
281785,FFF,2013B
282879,FFF,2013B
283050,FFF,2013B
283055,FFF,2013B
283230,FFF,2013B
284395,FFF,2013B
285391,FFF,2013B
285996,FFF,2013B
286067,FFF,2013B
286422,FFF,2013B
290252,FFF,2013B
291159,FFF,2013B
291960,FFF,2013B
294679,FFF,2013B
296911,FFF,2013B
299237,FFF,2013B
300264,FFF,2013B
301298,FFF,2013B
302924,FFF,2013B
303288,FFF,2013B
303595,FFF,2013B
307689,FFF,2013B
308363,FFF,2013B
309048,FFF,2013B
311401,FFF,2013B
313975,FFF,2013B
314507,FFF,2013B
314548,FFF,2013B
315945,FFF,2013B
319563,FFF,2013B
319884,FFF,2013B
320251,FFF,2013B
320764,FFF,2013B
322985,FFF,2013B
323809,FFF,2013B
324305,FFF,2013B
324447,FFF,2013B
327650,FFF,2013B
328476,FFF,2013B
331104,FFF,2013B
331318,FFF,2013B
331883,FFF,2013B
333346,FFF,2013B
333832,FFF,2013B
334224,FFF,2013B
337189,FFF,2013B
338089,FFF,2013B
338373,FFF,2013B
340496,FFF,2013B
342125,FFF,2013B
342208,FFF,2013B
342475,FFF,2013B
343053,FFF,2013B
343913,FFF,2013B
345064,FFF,2013B
346853,FFF,2013B
347410,FFF,2013B
348159,FFF,2013B
348986,FFF,2013B
349359,FFF,2013B
349908,FFF,2013B
350660,FFF,2013B
351034,FFF,2013B
351378,FFF,2013B
351500,FFF,2013B
352152,FFF,2013B
353018,FFF,2013B
354171,FFF,2013B
354173,FFF,2013B
354992,FFF,2013B
355143,FFF,2013B
355663,FFF,2013B
355738,FFF,2013B
357219,FFF,2013B
357297,FFF,2013B
358808,FFF,2013B
359156,FFF,2013B
359640,FFF,2013B
359883,FFF,2013B
360024,FFF,2013B
360726,FFF,2013B
361837,FFF,2013B
362356,FFF,2013B
362668,FFF,2013B
366492,FFF,2013B
366649,FFF,2013B
366836,FFF,2013B
367696,FFF,2013B
368507,FFF,2013B
369811,FFF,2013B
370312,FFF,2013B
371169,FFF,2013B
371787,FFF,2013B
371810,FFF,2013B
373135,FFF,2013B
376109,FFF,2013B
377244,FFF,2013B
378884,FFF,2013B
378950,FFF,2013B
379234,FFF,2013B
379558,FFF,2013B
381365,FFF,2013B
383316,FFF,2013B
383388,FFF,2013B
383541,FFF,2013B
383558,FFF,2013B
383748,FFF,2013B
383946,FFF,2013B
384866,FFF,2013B
385578,FFF,2013B
385681,FFF,2013B
386985,FFF,2013B
387174,FFF,2013B
387447,FFF,2013B
387635,FFF,2013B
388323,FFF,2013B
389759,FFF,2013B
389773,FFF,2013B
390440,FFF,2013B
391630,FFF,2013B
391891,FFF,2013B
393918,FFF,2013B
393934,FFF,2013B
394937,FFF,2013B
395010,FFF,2013B
395367,FFF,2013B
395463,FFF,2013B
395588,FFF,2013B
396679,FFF,2013B
397297,FFF,2013B
398040,FFF,2013B
398118,FFF,2013B
398656,FFF,2013B
398862,FFF,2013B
400004,FFF,2013B
400010,FFF,2013B
400087,FFF,2013B
401812,FFF,2013B
403158,FFF,2013B
404147,FFF,2013B
404170,FFF,2013B
405219,FFF,2013B
405314,FFF,2013B
407371,FFF,2013B
407670,FFF,2013B
407681,FFF,2013B
407818,FFF,2013B
408372,FFF,2013B
408651,FFF,2013B
408753,FFF,2013B
408762,FFF,2013B
409663,FFF,2013B
410874,FFF,2013B
411013,FFF,2013B
411553,FFF,2013B
412025,FFF,2013B
412102,FFF,2013B
412263,FFF,2013B
412307,FFF,2013B
413705,FFF,2013B
414258,FFF,2013B
415988,FFF,2013B
416696,FFF,2013B
416725,FFF,2013B
418998,FFF,2013B
419228,FFF,2013B
419565,FFF,2013B
419791,FFF,2013B
419946,FFF,2013B
420096,FFF,2013B
420673,FFF,2013B
420720,FFF,2013B
422087,FFF,2013B
422280,FFF,2013B
422340,FFF,2013B
423601,FFF,2013B
423985,FFF,2013B
425748,FFF,2013B
425755,FFF,2013B
425997,FFF,2013B
426074,FFF,2013B
426465,FFF,2013B
427228,FFF,2013B
427348,FFF,2013B
428142,FFF,2013B
428932,FFF,2013B
428979,FFF,2013B
429162,FFF,2013B
430554,FFF,2013B
430870,FFF,2013B
431268,FFF,2013B
434298,FFF,2013B
434476,FFF,2013B
435043,FFF,2013B
437246,FFF,2013B
437432,FFF,2013B
437752,FFF,2013B
437872,FFF,2013B
438323,FFF,2013B
438452,FFF,2013B
440288,FFF,2013B
440825,FFF,2013B
440851,FFF,2013B
440911,FFF,2013B
441421,FFF,2013B
441954,FFF,2013B
442436,FFF,2013B
443696,FFF,2013B
443950,FFF,2013B
443989,FFF,2013B
446440,FFF,2013B
446825,FFF,2013B
464616,FFF,2013B
464755,FFF,2013B
464785,FFF,2013B
465175,FFF,2013B
466203,FFF,2013B
466599,FFF,2013B
466828,FFF,2013B
467416,FFF,2013B
467506,FFF,2013B
467700,FFF,2013B
467725,FFF,2013B
467854,FFF,2013B
468497,FFF,2013B
468908,FFF,2013B
469743,FFF,2013B
470786,FFF,2013B
471977,FFF,2013B
472602,FFF,2013B
472810,FFF,2013B
472981,FFF,2013B
473081,FFF,2013B
473102,FFF,2013B
473162,FFF,2013B
473789,FFF,2013B
474256,FFF,2013B
474677,FFF,2013B
475681,FFF,2013B
476194,FFF,2013B
476845,FFF,2013B
476946,FFF,2013B
477185,FFF,2013B
477812,FFF,2013B
478337,FFF,2013B
478432,FFF,2013B
478660,FFF,2013B
478685,FFF,2013B
479057,FFF,2013B
479356,FFF,2013B
479828,FFF,2013B
479860,FFF,2013B
479892,FFF,2013B
479922,FFF,2013B
480014,FFF,2013B
480181,FFF,2013B
480937,FFF,2013B
480960,FFF,2013B
480981,FFF,2013B
481227,FFF,2013B
481367,FFF,2013B
481453,FFF,2013B
482071,FFF,2013B
482264,FFF,2013B
482268,FFF,2013B
482275,FFF,2013B
482513,FFF,2013B
483117,FFF,2013B
483620,FFF,2013B
483743,FFF,2013B
483872,FFF,2013B
483997,FFF,2013B
484458,FFF,2013B
484556,FFF,2013B
484790,FFF,2013B
485412,FFF,2013B
485528,FFF,2013B
485544,FFF,2013B
486007,FFF,2013B
486145,FFF,2013B
487168,FFF,2013B
487271,FFF,2013B
488386,FFF,2013B
488675,FFF,2013B
488968,FFF,2013B
489443,FFF,2013B
490082,FFF,2013B
490156,FFF,2013B
490195,FFF,2013B
490284,FFF,2013B
490542,FFF,2013B
491011,FFF,2013B
491503,FFF,2013B
491636,FFF,2013B
492111,FFF,2013B
494164,FFF,2013B
494340,FFF,2013B
494443,FFF,2013B
494622,FFF,2013B
494866,FFF,2013B
494903,FFF,2013B
495318,FFF,2013B
495621,FFF,2013B
496470,FFF,2013B
496561,FFF,2013B
496657,FFF,2013B
496671,FFF,2013B
497102,FFF,2013B
497139,FFF,2013B
497180,FFF,2013B
497211,FFF,2013B
497855,FFF,2013B
497891,FFF,2013B
497897,FFF,2013B
498269,FFF,2013B
498554,FFF,2013B
498578,FFF,2013B
499244,FFF,2013B
499354,FFF,2013B
499372,FFF,2013B
499419,FFF,2013B
499993,FFF,2013B
500230,FFF,2013B
500652,FFF,2013B
501302,FFF,2013B
501411,FFF,2013B
501493,FFF,2013B
501755,FFF,2013B
501869,FFF,2013B
502361,FFF,2013B
502517,FFF,2013B
502900,FFF,2013B
502973,FFF,2013B
503134,FFF,2013B
503544,FFF,2013B
503668,FFF,2013B
504157,FFF,2013B
504162,FFF,2013B
504190,FFF,2013B
504200,FFF,2013B
504231,FFF,2013B
504243,FFF,2013B
504533,FFF,2013B
504737,FFF,2013B
504824,FFF,2013B
504956,FFF,2013B
505002,FFF,2013B
505199,FFF,2013B
505244,FFF,2013B
505315,FFF,2013B
505333,FFF,2013B
505488,FFF,2013B
505508,FFF,2013B
506321,FFF,2013B
506412,FFF,2013B
506930,FFF,2013B
507034,FFF,2013B
508068,FFF,2013B
508288,FFF,2013B
508572,FFF,2013B
508749,FFF,2013B
508830,FFF,2013B
509535,FFF,2013B
510027,FFF,2013B
510186,FFF,2013B
510335,FFF,2013B
510759,FFF,2013B
510883,FFF,2013B
511340,FFF,2013B
511762,FFF,2013B
511990,FFF,2013B
512305,FFF,2013B
512961,FFF,2013B
513172,FFF,2013B
513266,FFF,2013B
513268,FFF,2013B
513428,FFF,2013B
514096,FFF,2013B
514580,FFF,2013B
514605,FFF,2013B
514675,FFF,2013B
514756,FFF,2013B
514903,FFF,2013B
514913,FFF,2013B
514969,FFF,2013B
515070,FFF,2013B
515370,FFF,2013B
515844,FFF,2013B
515938,FFF,2013B
516435,FFF,2013B
516519,FFF,2013B
517062,FFF,2013B
517195,FFF,2013B
517349,FFF,2013B
517362,FFF,2013B
517486,FFF,2013B
517569,FFF,2013B
517850,FFF,2013B
518288,FFF,2013B
518385,FFF,2013B
518412,FFF,2013B
518831,FFF,2013B
519155,FFF,2013B
519510,FFF,2013B
519540,FFF,2013B
519600,FFF,2013B
519936,FFF,2013B
519969,FFF,2013B
520061,FFF,2013B
520073,FFF,2013B
520082,FFF,2013B
520097,FFF,2013B
520187,FFF,2013B
520360,FFF,2013B
520711,FFF,2013B
520857,FFF,2013B
522023,FFF,2013B
522433,FFF,2013B
522718,FFF,2013B
522850,FFF,2013B
522859,FFF,2013B
522923,FFF,2013B
523142,FFF,2013B
523335,FFF,2013B
523700,FFF,2013B
523833,FFF,2013B
523841,FFF,2013B
523940,FFF,2013B
524227,FFF,2013B
524361,FFF,2013B
524377,FFF,2013B
524431,FFF,2013B
524466,FFF,2013B
524984,FFF,2013B
525353,FFF,2013B
525412,FFF,2013B
525512,FFF,2013B
525624,FFF,2013B
525632,FFF,2013B
525700,FFF,2013B
526060,FFF,2013B
526356,FFF,2013B
526417,FFF,2013B
526527,FFF,2013B
526549,FFF,2013B
526551,FFF,2013B
526589,FFF,2013B
526761,FFF,2013B
526818,FFF,2013B
526819,FFF,2013B
526896,FFF,2013B
526980,FFF,2013B
527225,FFF,2013B
527505,FFF,2013B
527622,FFF,2013B
527685,FFF,2013B
527927,FFF,2013B
527991,FFF,2013B
528264,FFF,2013B
528270,FFF,2013B
528351,FFF,2013B
528424,FFF,2013B
528509,FFF,2013B
528517,FFF,2013B
528662,FFF,2013B
528734,FFF,2013B
528782,FFF,2013B
528879,FFF,2013B
528992,FFF,2013B
528996,FFF,2013B
529097,FFF,2013B
529240,FFF,2013B
529297,FFF,2013B
529366,FFF,2013B
529381,FFF,2013B
529412,FFF,2013B
529486,FFF,2013B
529493,FFF,2013B
529561,FFF,2013B
529565,FFF,2013B
529566,FFF,2013B
529567,FFF,2013B
529644,FFF,2013B
529689,FFF,2013B
529834,FFF,2013B
529864,FFF,2013B
529871,FFF,2013B
530057,FFF,2013B
530558,FFF,2013B
530567,FFF,2013B
530676,FFF,2013B
530736,FFF,2013B
530802,FFF,2013B
530852,FFF,2013B
530944,FFF,2013B
531077,FFF,2013B
531182,FFF,2013B
531190,FFF,2013B
531251,FFF,2013B
531270,FFF,2013B
531397,FFF,2013B
531448,FFF,2013B
531629,FFF,2013B
531667,FFF,2013B
531709,FFF,2013B
531791,FFF,2013B
531866,FFF,2013B
531894,FFF,2013B
531905,FFF,2013B
532049,FFF,2013B
532050,FFF,2013B
532062,FFF,2013B
532428,FFF,2013B
532436,FFF,2013B
532464,FFF,2013B
532476,FFF,2013B
532578,FFF,2013B
532579,FFF,2013B
532589,FFF,2013B
532608,FFF,2013B
532627,FFF,2013B
532703,FFF,2013B
532715,FFF,2013B
532968,FFF,2013B
533044,FFF,2013B
533134,FFF,2013B
533172,FFF,2013B
533198,FFF,2013B
533201,FFF,2013B
533321,FFF,2013B
533348,FFF,2013B
533458,FFF,2013B
533485,FFF,2013B
533535,FFF,2013B
533614,FFF,2013B
533709,FFF,2013B
533929,FFF,2013B
533944,FFF,2013B
533997,FFF,2013B
534014,FFF,2013B
534037,FFF,2013B
534064,FFF,2013B
534234,FFF,2013B
534431,FFF,2013B
534602,FFF,2013B
534750,FFF,2013B
534784,FFF,2013B
534792,FFF,2013B
534854,FFF,2013B
534856,FFF,2013B
534892,FFF,2013B
534913,FFF,2013B
534952,FFF,2013B
534958,FFF,2013B
534989,FFF,2013B
535037,FFF,2013B
535052,FFF,2013B
535228,FFF,2013B
535276,FFF,2013B
535390,FFF,2013B
535460,FFF,2013B
535628,FFF,2013B
535662,FFF,2013B
535761,FFF,2013B
535804,FFF,2013B
536038,FFF,2013B
536046,FFF,2013B
536103,FFF,2013B
536125,FFF,2013B
536147,FFF,2013B
536178,FFF,2013B
536214,FFF,2013B
536454,FFF,2013B
536503,FFF,2013B
536556,FFF,2013B
536593,FFF,2013B
536681,FFF,2013B
536698,FFF,2013B
536843,FFF,2013B
536906,FFF,2013B
536930,FFF,2013B
536950,FFF,2013B
537000,FFF,2013B
537133,FFF,2013B
537151,FFF,2013B
537335,FFF,2013B
537394,FFF,2013B
537515,FFF,2013B
537645,FFF,2013B
537656,FFF,2013B
537672,FFF,2013B
537683,FFF,2013B
537687,FFF,2013B
537955,FFF,2013B
537995,FFF,2013B
538051,FFF,2013B
538202,FFF,2013B
538916,FFF,2013B
538941,FFF,2013B
538949,FFF,2013B
539117,FFF,2013B
539332,FFF,2013B
539359,FFF,2013B
539401,FFF,2013B
539440,FFF,2013B
539514,FFF,2013B
539668,FFF,2013B
539759,FFF,2013B
539774,FFF,2013B
539886,FFF,2013B
539896,FFF,2013B
539922,FFF,2013B
539953,FFF,2013B
539963,FFF,2013B
539994,FFF,2013B
540147,FFF,2013B
540155,FFF,2013B
540160,FFF,2013B
540209,FFF,2013B
540549,FFF,2013B
540577,FFF,2013B
540637,FFF,2013B
540713,FFF,2013B
540727,FFF,2013B
540800,FFF,2013B
540801,FFF,2013B
540997,FFF,2013B
541101,FFF,2013B
541327,FFF,2013B
541349,FFF,2013B
541369,FFF,2013B
541521,FFF,2013B
541579,FFF,2013B
541753,FFF,2013B
541781,FFF,2013B
541923,FFF,2013B
541999,FFF,2013B
542003,FFF,2013B
542020,FFF,2013B
542062,FFF,2013B
542100,FFF,2013B
542356,FFF,2013B
542386,FFF,2013B
542506,FFF,2013B
542536,FFF,2013B
542550,FFF,2013B
542635,FFF,2013B
542646,FFF,2013B
542657,FFF,2013B
542987,FFF,2013B
543019,FFF,2013B
543095,FFF,2013B
543113,FFF,2013B
543155,FFF,2013B
543295,FFF,2013B
543384,FFF,2013B
543436,FFF,2013B
543447,FFF,2013B
543536,FFF,2013B
543599,FFF,2013B
543643,FFF,2013B
543785,FFF,2013B
543798,FFF,2013B
543818,FFF,2013B
544021,FFF,2013B
544055,FFF,2013B
544173,FFF,2013B
544195,FFF,2013B
544212,FFF,2013B
544249,FFF,2013B
544279,FFF,2013B
544313,FFF,2013B
544479,FFF,2013B
544530,FFF,2013B
544543,FFF,2013B
544697,FFF,2013B
544802,FFF,2013B
544847,FFF,2013B
544850,FFF,2013B
544880,FFF,2013B
544894,FFF,2013B
544930,FFF,2013B
544955,FFF,2013B
544963,FFF,2013B
544991,FFF,2013B
545048,FFF,2013B
545229,FFF,2013B
545379,FFF,2013B
545384,FFF,2013B
545485,FFF,2013B
545522,FFF,2013B
545565,FFF,2013B
545600,FFF,2013B
545604,FFF,2013B
545720,FFF,2013B
545751,FFF,2013B
545909,FFF,2013B
545918,FFF,2013B
545944,FFF,2013B
545951,FFF,2013B
546141,FFF,2013B
546164,FFF,2013B
546215,FFF,2013B
546243,FFF,2013B
546262,FFF,2013B
546329,FFF,2013B
546348,FFF,2013B
546396,FFF,2013B
546412,FFF,2013B
546431,FFF,2013B
546439,FFF,2013B
546464,FFF,2013B
546583,FFF,2013B
546780,FFF,2013B
546863,FFF,2013B
546912,FFF,2013B
546925,FFF,2013B
546932,FFF,2013B
547128,FFF,2013B
547228,FFF,2013B
547267,FFF,2013B
547302,FFF,2013B
547399,FFF,2013B
547534,FFF,2013B
547581,FFF,2013B
547609,FFF,2013B
547666,FFF,2013B
547667,FFF,2013B
547884,FFF,2013B
547953,FFF,2013B
548043,FFF,2013B
548057,FFF,2013B
548087,FFF,2013B
548095,FFF,2013B
548099,FFF,2013B
548219,FFF,2013B
548312,FFF,2013B
548331,FFF,2013B
548352,FFF,2013B
548459,FFF,2013B
548521,FFF,2013B
548547,FFF,2013B
548573,FFF,2013B
548741,FFF,2013B
548759,FFF,2013B
548764,FFF,2013B
548819,FFF,2013B
548857,FFF,2013B
548926,FFF,2013B
548938,FFF,2013B
548969,FFF,2013B
549014,FFF,2013B
549056,FFF,2013B
549065,FFF,2013B
549149,FFF,2013B
549239,FFF,2013B
549311,FFF,2013B
549343,FFF,2013B
549369,FFF,2013B
549370,FFF,2013B
549410,FFF,2013B
549420,FFF,2013B
549505,FFF,2013B
549513,FFF,2013B
549537,FFF,2013B
549596,FFF,2013B
549626,FFF,2013B
549670,FFF,2013B
549706,FFF,2013B
549751,FFF,2013B
549790,FFF,2013B
549792,FFF,2013B
549898,FFF,2013B
549904,FFF,2013B
550024,FFF,2013B
550123,FFF,2013B
550246,FFF,2013B
550272,FFF,2013B
550377,FFF,2013B
550470,FFF,2013B
550495,FFF,2013B
550617,FFF,2013B
550651,FFF,2013B
550736,FFF,2013B
550763,FFF,2013B
550787,FFF,2013B
550792,FFF,2013B
550797,FFF,2013B
550802,FFF,2013B
550813,FFF,2013B
550853,FFF,2013B
550866,FFF,2013B
550933,FFF,2013B
550961,FFF,2013B
551027,FFF,2013B
551052,FFF,2013B
551058,FFF,2013B
551061,FFF,2013B
551134,FFF,2013B
551156,FFF,2013B
551190,FFF,2013B
551212,FFF,2013B
551258,FFF,2013B
551287,FFF,2013B
551311,FFF,2013B
551397,FFF,2013B
551492,FFF,2013B
551528,FFF,2013B
551602,FFF,2013B
551688,FFF,2013B
551730,FFF,2013B
551764,FFF,2013B
551791,FFF,2013B
551805,FFF,2013B
552041,FFF,2013B
552142,FFF,2013B
552228,FFF,2013B
552320,FFF,2013B
552374,FFF,2013B
552395,FFF,2013B
552450,FFF,2013B
552560,FFF,2013B
552567,FFF,2013B
552580,FFF,2013B
552614,FFF,2013B
552648,FFF,2013B
552721,FFF,2013B
552740,FFF,2013B
552987,FFF,2013B
553017,FFF,2013B
553100,FFF,2013B
553104,FFF,2013B
553131,FFF,2013B
553155,FFF,2013B
553325,FFF,2013B
553425,FFF,2013B
553500,FFF,2013B
553528,FFF,2013B
553649,FFF,2013B
553655,FFF,2013B
553727,FFF,2013B
553781,FFF,2013B
553813,FFF,2013B
553831,FFF,2013B
553878,FFF,2013B
553963,FFF,2013B
554038,FFF,2013B
554044,FFF,2013B
554045,FFF,2013B
554152,FFF,2013B
554236,FFF,2013B
554256,FFF,2013B
554289,FFF,2013B
554365,FFF,2013B
554372,FFF,2013B
554476,FFF,2013B
554558,FFF,2013B
554592,FFF,2013B
554664,FFF,2013B
554748,FFF,2013B
554813,FFF,2013B
554888,FFF,2013B
554908,FFF,2013B
554919,FFF,2013B
554923,FFF,2013B
555110,FFF,2013B
555144,FFF,2013B
555168,FFF,2013B
555178,FFF,2013B
555250,FFF,2013B
555349,FFF,2013B
555503,FFF,2013B
555539,FFF,2013B
555609,FFF,2013B
555653,FFF,2013B
555709,FFF,2013B
555786,FFF,2013B
556004,FFF,2013B
556121,FFF,2013B
556126,FFF,2013B
556134,FFF,2013B
556153,FFF,2013B
556203,FFF,2013B
556251,FFF,2013B
556351,FFF,2013B
556391,FFF,2013B
556404,FFF,2013B
556408,FFF,2013B
556429,FFF,2013B
556440,FFF,2013B
556489,FFF,2013B
556492,FFF,2013B
556498,FFF,2013B
556567,FFF,2013B
556659,FFF,2013B
556783,FFF,2013B
556880,FFF,2013B
556911,FFF,2013B
556924,FFF,2013B
556927,FFF,2013B
556931,FFF,2013B
556945,FFF,2013B
556970,FFF,2013B
557053,FFF,2013B
557089,FFF,2013B
557129,FFF,2013B
557314,FFF,2013B
557345,FFF,2013B
557388,FFF,2013B
557445,FFF,2013B
557469,FFF,2013B
557586,FFF,2013B
557588,FFF,2013B
557710,FFF,2013B
557735,FFF,2013B
557773,FFF,2013B
557787,FFF,2013B
557792,FFF,2013B
557840,FFF,2013B
557877,FFF,2013B
557891,FFF,2013B
557908,FFF,2013B
558098,FFF,2013B
558208,FFF,2013B
558244,FFF,2013B
558262,FFF,2013B
558280,FFF,2013B
558354,FFF,2013B
558489,FFF,2013B
558503,FFF,2013B
558558,FFF,2013B
558597,FFF,2013B
558628,FFF,2013B
558692,FFF,2013B
558760,FFF,2013B
558772,FFF,2013B
558776,FFF,2013B
558801,FFF,2013B
558807,FFF,2013B
558851,FFF,2013B
558854,FFF,2013B
558907,FFF,2013B
558957,FFF,2013B
558963,FFF,2013B
559019,FFF,2013B
559058,FFF,2013B
559155,FFF,2013B
559325,FFF,2013B
559335,FFF,2013B
559405,FFF,2013B
559440,FFF,2013B
559449,FFF,2013B
559451,FFF,2013B
559454,FFF,2013B
559496,FFF,2013B
559589,FFF,2013B
559609,FFF,2013B
559642,FFF,2013B
559688,FFF,2013B
559760,FFF,2013B
559768,FFF,2013B
559770,FFF,2013B
559856,FFF,2013B
559991,FFF,2013B
560010,FFF,2013B
560022,FFF,2013B
560046,FFF,2013B
560067,FFF,2013B
560072,FFF,2013B
560182,FFF,2013B
560197,FFF,2013B
560199,FFF,2013B
560207,FFF,2013B
560425,FFF,2013B
560431,FFF,2013B
560443,FFF,2013B
560459,FFF,2013B
560496,FFF,2013B
928248,FFF,2013B
988019,FFF,2013B
999174,FFF,2013B
1026777,FFF,2013B
1034674,FFF,2013B
1054876,FFF,2013B
1073767,FFF,2013B
1090738,FFF,2013B
1097354,FFF,2013B
1337055,FFF,2013B
1347198,FFF,2013B
1397662,FFF,2013B
1411562,FFF,2013B
1436558,FFF,2013B
1440072,FFF,2013B
1444520,FFF,2013B
1500410,FFF,2013B
1510285,FFF,2013B
1531287,FFF,2013B
1532840,FFF,2013B
1536138,FFF,2013B
1554143,FFF,2013B
1562320,FFF,2013B
1614181,FFF,2013B
1651020,FFF,2013B
1668504,FFF,2013B
1699445,FFF,2013B
1720712,FFF,2013B
1742834,FFF,2013B
1761013,FFF,2013B
1784775,FFF,2013B
1788974,FFF,2013B
1809578,FFF,2013B
1813486,FFF,2013B
1813664,FFF,2013B
1821249,FFF,2013B
1824428,FFF,2013B
1833107,FFF,2013B
1836988,FFF,2013B
1839012,FFF,2013B
1839785,FFF,2013B
1844150,FFF,2013B
1846751,FFF,2013B
1855249,FFF,2013B
1861445,FFF,2013B
1867563,FFF,2013B
1870830,FFF,2013B
1874403,FFF,2013B
1882255,FFF,2013B
1896915,FFF,2013B
1904916,FFF,2013B
1905259,FFF,2013B
1907755,FFF,2013B
1913435,FFF,2013B
1917796,FFF,2013B
1919940,FFF,2013B
1930949,FFF,2013B
1934810,FFF,2013B
1936679,FFF,2013B
1936935,FFF,2013B
1966591,FFF,2013B
1974271,FFF,2013B
1990127,FFF,2013B
1997164,FFF,2013B
2001665,FFF,2013B
2012900,FFF,2013B
2034533,FFF,2013B
2045440,FFF,2013B
2045818,FFF,2013B
2051035,FFF,2013B
2054019,FFF,2013B
2057105,FFF,2013B
2060467,FFF,2013B
2068918,FFF,2013B
2090053,FFF,2013B
2102658,FFF,2013B
2139037,FFF,2013B
2141085,FFF,2013B
2142853,FFF,2013B
2143065,FFF,2013B
2156733,FFF,2013B
2158399,FFF,2013B
2189002,FFF,2013B
2195318,FFF,2013B
2197511,FFF,2013B
2231810,FFF,2013B
2245011,FFF,2013B
2252905,FFF,2013B
2254252,FFF,2013B
2272874,FFF,2013B
2281483,FFF,2013B
2288454,FFF,2013B
2288493,FFF,2013B
2327494,FFF,2013B
2338255,FFF,2013B
2338422,FFF,2013B
2341415,FFF,2013B
2343293,FFF,2013B
2346679,FFF,2013B
2348120,FFF,2013B
2354732,FFF,2013B
2362169,FFF,2013B
2364565,FFF,2013B
2367887,FFF,2013B
2381745,FFF,2013B
2383921,FFF,2013B
2387054,FFF,2013B
2389267,FFF,2013B
2392327,FFF,2013B
2395804,FFF,2013B
2413191,FFF,2013B
2419926,FFF,2013B
2434017,FFF,2013B
2436873,FFF,2013B
2439239,FFF,2013B
2441910,FFF,2013B
2445410,FFF,2013B
2446784,FFF,2013B
2457147,FFF,2013B
2474925,FFF,2013B
2479413,FFF,2013B
2488251,FFF,2013B
2496748,FFF,2013B
2507271,FFF,2013B
2508403,FFF,2013B
2510667,FFF,2013B
2514431,FFF,2013B
2514949,FFF,2013B
2521655,FFF,2013B
2522335,FFF,2013B
2525062,FFF,2013B
2532320,FFF,2013B
2532652,FFF,2013B
2533504,FFF,2013B
2546095,FFF,2013B
2552831,FFF,2013B
2553363,FFF,2013B
2560595,FFF,2013B
2567054,FFF,2013B
2567561,FFF,2013B
2568893,FFF,2013B
2581800,FFF,2013B
2590999,FFF,2013B
2599162,FFF,2013B
2600887,FFF,2013B
2604212,FFF,2013B
2610837,FFF,2013B
2613930,FFF,2013B
2617541,FFF,2013B
2623196,FFF,2013B
2623427,FFF,2013B
2628246,FFF,2013B
2639410,FFF,2013B
2642994,FFF,2013B
2643574,FFF,2013B
2644664,FFF,2013B
2646317,FFF,2013B
2647043,FFF,2013B
2650929,FFF,2013B
2654409,FFF,2013B
2657781,FFF,2013B
2658271,FFF,2013B
2672734,FFF,2013B
2676920,FFF,2013B
2678429,FFF,2013B
2685154,FFF,2013B
2686074,FFF,2013B
2687045,FFF,2013B
2688202,FFF,2013B
2691740,FFF,2013B
26247,FFF,2013J
29335,FFF,2013J
32221,FFF,2013J
33600,FFF,2013J
34731,FFF,2013J
39882,FFF,2013J
43958,FFF,2013J
49670,FFF,2013J
50487,FFF,2013J
51485,FFF,2013J
51576,FFF,2013J
53166,FFF,2013J
53626,FFF,2013J
54739,FFF,2013J
54882,FFF,2013J
55013,FFF,2013J
55419,FFF,2013J
58077,FFF,2013J
58640,FFF,2013J
63295,FFF,2013J
64388,FFF,2013J
66451,FFF,2013J
69346,FFF,2013J
70495,FFF,2013J
71252,FFF,2013J
71897,FFF,2013J
77744,FFF,2013J
77746,FFF,2013J
79261,FFF,2013J
81536,FFF,2013J
86669,FFF,2013J
88781,FFF,2013J
90901,FFF,2013J
91629,FFF,2013J
100064,FFF,2013J
100788,FFF,2013J
101420,FFF,2013J
102028,FFF,2013J
102343,FFF,2013J
104213,FFF,2013J
106690,FFF,2013J
107028,FFF,2013J
107084,FFF,2013J
110881,FFF,2013J
111678,FFF,2013J
112010,FFF,2013J
113487,FFF,2013J
114500,FFF,2013J
116290,FFF,2013J
116499,FFF,2013J
116529,FFF,2013J
116631,FFF,2013J
116808,FFF,2013J
117232,FFF,2013J
118050,FFF,2013J
118176,FFF,2013J
124379,FFF,2013J
126074,FFF,2013J
127642,FFF,2013J
130658,FFF,2013J
132453,FFF,2013J
133019,FFF,2013J
133718,FFF,2013J
134847,FFF,2013J
136894,FFF,2013J
137903,FFF,2013J
139190,FFF,2013J
139701,FFF,2013J
141648,FFF,2013J
144562,FFF,2013J
144959,FFF,2013J
146738,FFF,2013J
148328,FFF,2013J
148931,FFF,2013J
150121,FFF,2013J
152037,FFF,2013J
152587,FFF,2013J
152887,FFF,2013J
154059,FFF,2013J
155298,FFF,2013J
156171,FFF,2013J
156755,FFF,2013J
160310,FFF,2013J
160720,FFF,2013J
160934,FFF,2013J
163120,FFF,2013J
168229,FFF,2013J
169908,FFF,2013J
170030,FFF,2013J
170943,FFF,2013J
171304,FFF,2013J
171549,FFF,2013J
171692,FFF,2013J
173412,FFF,2013J
175453,FFF,2013J
177568,FFF,2013J
178258,FFF,2013J
180974,FFF,2013J
184473,FFF,2013J
184925,FFF,2013J
198691,FFF,2013J
202713,FFF,2013J
206342,FFF,2013J
206599,FFF,2013J
227254,FFF,2013J
228695,FFF,2013J
229191,FFF,2013J
229417,FFF,2013J
231024,FFF,2013J
231320,FFF,2013J
232347,FFF,2013J
232764,FFF,2013J
232856,FFF,2013J
233087,FFF,2013J
234004,FFF,2013J
234068,FFF,2013J
235131,FFF,2013J
235670,FFF,2013J
235706,FFF,2013J
236150,FFF,2013J
237387,FFF,2013J
238150,FFF,2013J
241039,FFF,2013J
241792,FFF,2013J
242491,FFF,2013J
243351,FFF,2013J
243396,FFF,2013J
244205,FFF,2013J
249750,FFF,2013J
251405,FFF,2013J
251965,FFF,2013J
253516,FFF,2013J
254446,FFF,2013J
255310,FFF,2013J
256905,FFF,2013J
257887,FFF,2013J
257970,FFF,2013J
259609,FFF,2013J
261525,FFF,2013J
262403,FFF,2013J
264164,FFF,2013J
264924,FFF,2013J
265268,FFF,2013J
265978,FFF,2013J
268153,FFF,2013J
268343,FFF,2013J
269245,FFF,2013J
269508,FFF,2013J
271274,FFF,2013J
271702,FFF,2013J
274443,FFF,2013J
276808,FFF,2013J
278955,FFF,2013J
279750,FFF,2013J
281638,FFF,2013J
282385,FFF,2013J
282975,FFF,2013J
284036,FFF,2013J
284395,FFF,2013J
284742,FFF,2013J
286442,FFF,2013J
287079,FFF,2013J
289826,FFF,2013J
291237,FFF,2013J
291516,FFF,2013J
291745,FFF,2013J
293317,FFF,2013J
295255,FFF,2013J
296100,FFF,2013J
301128,FFF,2013J
302071,FFF,2013J
302566,FFF,2013J
303937,FFF,2013J
304240,FFF,2013J
305858,FFF,2013J
307676,FFF,2013J
310899,FFF,2013J
311151,FFF,2013J
313700,FFF,2013J
315808,FFF,2013J
316061,FFF,2013J
316098,FFF,2013J
316541,FFF,2013J
318627,FFF,2013J
319578,FFF,2013J
321486,FFF,2013J
321969,FFF,2013J
323480,FFF,2013J
323984,FFF,2013J
324331,FFF,2013J
324672,FFF,2013J
325368,FFF,2013J
325750,FFF,2013J
329655,FFF,2013J
330192,FFF,2013J
330347,FFF,2013J
330669,FFF,2013J
330723,FFF,2013J
331039,FFF,2013J
331417,FFF,2013J
333710,FFF,2013J
335476,FFF,2013J
335562,FFF,2013J
335582,FFF,2013J
335644,FFF,2013J
335726,FFF,2013J
338536,FFF,2013J
338806,FFF,2013J
338975,FFF,2013J
339624,FFF,2013J
340751,FFF,2013J
341096,FFF,2013J
341470,FFF,2013J
341839,FFF,2013J
342155,FFF,2013J
342208,FFF,2013J
343419,FFF,2013J
343658,FFF,2013J
343828,FFF,2013J
344787,FFF,2013J
347484,FFF,2013J
347809,FFF,2013J
348717,FFF,2013J
348783,FFF,2013J
349219,FFF,2013J
349247,FFF,2013J
351170,FFF,2013J
351505,FFF,2013J
353790,FFF,2013J
354550,FFF,2013J
355293,FFF,2013J
355335,FFF,2013J
356397,FFF,2013J
357851,FFF,2013J
359149,FFF,2013J
360581,FFF,2013J
360747,FFF,2013J
360986,FFF,2013J
361837,FFF,2013J
363273,FFF,2013J
363738,FFF,2013J
364790,FFF,2013J
364974,FFF,2013J
367510,FFF,2013J
368935,FFF,2013J
369826,FFF,2013J
370934,FFF,2013J
371133,FFF,2013J
371247,FFF,2013J
371869,FFF,2013J
372262,FFF,2013J
372619,FFF,2013J
379070,FFF,2013J
379843,FFF,2013J
380161,FFF,2013J
380435,FFF,2013J
380710,FFF,2013J
381058,FFF,2013J
381365,FFF,2013J
382125,FFF,2013J
382156,FFF,2013J
382738,FFF,2013J
384227,FFF,2013J
385033,FFF,2013J
385195,FFF,2013J
385209,FFF,2013J
387507,FFF,2013J
387941,FFF,2013J
388754,FFF,2013J
391187,FFF,2013J
392210,FFF,2013J
392427,FFF,2013J
392692,FFF,2013J
393526,FFF,2013J
393698,FFF,2013J
393827,FFF,2013J
394239,FFF,2013J
395107,FFF,2013J
395373,FFF,2013J
396502,FFF,2013J
397292,FFF,2013J
397470,FFF,2013J
397506,FFF,2013J
399863,FFF,2013J
400145,FFF,2013J
400266,FFF,2013J
401866,FFF,2013J
402458,FFF,2013J
402662,FFF,2013J
405314,FFF,2013J
406254,FFF,2013J
409040,FFF,2013J
409276,FFF,2013J
410666,FFF,2013J
410838,FFF,2013J
411939,FFF,2013J
412697,FFF,2013J
413137,FFF,2013J
413259,FFF,2013J
413747,FFF,2013J
413950,FFF,2013J
415724,FFF,2013J
416304,FFF,2013J
416426,FFF,2013J
416696,FFF,2013J
417135,FFF,2013J
417414,FFF,2013J
417663,FFF,2013J
418007,FFF,2013J
418340,FFF,2013J
419024,FFF,2013J
419565,FFF,2013J
419990,FFF,2013J
420867,FFF,2013J
421070,FFF,2013J
424171,FFF,2013J
425218,FFF,2013J
426137,FFF,2013J
426768,FFF,2013J
429194,FFF,2013J
429832,FFF,2013J
432474,FFF,2013J
432592,FFF,2013J
432703,FFF,2013J
434617,FFF,2013J
436044,FFF,2013J
438063,FFF,2013J
438313,FFF,2013J
438644,FFF,2013J
439053,FFF,2013J
439203,FFF,2013J
440851,FFF,2013J
441606,FFF,2013J
442432,FFF,2013J
442670,FFF,2013J
443300,FFF,2013J
443753,FFF,2013J
443954,FFF,2013J
444619,FFF,2013J
444697,FFF,2013J
444856,FFF,2013J
445410,FFF,2013J
445728,FFF,2013J
446746,FFF,2013J
447374,FFF,2013J
464522,FFF,2013J
464616,FFF,2013J
464981,FFF,2013J
465009,FFF,2013J
465900,FFF,2013J
467243,FFF,2013J
467291,FFF,2013J
467504,FFF,2013J
467524,FFF,2013J
467685,FFF,2013J
467901,FFF,2013J
468947,FFF,2013J
470461,FFF,2013J
470870,FFF,2013J
471973,FFF,2013J
473081,FFF,2013J
473491,FFF,2013J
474126,FFF,2013J
474949,FFF,2013J
475253,FFF,2013J
475699,FFF,2013J
476520,FFF,2013J
478583,FFF,2013J
479828,FFF,2013J
480025,FFF,2013J
480910,FFF,2013J
481092,FFF,2013J
481314,FFF,2013J
482554,FFF,2013J
482580,FFF,2013J
483724,FFF,2013J
484125,FFF,2013J
484312,FFF,2013J
484574,FFF,2013J
485671,FFF,2013J
486473,FFF,2013J
486551,FFF,2013J
488136,FFF,2013J
488324,FFF,2013J
488394,FFF,2013J
489087,FFF,2013J
489146,FFF,2013J
490449,FFF,2013J
490505,FFF,2013J
491011,FFF,2013J
491606,FFF,2013J
491688,FFF,2013J
491756,FFF,2013J
492557,FFF,2013J
492851,FFF,2013J
493067,FFF,2013J
494046,FFF,2013J
494143,FFF,2013J
494191,FFF,2013J
494335,FFF,2013J
494414,FFF,2013J
494495,FFF,2013J
494975,FFF,2013J
495948,FFF,2013J
496801,FFF,2013J
496981,FFF,2013J
497349,FFF,2013J
499386,FFF,2013J
499564,FFF,2013J
499768,FFF,2013J
500099,FFF,2013J
500137,FFF,2013J
501336,FFF,2013J
501425,FFF,2013J
501922,FFF,2013J
502249,FFF,2013J
502361,FFF,2013J
502517,FFF,2013J
502696,FFF,2013J
502779,FFF,2013J
503352,FFF,2013J
503401,FFF,2013J
503684,FFF,2013J
504076,FFF,2013J
504105,FFF,2013J
504300,FFF,2013J
504321,FFF,2013J
504700,FFF,2013J
504834,FFF,2013J
504899,FFF,2013J
504956,FFF,2013J
505153,FFF,2013J
505410,FFF,2013J
506289,FFF,2013J
506309,FFF,2013J
506498,FFF,2013J
506550,FFF,2013J
506783,FFF,2013J
507010,FFF,2013J
507084,FFF,2013J
507941,FFF,2013J
508059,FFF,2013J
508210,FFF,2013J
508232,FFF,2013J
508274,FFF,2013J
508326,FFF,2013J
508388,FFF,2013J
508469,FFF,2013J
508627,FFF,2013J
508804,FFF,2013J
508942,FFF,2013J
509940,FFF,2013J
511432,FFF,2013J
512123,FFF,2013J
512335,FFF,2013J
512725,FFF,2013J
512859,FFF,2013J
513796,FFF,2013J
514558,FFF,2013J
514913,FFF,2013J
515285,FFF,2013J
515536,FFF,2013J
515574,FFF,2013J
515833,FFF,2013J
515857,FFF,2013J
515859,FFF,2013J
515888,FFF,2013J
516095,FFF,2013J
516620,FFF,2013J
516770,FFF,2013J
517349,FFF,2013J
517481,FFF,2013J
517731,FFF,2013J
518544,FFF,2013J
518937,FFF,2013J
520061,FFF,2013J
520249,FFF,2013J
521329,FFF,2013J
521788,FFF,2013J
522007,FFF,2013J
522082,FFF,2013J
522257,FFF,2013J
522428,FFF,2013J
523599,FFF,2013J
523680,FFF,2013J
523971,FFF,2013J
524379,FFF,2013J
524384,FFF,2013J
524407,FFF,2013J
524845,FFF,2013J
524938,FFF,2013J
524996,FFF,2013J
525694,FFF,2013J
525781,FFF,2013J
526601,FFF,2013J
526948,FFF,2013J
527148,FFF,2013J
527494,FFF,2013J
527619,FFF,2013J
527713,FFF,2013J
527775,FFF,2013J
528506,FFF,2013J
528559,FFF,2013J
529197,FFF,2013J
529201,FFF,2013J
529211,FFF,2013J
529309,FFF,2013J
529490,FFF,2013J
529723,FFF,2013J
529862,FFF,2013J
530043,FFF,2013J
530159,FFF,2013J
530852,FFF,2013J
530940,FFF,2013J
531344,FFF,2013J
532121,FFF,2013J
532741,FFF,2013J
533523,FFF,2013J
535131,FFF,2013J
535529,FFF,2013J
535671,FFF,2013J
536103,FFF,2013J
536331,FFF,2013J
536711,FFF,2013J
537133,FFF,2013J
537328,FFF,2013J
537942,FFF,2013J
539945,FFF,2013J
540503,FFF,2013J
540637,FFF,2013J
541768,FFF,2013J
541783,FFF,2013J
542550,FFF,2013J
543607,FFF,2013J
543953,FFF,2013J
544021,FFF,2013J
544092,FFF,2013J
544155,FFF,2013J
544289,FFF,2013J
544745,FFF,2013J
545119,FFF,2013J
545944,FFF,2013J
546065,FFF,2013J
546480,FFF,2013J
546547,FFF,2013J
546643,FFF,2013J
547154,FFF,2013J
547393,FFF,2013J
547442,FFF,2013J
547593,FFF,2013J
547773,FFF,2013J
548080,FFF,2013J
548508,FFF,2013J
548547,FFF,2013J
548666,FFF,2013J
548693,FFF,2013J
548722,FFF,2013J
549300,FFF,2013J
549397,FFF,2013J
549523,FFF,2013J
549648,FFF,2013J
550359,FFF,2013J
550477,FFF,2013J
551245,FFF,2013J
551299,FFF,2013J
551354,FFF,2013J
551373,FFF,2013J
551399,FFF,2013J
551500,FFF,2013J
551557,FFF,2013J
551745,FFF,2013J
552104,FFF,2013J
553187,FFF,2013J
553283,FFF,2013J
553364,FFF,2013J
553427,FFF,2013J
554257,FFF,2013J
554276,FFF,2013J
554470,FFF,2013J
554846,FFF,2013J
555440,FFF,2013J
555498,FFF,2013J
555691,FFF,2013J
555786,FFF,2013J
555855,FFF,2013J
555895,FFF,2013J
556275,FFF,2013J
556492,FFF,2013J
556639,FFF,2013J
557012,FFF,2013J
557020,FFF,2013J
557040,FFF,2013J
557054,FFF,2013J
557232,FFF,2013J
557385,FFF,2013J
557395,FFF,2013J
557481,FFF,2013J
557545,FFF,2013J
557655,FFF,2013J
557661,FFF,2013J
557735,FFF,2013J
558205,FFF,2013J
558301,FFF,2013J
558309,FFF,2013J
558345,FFF,2013J
558635,FFF,2013J
558909,FFF,2013J
558970,FFF,2013J
559067,FFF,2013J
559428,FFF,2013J
559599,FFF,2013J
559813,FFF,2013J
559902,FFF,2013J
559979,FFF,2013J
560329,FFF,2013J
560401,FFF,2013J
560496,FFF,2013J
560659,FFF,2013J
560670,FFF,2013J
560703,FFF,2013J
560727,FFF,2013J
560772,FFF,2013J
560934,FFF,2013J
560946,FFF,2013J
560949,FFF,2013J
561068,FFF,2013J
561268,FFF,2013J
561386,FFF,2013J
561542,FFF,2013J
561714,FFF,2013J
561867,FFF,2013J
561868,FFF,2013J
561873,FFF,2013J
561874,FFF,2013J
561878,FFF,2013J
561879,FFF,2013J
561889,FFF,2013J
561929,FFF,2013J
561930,FFF,2013J
561976,FFF,2013J
562377,FFF,2013J
562428,FFF,2013J
562460,FFF,2013J
562763,FFF,2013J
562920,FFF,2013J
563014,FFF,2013J
563019,FFF,2013J
563020,FFF,2013J
563051,FFF,2013J
563196,FFF,2013J
563239,FFF,2013J
563299,FFF,2013J
563430,FFF,2013J
563636,FFF,2013J
563742,FFF,2013J
563783,FFF,2013J
563787,FFF,2013J
564119,FFF,2013J
564262,FFF,2013J
564702,FFF,2013J
564770,FFF,2013J
564821,FFF,2013J
565469,FFF,2013J
565587,FFF,2013J
565608,FFF,2013J
565653,FFF,2013J
565698,FFF,2013J
565849,FFF,2013J
565990,FFF,2013J
565997,FFF,2013J
566009,FFF,2013J
566172,FFF,2013J
566270,FFF,2013J
566465,FFF,2013J
566817,FFF,2013J
566823,FFF,2013J
566863,FFF,2013J
567165,FFF,2013J
567222,FFF,2013J
567223,FFF,2013J
567676,FFF,2013J
567880,FFF,2013J
567888,FFF,2013J
567901,FFF,2013J
568084,FFF,2013J
568132,FFF,2013J
568153,FFF,2013J
568184,FFF,2013J
568204,FFF,2013J
568207,FFF,2013J
568234,FFF,2013J
568333,FFF,2013J
568381,FFF,2013J
568444,FFF,2013J
568450,FFF,2013J
568551,FFF,2013J
568592,FFF,2013J
568602,FFF,2013J
568644,FFF,2013J
568763,FFF,2013J
568774,FFF,2013J
568857,FFF,2013J
568910,FFF,2013J
568987,FFF,2013J
568998,FFF,2013J
569016,FFF,2013J
569070,FFF,2013J
569107,FFF,2013J
569132,FFF,2013J
569167,FFF,2013J
569474,FFF,2013J
569507,FFF,2013J
569566,FFF,2013J
569609,FFF,2013J
569625,FFF,2013J
569712,FFF,2013J
569807,FFF,2013J
569994,FFF,2013J
570213,FFF,2013J
570280,FFF,2013J
570428,FFF,2013J
570455,FFF,2013J
570517,FFF,2013J
570550,FFF,2013J
570689,FFF,2013J
570732,FFF,2013J
570807,FFF,2013J
570878,FFF,2013J
570978,FFF,2013J
571019,FFF,2013J
571044,FFF,2013J
571079,FFF,2013J
571117,FFF,2013J
571355,FFF,2013J
571363,FFF,2013J
571490,FFF,2013J
571575,FFF,2013J
571612,FFF,2013J
571622,FFF,2013J
571630,FFF,2013J
571650,FFF,2013J
571702,FFF,2013J
571757,FFF,2013J
571800,FFF,2013J
571802,FFF,2013J
571828,FFF,2013J
571831,FFF,2013J
571844,FFF,2013J
571859,FFF,2013J
571862,FFF,2013J
571893,FFF,2013J
571926,FFF,2013J
571927,FFF,2013J
571935,FFF,2013J
571973,FFF,2013J
571994,FFF,2013J
572003,FFF,2013J
572047,FFF,2013J
572116,FFF,2013J
572124,FFF,2013J
572179,FFF,2013J
572209,FFF,2013J
572265,FFF,2013J
572274,FFF,2013J
572346,FFF,2013J
572397,FFF,2013J
572410,FFF,2013J
572493,FFF,2013J
572505,FFF,2013J
572532,FFF,2013J
572554,FFF,2013J
572584,FFF,2013J
572589,FFF,2013J
572634,FFF,2013J
572702,FFF,2013J
572718,FFF,2013J
572769,FFF,2013J
572783,FFF,2013J
572816,FFF,2013J
572860,FFF,2013J
572871,FFF,2013J
572981,FFF,2013J
573093,FFF,2013J
573150,FFF,2013J
573152,FFF,2013J
573166,FFF,2013J
573173,FFF,2013J
573199,FFF,2013J
573224,FFF,2013J
573245,FFF,2013J
573280,FFF,2013J
573291,FFF,2013J
573317,FFF,2013J
573434,FFF,2013J
573467,FFF,2013J
573481,FFF,2013J
573639,FFF,2013J
573674,FFF,2013J
573696,FFF,2013J
573697,FFF,2013J
573704,FFF,2013J
573766,FFF,2013J
573860,FFF,2013J
573900,FFF,2013J
573922,FFF,2013J
573951,FFF,2013J
574056,FFF,2013J
574070,FFF,2013J
574078,FFF,2013J
574232,FFF,2013J
574245,FFF,2013J
574282,FFF,2013J
574315,FFF,2013J
574382,FFF,2013J
574470,FFF,2013J
574534,FFF,2013J
574551,FFF,2013J
574570,FFF,2013J
574664,FFF,2013J
574695,FFF,2013J
574722,FFF,2013J
574737,FFF,2013J
574815,FFF,2013J
574820,FFF,2013J
574845,FFF,2013J
574856,FFF,2013J
574871,FFF,2013J
574874,FFF,2013J
574955,FFF,2013J
575003,FFF,2013J
575019,FFF,2013J
575186,FFF,2013J
575265,FFF,2013J
575372,FFF,2013J
575459,FFF,2013J
575512,FFF,2013J
575533,FFF,2013J
575655,FFF,2013J
575797,FFF,2013J
575822,FFF,2013J
575875,FFF,2013J
575919,FFF,2013J
575956,FFF,2013J
576032,FFF,2013J
576088,FFF,2013J
576097,FFF,2013J
576107,FFF,2013J
576205,FFF,2013J
576229,FFF,2013J
576281,FFF,2013J
576390,FFF,2013J
576417,FFF,2013J
576423,FFF,2013J
576431,FFF,2013J
576433,FFF,2013J
576466,FFF,2013J
576518,FFF,2013J
576568,FFF,2013J
576670,FFF,2013J
576672,FFF,2013J
576681,FFF,2013J
576704,FFF,2013J
576780,FFF,2013J
576789,FFF,2013J
576813,FFF,2013J
576856,FFF,2013J
576888,FFF,2013J
576921,FFF,2013J
576972,FFF,2013J
577042,FFF,2013J
577371,FFF,2013J
577389,FFF,2013J
577404,FFF,2013J
577533,FFF,2013J
577605,FFF,2013J
577607,FFF,2013J
577673,FFF,2013J
577688,FFF,2013J
577721,FFF,2013J
577763,FFF,2013J
577764,FFF,2013J
577797,FFF,2013J
577867,FFF,2013J
577922,FFF,2013J
577959,FFF,2013J
577999,FFF,2013J
578050,FFF,2013J
578152,FFF,2013J
578199,FFF,2013J
578258,FFF,2013J
578276,FFF,2013J
578281,FFF,2013J
578497,FFF,2013J
578561,FFF,2013J
578599,FFF,2013J
578649,FFF,2013J
578744,FFF,2013J
579038,FFF,2013J
579064,FFF,2013J
579069,FFF,2013J
579115,FFF,2013J
579176,FFF,2013J
579354,FFF,2013J
579361,FFF,2013J
579415,FFF,2013J
579416,FFF,2013J
579482,FFF,2013J
579506,FFF,2013J
579526,FFF,2013J
579557,FFF,2013J
579737,FFF,2013J
580317,FFF,2013J
580342,FFF,2013J
580358,FFF,2013J
580380,FFF,2013J
580484,FFF,2013J
580533,FFF,2013J
580555,FFF,2013J
580657,FFF,2013J
580658,FFF,2013J
580702,FFF,2013J
580709,FFF,2013J
580755,FFF,2013J
580771,FFF,2013J
580779,FFF,2013J
580824,FFF,2013J
580842,FFF,2013J
580867,FFF,2013J
581034,FFF,2013J
581135,FFF,2013J
581219,FFF,2013J
581253,FFF,2013J
581307,FFF,2013J
581341,FFF,2013J
581342,FFF,2013J
581410,FFF,2013J
581412,FFF,2013J
581490,FFF,2013J
581563,FFF,2013J
581616,FFF,2013J
581700,FFF,2013J
581716,FFF,2013J
581769,FFF,2013J
581770,FFF,2013J
581787,FFF,2013J
581796,FFF,2013J
581810,FFF,2013J
581836,FFF,2013J
581897,FFF,2013J
582003,FFF,2013J
582063,FFF,2013J
582080,FFF,2013J
582108,FFF,2013J
582125,FFF,2013J
582235,FFF,2013J
582251,FFF,2013J
582275,FFF,2013J
582282,FFF,2013J
582311,FFF,2013J
582364,FFF,2013J
582392,FFF,2013J
582494,FFF,2013J
582510,FFF,2013J
582562,FFF,2013J
582665,FFF,2013J
582679,FFF,2013J
582690,FFF,2013J
582705,FFF,2013J
582790,FFF,2013J
582842,FFF,2013J
582992,FFF,2013J
583033,FFF,2013J
583051,FFF,2013J
583081,FFF,2013J
583121,FFF,2013J
583128,FFF,2013J
583131,FFF,2013J
583149,FFF,2013J
583202,FFF,2013J
583236,FFF,2013J
583286,FFF,2013J
583381,FFF,2013J
583526,FFF,2013J
583591,FFF,2013J
583599,FFF,2013J
583741,FFF,2013J
583824,FFF,2013J
583826,FFF,2013J
583840,FFF,2013J
583867,FFF,2013J
583993,FFF,2013J
584040,FFF,2013J
584078,FFF,2013J
584111,FFF,2013J
584210,FFF,2013J
584214,FFF,2013J
584362,FFF,2013J
584446,FFF,2013J
584468,FFF,2013J
584546,FFF,2013J
584550,FFF,2013J
584601,FFF,2013J
584673,FFF,2013J
584687,FFF,2013J
584749,FFF,2013J
584771,FFF,2013J
584792,FFF,2013J
585033,FFF,2013J
585050,FFF,2013J
585093,FFF,2013J
585128,FFF,2013J
585162,FFF,2013J
585166,FFF,2013J
585301,FFF,2013J
585305,FFF,2013J
585383,FFF,2013J
585389,FFF,2013J
585409,FFF,2013J
585449,FFF,2013J
585454,FFF,2013J
585466,FFF,2013J
585484,FFF,2013J
585574,FFF,2013J
585615,FFF,2013J
585659,FFF,2013J
585724,FFF,2013J
585731,FFF,2013J
585825,FFF,2013J
585942,FFF,2013J
585965,FFF,2013J
586034,FFF,2013J
586112,FFF,2013J
586224,FFF,2013J
586233,FFF,2013J
586246,FFF,2013J
586249,FFF,2013J
586251,FFF,2013J
586259,FFF,2013J
586281,FFF,2013J
586428,FFF,2013J
586445,FFF,2013J
586468,FFF,2013J
586483,FFF,2013J
586510,FFF,2013J
586518,FFF,2013J
586543,FFF,2013J
586594,FFF,2013J
586620,FFF,2013J
586642,FFF,2013J
586705,FFF,2013J
586719,FFF,2013J
586753,FFF,2013J
586758,FFF,2013J
586781,FFF,2013J
586808,FFF,2013J
586851,FFF,2013J
586855,FFF,2013J
586891,FFF,2013J
586906,FFF,2013J
586925,FFF,2013J
586935,FFF,2013J
586957,FFF,2013J
586974,FFF,2013J
587126,FFF,2013J
587178,FFF,2013J
587195,FFF,2013J
587286,FFF,2013J
587294,FFF,2013J
587308,FFF,2013J
587324,FFF,2013J
587334,FFF,2013J
587369,FFF,2013J
587435,FFF,2013J
587451,FFF,2013J
587594,FFF,2013J
587611,FFF,2013J
587659,FFF,2013J
587685,FFF,2013J
587690,FFF,2013J
587783,FFF,2013J
587859,FFF,2013J
587881,FFF,2013J
587912,FFF,2013J
587934,FFF,2013J
587976,FFF,2013J
588052,FFF,2013J
588128,FFF,2013J
588131,FFF,2013J
588156,FFF,2013J
588175,FFF,2013J
588236,FFF,2013J
588261,FFF,2013J
588597,FFF,2013J
588672,FFF,2013J
588914,FFF,2013J
588925,FFF,2013J
588971,FFF,2013J
589003,FFF,2013J
589014,FFF,2013J
589017,FFF,2013J
589178,FFF,2013J
589196,FFF,2013J
589263,FFF,2013J
589267,FFF,2013J
589295,FFF,2013J
589326,FFF,2013J
589409,FFF,2013J
589441,FFF,2013J
589474,FFF,2013J
589490,FFF,2013J
589559,FFF,2013J
589578,FFF,2013J
589587,FFF,2013J
589594,FFF,2013J
589605,FFF,2013J
589665,FFF,2013J
589707,FFF,2013J
589768,FFF,2013J
589782,FFF,2013J
589828,FFF,2013J
589843,FFF,2013J
589860,FFF,2013J
589948,FFF,2013J
590188,FFF,2013J
590189,FFF,2013J
590241,FFF,2013J
590328,FFF,2013J
590403,FFF,2013J
590462,FFF,2013J
590466,FFF,2013J
590499,FFF,2013J
590545,FFF,2013J
590555,FFF,2013J
590701,FFF,2013J
590707,FFF,2013J
590714,FFF,2013J
590749,FFF,2013J
590815,FFF,2013J
590824,FFF,2013J
590849,FFF,2013J
590898,FFF,2013J
590907,FFF,2013J
591008,FFF,2013J
591015,FFF,2013J
591055,FFF,2013J
591078,FFF,2013J
591219,FFF,2013J
591343,FFF,2013J
591403,FFF,2013J
591412,FFF,2013J
591581,FFF,2013J
591613,FFF,2013J
591620,FFF,2013J
591638,FFF,2013J
591661,FFF,2013J
591685,FFF,2013J
591692,FFF,2013J
591695,FFF,2013J
591735,FFF,2013J
591765,FFF,2013J
591872,FFF,2013J
591893,FFF,2013J
592002,FFF,2013J
592007,FFF,2013J
592092,FFF,2013J
592142,FFF,2013J
592168,FFF,2013J
592203,FFF,2013J
592259,FFF,2013J
592370,FFF,2013J
592373,FFF,2013J
592450,FFF,2013J
592538,FFF,2013J
592550,FFF,2013J
592563,FFF,2013J
592607,FFF,2013J
592616,FFF,2013J
592634,FFF,2013J
592640,FFF,2013J
592763,FFF,2013J
592781,FFF,2013J
592789,FFF,2013J
592810,FFF,2013J
592856,FFF,2013J
592924,FFF,2013J
592939,FFF,2013J
593139,FFF,2013J
593206,FFF,2013J
593320,FFF,2013J
593459,FFF,2013J
593492,FFF,2013J
593511,FFF,2013J
593532,FFF,2013J
593535,FFF,2013J
593585,FFF,2013J
593617,FFF,2013J
593671,FFF,2013J
593755,FFF,2013J
593780,FFF,2013J
593865,FFF,2013J
593953,FFF,2013J
593970,FFF,2013J
594044,FFF,2013J
594076,FFF,2013J
594119,FFF,2013J
594139,FFF,2013J
594162,FFF,2013J
594184,FFF,2013J
594205,FFF,2013J
594221,FFF,2013J
594250,FFF,2013J
594280,FFF,2013J
594291,FFF,2013J
594326,FFF,2013J
594341,FFF,2013J
594342,FFF,2013J
594359,FFF,2013J
594360,FFF,2013J
594376,FFF,2013J
594404,FFF,2013J
594406,FFF,2013J
594470,FFF,2013J
594506,FFF,2013J
594510,FFF,2013J
594596,FFF,2013J
594603,FFF,2013J
594643,FFF,2013J
594737,FFF,2013J
594800,FFF,2013J
594814,FFF,2013J
594815,FFF,2013J
594823,FFF,2013J
594855,FFF,2013J
594894,FFF,2013J
594933,FFF,2013J
594956,FFF,2013J
594996,FFF,2013J
595023,FFF,2013J
595106,FFF,2013J
595119,FFF,2013J
595150,FFF,2013J
595164,FFF,2013J
595235,FFF,2013J
595246,FFF,2013J
595330,FFF,2013J
595359,FFF,2013J
595386,FFF,2013J
595401,FFF,2013J
595477,FFF,2013J
595483,FFF,2013J
595593,FFF,2013J
595649,FFF,2013J
595655,FFF,2013J
595735,FFF,2013J
595746,FFF,2013J
595752,FFF,2013J
595769,FFF,2013J
595840,FFF,2013J
595842,FFF,2013J
595847,FFF,2013J
595868,FFF,2013J
595895,FFF,2013J
595915,FFF,2013J
595978,FFF,2013J
596027,FFF,2013J
596029,FFF,2013J
596049,FFF,2013J
596125,FFF,2013J
596146,FFF,2013J
596147,FFF,2013J
596231,FFF,2013J
596266,FFF,2013J
596296,FFF,2013J
596369,FFF,2013J
596406,FFF,2013J
596480,FFF,2013J
596490,FFF,2013J
596521,FFF,2013J
596601,FFF,2013J
596624,FFF,2013J
596646,FFF,2013J
596687,FFF,2013J
596739,FFF,2013J
596754,FFF,2013J
596774,FFF,2013J
596828,FFF,2013J
596860,FFF,2013J
597190,FFF,2013J
597199,FFF,2013J
597204,FFF,2013J
597238,FFF,2013J
597241,FFF,2013J
597293,FFF,2013J
597415,FFF,2013J
597485,FFF,2013J
597555,FFF,2013J
597557,FFF,2013J
597715,FFF,2013J
597737,FFF,2013J
597761,FFF,2013J
597787,FFF,2013J
597797,FFF,2013J
597817,FFF,2013J
597880,FFF,2013J
597912,FFF,2013J
597931,FFF,2013J
598001,FFF,2013J
598032,FFF,2013J
598077,FFF,2013J
598215,FFF,2013J
598235,FFF,2013J
598268,FFF,2013J
598285,FFF,2013J
598294,FFF,2013J
598299,FFF,2013J
598306,FFF,2013J
598353,FFF,2013J
598376,FFF,2013J
598478,FFF,2013J
598480,FFF,2013J
598498,FFF,2013J
598543,FFF,2013J
598555,FFF,2013J
598629,FFF,2013J
598706,FFF,2013J
598761,FFF,2013J
598835,FFF,2013J
598887,FFF,2013J
598962,FFF,2013J
598966,FFF,2013J
598983,FFF,2013J
599094,FFF,2013J
599104,FFF,2013J
599245,FFF,2013J
599315,FFF,2013J
599464,FFF,2013J
599559,FFF,2013J
599568,FFF,2013J
599570,FFF,2013J
599587,FFF,2013J
599595,FFF,2013J
599663,FFF,2013J
599683,FFF,2013J
599718,FFF,2013J
599783,FFF,2013J
599795,FFF,2013J
599805,FFF,2013J
599816,FFF,2013J
599857,FFF,2013J
599907,FFF,2013J
599957,FFF,2013J
599994,FFF,2013J
600175,FFF,2013J
600224,FFF,2013J
600243,FFF,2013J
600367,FFF,2013J
600436,FFF,2013J
600542,FFF,2013J
600564,FFF,2013J
600667,FFF,2013J
600682,FFF,2013J
600746,FFF,2013J
600808,FFF,2013J
600860,FFF,2013J
600944,FFF,2013J
600947,FFF,2013J
600955,FFF,2013J
600991,FFF,2013J
601021,FFF,2013J
601040,FFF,2013J
601042,FFF,2013J
601074,FFF,2013J
601080,FFF,2013J
601099,FFF,2013J
601104,FFF,2013J
601105,FFF,2013J
601180,FFF,2013J
601184,FFF,2013J
601213,FFF,2013J
601271,FFF,2013J
601389,FFF,2013J
601399,FFF,2013J
601439,FFF,2013J
601583,FFF,2013J
601640,FFF,2013J
601681,FFF,2013J
601745,FFF,2013J
601761,FFF,2013J
601783,FFF,2013J
601788,FFF,2013J
601808,FFF,2013J
601855,FFF,2013J
601952,FFF,2013J
602053,FFF,2013J
602097,FFF,2013J
602099,FFF,2013J
602111,FFF,2013J
602152,FFF,2013J
602312,FFF,2013J
602320,FFF,2013J
602344,FFF,2013J
602406,FFF,2013J
602451,FFF,2013J
602468,FFF,2013J
602469,FFF,2013J
602502,FFF,2013J
602511,FFF,2013J
602569,FFF,2013J
602577,FFF,2013J
602592,FFF,2013J
602669,FFF,2013J
602672,FFF,2013J
602777,FFF,2013J
602781,FFF,2013J
602792,FFF,2013J
602948,FFF,2013J
602994,FFF,2013J
603030,FFF,2013J
603059,FFF,2013J
603111,FFF,2013J
603148,FFF,2013J
603170,FFF,2013J
603199,FFF,2013J
603204,FFF,2013J
603220,FFF,2013J
603231,FFF,2013J
603260,FFF,2013J
603300,FFF,2013J
603327,FFF,2013J
603341,FFF,2013J
603389,FFF,2013J
603437,FFF,2013J
603529,FFF,2013J
603597,FFF,2013J
603600,FFF,2013J
603819,FFF,2013J
603848,FFF,2013J
603873,FFF,2013J
603931,FFF,2013J
604087,FFF,2013J
604184,FFF,2013J
604228,FFF,2013J
604258,FFF,2013J
604296,FFF,2013J
604379,FFF,2013J
604427,FFF,2013J
604449,FFF,2013J
604478,FFF,2013J
604514,FFF,2013J
604581,FFF,2013J
604583,FFF,2013J
604606,FFF,2013J
604619,FFF,2013J
604633,FFF,2013J
604700,FFF,2013J
604755,FFF,2013J
604766,FFF,2013J
604828,FFF,2013J
604879,FFF,2013J
604889,FFF,2013J
604945,FFF,2013J
604946,FFF,2013J
605012,FFF,2013J
605048,FFF,2013J
605069,FFF,2013J
605091,FFF,2013J
605108,FFF,2013J
605145,FFF,2013J
605195,FFF,2013J
605228,FFF,2013J
605265,FFF,2013J
605269,FFF,2013J
605372,FFF,2013J
605394,FFF,2013J
605409,FFF,2013J
605459,FFF,2013J
605571,FFF,2013J
605589,FFF,2013J
605598,FFF,2013J
605621,FFF,2013J
605756,FFF,2013J
605886,FFF,2013J
605905,FFF,2013J
605921,FFF,2013J
605940,FFF,2013J
605954,FFF,2013J
605974,FFF,2013J
605988,FFF,2013J
605993,FFF,2013J
606002,FFF,2013J
606062,FFF,2013J
606104,FFF,2013J
606167,FFF,2013J
606369,FFF,2013J
606386,FFF,2013J
606407,FFF,2013J
606425,FFF,2013J
606428,FFF,2013J
606436,FFF,2013J
606444,FFF,2013J
606459,FFF,2013J
606496,FFF,2013J
606612,FFF,2013J
606711,FFF,2013J
606712,FFF,2013J
606835,FFF,2013J
606903,FFF,2013J
606911,FFF,2013J
606930,FFF,2013J
606939,FFF,2013J
606966,FFF,2013J
606990,FFF,2013J
606998,FFF,2013J
607011,FFF,2013J
607047,FFF,2013J
607052,FFF,2013J
607068,FFF,2013J
607118,FFF,2013J
607134,FFF,2013J
607135,FFF,2013J
607200,FFF,2013J
607247,FFF,2013J
607407,FFF,2013J
607533,FFF,2013J
607577,FFF,2013J
607586,FFF,2013J
607650,FFF,2013J
607696,FFF,2013J
607794,FFF,2013J
607866,FFF,2013J
607938,FFF,2013J
607979,FFF,2013J
608008,FFF,2013J
608043,FFF,2013J
608111,FFF,2013J
608169,FFF,2013J
608196,FFF,2013J
608198,FFF,2013J
608211,FFF,2013J
608231,FFF,2013J
608248,FFF,2013J
608280,FFF,2013J
608348,FFF,2013J
608349,FFF,2013J
608356,FFF,2013J
608421,FFF,2013J
608422,FFF,2013J
608477,FFF,2013J
608535,FFF,2013J
608698,FFF,2013J
608727,FFF,2013J
608737,FFF,2013J
608747,FFF,2013J
608753,FFF,2013J
608827,FFF,2013J
608864,FFF,2013J
608913,FFF,2013J
608966,FFF,2013J
608997,FFF,2013J
609097,FFF,2013J
609163,FFF,2013J
609220,FFF,2013J
609221,FFF,2013J
609229,FFF,2013J
609244,FFF,2013J
609367,FFF,2013J
609396,FFF,2013J
609416,FFF,2013J
609435,FFF,2013J
609439,FFF,2013J
609513,FFF,2013J
609558,FFF,2013J
609743,FFF,2013J
609777,FFF,2013J
609882,FFF,2013J
609891,FFF,2013J
609908,FFF,2013J
609985,FFF,2013J
610097,FFF,2013J
610172,FFF,2013J
610225,FFF,2013J
610244,FFF,2013J
610258,FFF,2013J
610266,FFF,2013J
610278,FFF,2013J
610292,FFF,2013J
610335,FFF,2013J
610455,FFF,2013J
610517,FFF,2013J
610577,FFF,2013J
610637,FFF,2013J
610687,FFF,2013J
610774,FFF,2013J
610814,FFF,2013J
610831,FFF,2013J
610932,FFF,2013J
611039,FFF,2013J
611126,FFF,2013J
611226,FFF,2013J
611245,FFF,2013J
611309,FFF,2013J
898594,FFF,2013J
984347,FFF,2013J
988019,FFF,2013J
990155,FFF,2013J
1064492,FFF,2013J
1100143,FFF,2013J
1107596,FFF,2013J
1253440,FFF,2013J
1319999,FFF,2013J
1359554,FFF,2013J
1390051,FFF,2013J
1397617,FFF,2013J
1399314,FFF,2013J
1417707,FFF,2013J
1428865,FFF,2013J
1455474,FFF,2013J
1482413,FFF,2013J
1492571,FFF,2013J
1494577,FFF,2013J
1504653,FFF,2013J
1512332,FFF,2013J
1513001,FFF,2013J
1527616,FFF,2013J
1532921,FFF,2013J
1559959,FFF,2013J
1621041,FFF,2013J
1634278,FFF,2013J
1636725,FFF,2013J
1641344,FFF,2013J
1678617,FFF,2013J
1694120,FFF,2013J
1759799,FFF,2013J
1763186,FFF,2013J
1852968,FFF,2013J
1859038,FFF,2013J
1859407,FFF,2013J
1866233,FFF,2013J
1891977,FFF,2013J
1902283,FFF,2013J
1910049,FFF,2013J
1910111,FFF,2013J
1917335,FFF,2013J
1935735,FFF,2013J
1941149,FFF,2013J
1943681,FFF,2013J
1945945,FFF,2013J
1949484,FFF,2013J
1950923,FFF,2013J
1951127,FFF,2013J
1954147,FFF,2013J
1962128,FFF,2013J
1978492,FFF,2013J
1981053,FFF,2013J
1982166,FFF,2013J
1983331,FFF,2013J
1983921,FFF,2013J
1992145,FFF,2013J
2053381,FFF,2013J
2056416,FFF,2013J
2056486,FFF,2013J
2071595,FFF,2013J
2088982,FFF,2013J
2105230,FFF,2013J
2112291,FFF,2013J
2137171,FFF,2013J
2143739,FFF,2013J
2145940,FFF,2013J
2146277,FFF,2013J
2148540,FFF,2013J
2149735,FFF,2013J
2162410,FFF,2013J
2170320,FFF,2013J
2173721,FFF,2013J
2177720,FFF,2013J
2178466,FFF,2013J
2180710,FFF,2013J
2182333,FFF,2013J
2188084,FFF,2013J
2193185,FFF,2013J
2195853,FFF,2013J
2226620,FFF,2013J
2237223,FFF,2013J
2238148,FFF,2013J
2238424,FFF,2013J
2239746,FFF,2013J
2243505,FFF,2013J
2250842,FFF,2013J
2252765,FFF,2013J
2261138,FFF,2013J
2286312,FFF,2013J
2286574,FFF,2013J
2290267,FFF,2013J
2290883,FFF,2013J
2292047,FFF,2013J
2299682,FFF,2013J
2304417,FFF,2013J
2305237,FFF,2013J
2312279,FFF,2013J
2323944,FFF,2013J
2326475,FFF,2013J
2337889,FFF,2013J
2340746,FFF,2013J
2343337,FFF,2013J
2344957,FFF,2013J
2345900,FFF,2013J
2356049,FFF,2013J
2356196,FFF,2013J
2357629,FFF,2013J
2364160,FFF,2013J
2364905,FFF,2013J
2366574,FFF,2013J
2372788,FFF,2013J
2374002,FFF,2013J
2379512,FFF,2013J
2380602,FFF,2013J
2382965,FFF,2013J
2383169,FFF,2013J
2383780,FFF,2013J
2389837,FFF,2013J
2390547,FFF,2013J
2393230,FFF,2013J
2393261,FFF,2013J
2410687,FFF,2013J
2411773,FFF,2013J
2412152,FFF,2013J
2415436,FFF,2013J
2417433,FFF,2013J
2423002,FFF,2013J
2435795,FFF,2013J
2437051,FFF,2013J
2440301,FFF,2013J
2445085,FFF,2013J
2447469,FFF,2013J
2449737,FFF,2013J
2449819,FFF,2013J
2452606,FFF,2013J
2454653,FFF,2013J
2454878,FFF,2013J
2465105,FFF,2013J
2465589,FFF,2013J
2468232,FFF,2013J
2469321,FFF,2013J
2471302,FFF,2013J
2472033,FFF,2013J
2472132,FFF,2013J
2487982,FFF,2013J
2499949,FFF,2013J
2500149,FFF,2013J
2523035,FFF,2013J
2523751,FFF,2013J
2524572,FFF,2013J
2526537,FFF,2013J
2534165,FFF,2013J
2540424,FFF,2013J
2542431,FFF,2013J
2543208,FFF,2013J
2548055,FFF,2013J
2555225,FFF,2013J
2555893,FFF,2013J
2567571,FFF,2013J
2572441,FFF,2013J
2579401,FFF,2013J
2586313,FFF,2013J
2588467,FFF,2013J
2595641,FFF,2013J
2596621,FFF,2013J
2602264,FFF,2013J
2610837,FFF,2013J
2611986,FFF,2013J
2614277,FFF,2013J
2619184,FFF,2013J
2621734,FFF,2013J
2622634,FFF,2013J
2623496,FFF,2013J
2625545,FFF,2013J
2630284,FFF,2013J
2637239,FFF,2013J
2639319,FFF,2013J
2641236,FFF,2013J
2642994,FFF,2013J
2650555,FFF,2013J
2655370,FFF,2013J
2657185,FFF,2013J
2672155,FFF,2013J
2678373,FFF,2013J
2680380,FFF,2013J
2683857,FFF,2013J
2686536,FFF,2013J
2686609,FFF,2013J
2687045,FFF,2013J
2687989,FFF,2013J
2688202,FFF,2013J
2694680,FFF,2013J
2697608,FFF,2013J
2697921,FFF,2013J
2698125,FFF,2013J
26211,FFF,2014B
26269,FFF,2014B
27189,FFF,2014B
27683,FFF,2014B
28897,FFF,2014B
30531,FFF,2014B
33600,FFF,2014B
34293,FFF,2014B
36347,FFF,2014B
39882,FFF,2014B
41489,FFF,2014B
42746,FFF,2014B
46148,FFF,2014B
48635,FFF,2014B
53136,FFF,2014B
53709,FFF,2014B
54867,FFF,2014B
63958,FFF,2014B
67986,FFF,2014B
72114,FFF,2014B
74524,FFF,2014B
77845,FFF,2014B
77998,FFF,2014B
79683,FFF,2014B
81216,FFF,2014B
82201,FFF,2014B
83603,FFF,2014B
84299,FFF,2014B
99670,FFF,2014B
101634,FFF,2014B
104316,FFF,2014B
106747,FFF,2014B
108207,FFF,2014B
108822,FFF,2014B
110529,FFF,2014B
116174,FFF,2014B
117510,FFF,2014B
117550,FFF,2014B
128132,FFF,2014B
128968,FFF,2014B
130992,FFF,2014B
131538,FFF,2014B
133322,FFF,2014B
134847,FFF,2014B
134851,FFF,2014B
136054,FFF,2014B
136944,FFF,2014B
140108,FFF,2014B
141430,FFF,2014B
150121,FFF,2014B
152626,FFF,2014B
153611,FFF,2014B
156788,FFF,2014B
160262,FFF,2014B
160472,FFF,2014B
163332,FFF,2014B
163962,FFF,2014B
167106,FFF,2014B
174155,FFF,2014B
181719,FFF,2014B
183429,FFF,2014B
190418,FFF,2014B
190829,FFF,2014B
190930,FFF,2014B
191590,FFF,2014B
193803,FFF,2014B
195552,FFF,2014B
203568,FFF,2014B
228138,FFF,2014B
228258,FFF,2014B
234796,FFF,2014B
237182,FFF,2014B
237370,FFF,2014B
242254,FFF,2014B
242998,FFF,2014B
247714,FFF,2014B
247940,FFF,2014B
251375,FFF,2014B
256740,FFF,2014B
258737,FFF,2014B
260062,FFF,2014B
261265,FFF,2014B
264298,FFF,2014B
266536,FFF,2014B
268845,FFF,2014B
271702,FFF,2014B
272701,FFF,2014B
276265,FFF,2014B
277577,FFF,2014B
278155,FFF,2014B
282806,FFF,2014B
286484,FFF,2014B
296904,FFF,2014B
297014,FFF,2014B
301128,FFF,2014B
302363,FFF,2014B
304500,FFF,2014B
305876,FFF,2014B
305918,FFF,2014B
315025,FFF,2014B
315850,FFF,2014B
316327,FFF,2014B
316772,FFF,2014B
317394,FFF,2014B
318068,FFF,2014B
319042,FFF,2014B
321096,FFF,2014B
323688,FFF,2014B
324948,FFF,2014B
325089,FFF,2014B
326995,FFF,2014B
327616,FFF,2014B
328797,FFF,2014B
330669,FFF,2014B
331107,FFF,2014B
334224,FFF,2014B
336163,FFF,2014B
337615,FFF,2014B
337940,FFF,2014B
338958,FFF,2014B
339728,FFF,2014B
339824,FFF,2014B
339855,FFF,2014B
341044,FFF,2014B
342089,FFF,2014B
342125,FFF,2014B
342234,FFF,2014B
342303,FFF,2014B
344409,FFF,2014B
344451,FFF,2014B
345442,FFF,2014B
345455,FFF,2014B
347257,FFF,2014B
348378,FFF,2014B
348855,FFF,2014B
351181,FFF,2014B
353979,FFF,2014B
354552,FFF,2014B
354988,FFF,2014B
356371,FFF,2014B
356535,FFF,2014B
362661,FFF,2014B
365860,FFF,2014B
367510,FFF,2014B
367898,FFF,2014B
371168,FFF,2014B
378809,FFF,2014B
379042,FFF,2014B
379107,FFF,2014B
379769,FFF,2014B
381365,FFF,2014B
382857,FFF,2014B
383778,FFF,2014B
383921,FFF,2014B
388697,FFF,2014B
389759,FFF,2014B
389773,FFF,2014B
391114,FFF,2014B
392207,FFF,2014B
395188,FFF,2014B
395758,FFF,2014B
398357,FFF,2014B
398439,FFF,2014B
399863,FFF,2014B
400252,FFF,2014B
402502,FFF,2014B
402806,FFF,2014B
404170,FFF,2014B
405192,FFF,2014B
405775,FFF,2014B
405963,FFF,2014B
407500,FFF,2014B
408105,FFF,2014B
408353,FFF,2014B
409651,FFF,2014B
409949,FFF,2014B
410199,FFF,2014B
410666,FFF,2014B
411939,FFF,2014B
412387,FFF,2014B
412695,FFF,2014B
413200,FFF,2014B
414258,FFF,2014B
416302,FFF,2014B
417184,FFF,2014B
418218,FFF,2014B
419284,FFF,2014B
420042,FFF,2014B
421179,FFF,2014B
421989,FFF,2014B
422530,FFF,2014B
422626,FFF,2014B
422697,FFF,2014B
423648,FFF,2014B
425332,FFF,2014B
426782,FFF,2014B
427276,FFF,2014B
427485,FFF,2014B
430516,FFF,2014B
430625,FFF,2014B
431987,FFF,2014B
436481,FFF,2014B
436590,FFF,2014B
437303,FFF,2014B
438796,FFF,2014B
439433,FFF,2014B
439633,FFF,2014B
439896,FFF,2014B
440559,FFF,2014B
442753,FFF,2014B
443007,FFF,2014B
444574,FFF,2014B
444718,FFF,2014B
445605,FFF,2014B
445818,FFF,2014B
445947,FFF,2014B
465175,FFF,2014B
466347,FFF,2014B
466576,FFF,2014B
467582,FFF,2014B
468730,FFF,2014B
472120,FFF,2014B
472341,FFF,2014B
472810,FFF,2014B
474677,FFF,2014B
475811,FFF,2014B
477069,FFF,2014B
477588,FFF,2014B
477812,FFF,2014B
478073,FFF,2014B
479061,FFF,2014B
480531,FFF,2014B
481210,FFF,2014B
482445,FFF,2014B
482843,FFF,2014B
483195,FFF,2014B
483389,FFF,2014B
483975,FFF,2014B
484075,FFF,2014B
484223,FFF,2014B
484292,FFF,2014B
484675,FFF,2014B
485312,FFF,2014B
485780,FFF,2014B
487168,FFF,2014B
487314,FFF,2014B
488386,FFF,2014B
488524,FFF,2014B
488758,FFF,2014B
489137,FFF,2014B
491011,FFF,2014B
491486,FFF,2014B
492088,FFF,2014B
494433,FFF,2014B
494495,FFF,2014B
495580,FFF,2014B
495618,FFF,2014B
496590,FFF,2014B
498266,FFF,2014B
498828,FFF,2014B
499244,FFF,2014B
499404,FFF,2014B
499813,FFF,2014B
501302,FFF,2014B
501421,FFF,2014B
502150,FFF,2014B
502501,FFF,2014B
502993,FFF,2014B
503154,FFF,2014B
503183,FFF,2014B
504583,FFF,2014B
504700,FFF,2014B
505131,FFF,2014B
505826,FFF,2014B
505900,FFF,2014B
506674,FFF,2014B
507577,FFF,2014B
509292,FFF,2014B
509866,FFF,2014B
511350,FFF,2014B
511912,FFF,2014B
512236,FFF,2014B
513701,FFF,2014B
513796,FFF,2014B
515965,FFF,2014B
516634,FFF,2014B
516770,FFF,2014B
516894,FFF,2014B
517277,FFF,2014B
518210,FFF,2014B
518359,FFF,2014B
521032,FFF,2014B
521073,FFF,2014B
524296,FFF,2014B
524379,FFF,2014B
525874,FFF,2014B
526821,FFF,2014B
528538,FFF,2014B
529390,FFF,2014B
529458,FFF,2014B
530196,FFF,2014B
532062,FFF,2014B
532413,FFF,2014B
533140,FFF,2014B
533141,FFF,2014B
533198,FFF,2014B
533217,FFF,2014B
534318,FFF,2014B
535460,FFF,2014B
536636,FFF,2014B
536711,FFF,2014B
537703,FFF,2014B
537938,FFF,2014B
539401,FFF,2014B
539444,FFF,2014B
539922,FFF,2014B
541281,FFF,2014B
541327,FFF,2014B
541478,FFF,2014B
542557,FFF,2014B
543686,FFF,2014B
543785,FFF,2014B
544108,FFF,2014B
544140,FFF,2014B
544276,FFF,2014B
544593,FFF,2014B
545119,FFF,2014B
545741,FFF,2014B
546961,FFF,2014B
547128,FFF,2014B
547413,FFF,2014B
547506,FFF,2014B
547569,FFF,2014B
547680,FFF,2014B
547884,FFF,2014B
548332,FFF,2014B
548573,FFF,2014B
548926,FFF,2014B
549792,FFF,2014B
550003,FFF,2014B
550038,FFF,2014B
550097,FFF,2014B
550246,FFF,2014B
550498,FFF,2014B
550903,FFF,2014B
550925,FFF,2014B
551636,FFF,2014B
552395,FFF,2014B
552648,FFF,2014B
553032,FFF,2014B
553160,FFF,2014B
554597,FFF,2014B
554881,FFF,2014B
555691,FFF,2014B
555929,FFF,2014B
556052,FFF,2014B
556126,FFF,2014B
556492,FFF,2014B
557141,FFF,2014B
557469,FFF,2014B
557650,FFF,2014B
557708,FFF,2014B
557894,FFF,2014B
558105,FFF,2014B
558121,FFF,2014B
558244,FFF,2014B
559449,FFF,2014B
559876,FFF,2014B
560399,FFF,2014B
560496,FFF,2014B
560595,FFF,2014B
560685,FFF,2014B
561215,FFF,2014B
561796,FFF,2014B
561799,FFF,2014B
562064,FFF,2014B
562917,FFF,2014B
565109,FFF,2014B
565348,FFF,2014B
565373,FFF,2014B
565469,FFF,2014B
567629,FFF,2014B
567681,FFF,2014B
567859,FFF,2014B
568954,FFF,2014B
569065,FFF,2014B
569556,FFF,2014B
569729,FFF,2014B
569783,FFF,2014B
571050,FFF,2014B
571612,FFF,2014B
571815,FFF,2014B
571844,FFF,2014B
571962,FFF,2014B
572154,FFF,2014B
572367,FFF,2014B
572395,FFF,2014B
572716,FFF,2014B
572804,FFF,2014B
572832,FFF,2014B
572870,FFF,2014B
573549,FFF,2014B
574605,FFF,2014B
574663,FFF,2014B
574815,FFF,2014B
575855,FFF,2014B
576159,FFF,2014B
576557,FFF,2014B
577142,FFF,2014B
577600,FFF,2014B
577795,FFF,2014B
578022,FFF,2014B
578258,FFF,2014B
578754,FFF,2014B
578764,FFF,2014B
579376,FFF,2014B
580425,FFF,2014B
581520,FFF,2014B
581772,FFF,2014B
583056,FFF,2014B
583138,FFF,2014B
584843,FFF,2014B
584884,FFF,2014B
584990,FFF,2014B
585454,FFF,2014B
585921,FFF,2014B
586351,FFF,2014B
586506,FFF,2014B
586543,FFF,2014B
587195,FFF,2014B
587248,FFF,2014B
587600,FFF,2014B
587696,FFF,2014B
588107,FFF,2014B
588436,FFF,2014B
588913,FFF,2014B
589016,FFF,2014B
589029,FFF,2014B
589449,FFF,2014B
589454,FFF,2014B
589548,FFF,2014B
589565,FFF,2014B
589798,FFF,2014B
590018,FFF,2014B
590508,FFF,2014B
590543,FFF,2014B
590604,FFF,2014B
591111,FFF,2014B
591132,FFF,2014B
591946,FFF,2014B
592422,FFF,2014B
592632,FFF,2014B
592766,FFF,2014B
592939,FFF,2014B
593004,FFF,2014B
593206,FFF,2014B
593563,FFF,2014B
593617,FFF,2014B
594258,FFF,2014B
594636,FFF,2014B
595481,FFF,2014B
595895,FFF,2014B
595978,FFF,2014B
596243,FFF,2014B
596482,FFF,2014B
596601,FFF,2014B
596637,FFF,2014B
596663,FFF,2014B
597378,FFF,2014B
597386,FFF,2014B
597426,FFF,2014B
597495,FFF,2014B
597662,FFF,2014B
597761,FFF,2014B
598113,FFF,2014B
598300,FFF,2014B
598353,FFF,2014B
598362,FFF,2014B
598571,FFF,2014B
598642,FFF,2014B
598713,FFF,2014B
599048,FFF,2014B
599105,FFF,2014B
599117,FFF,2014B
599740,FFF,2014B
599812,FFF,2014B
600292,FFF,2014B
600388,FFF,2014B
600397,FFF,2014B
600702,FFF,2014B
600893,FFF,2014B
601155,FFF,2014B
601266,FFF,2014B
601375,FFF,2014B
601560,FFF,2014B
601649,FFF,2014B
601678,FFF,2014B
601735,FFF,2014B
602571,FFF,2014B
602672,FFF,2014B
602818,FFF,2014B
602854,FFF,2014B
603111,FFF,2014B
603163,FFF,2014B
603319,FFF,2014B
603483,FFF,2014B
603539,FFF,2014B
603694,FFF,2014B
603848,FFF,2014B
603972,FFF,2014B
604174,FFF,2014B
604234,FFF,2014B
604293,FFF,2014B
604326,FFF,2014B
604614,FFF,2014B
604678,FFF,2014B
604698,FFF,2014B
604946,FFF,2014B
605228,FFF,2014B
605370,FFF,2014B
605475,FFF,2014B
605493,FFF,2014B
605522,FFF,2014B
606407,FFF,2014B
606870,FFF,2014B
606911,FFF,2014B
606935,FFF,2014B
606976,FFF,2014B
607453,FFF,2014B
607702,FFF,2014B
607896,FFF,2014B
607899,FFF,2014B
608111,FFF,2014B
608173,FFF,2014B
608727,FFF,2014B
608864,FFF,2014B
608891,FFF,2014B
609171,FFF,2014B
609347,FFF,2014B
609868,FFF,2014B
609891,FFF,2014B
610094,FFF,2014B
610272,FFF,2014B
610273,FFF,2014B
610771,FFF,2014B
610775,FFF,2014B
610778,FFF,2014B
610992,FFF,2014B
611185,FFF,2014B
611245,FFF,2014B
611350,FFF,2014B
611427,FFF,2014B
611581,FFF,2014B
611595,FFF,2014B
611714,FFF,2014B
611763,FFF,2014B
611798,FFF,2014B
611813,FFF,2014B
611905,FFF,2014B
612254,FFF,2014B
612338,FFF,2014B
612506,FFF,2014B
612528,FFF,2014B
612530,FFF,2014B
612535,FFF,2014B
612538,FFF,2014B
612540,FFF,2014B
612542,FFF,2014B
612543,FFF,2014B
612545,FFF,2014B
612547,FFF,2014B
612549,FFF,2014B
612607,FFF,2014B
612638,FFF,2014B
612740,FFF,2014B
612743,FFF,2014B
612880,FFF,2014B
613106,FFF,2014B
613146,FFF,2014B
613152,FFF,2014B
613226,FFF,2014B
613255,FFF,2014B
613417,FFF,2014B
613447,FFF,2014B
613461,FFF,2014B
613464,FFF,2014B
613630,FFF,2014B
613676,FFF,2014B
613677,FFF,2014B
613717,FFF,2014B
613775,FFF,2014B
613865,FFF,2014B
613900,FFF,2014B
613928,FFF,2014B
613952,FFF,2014B
614059,FFF,2014B
614083,FFF,2014B
614172,FFF,2014B
614381,FFF,2014B
614661,FFF,2014B
614730,FFF,2014B
614733,FFF,2014B
614764,FFF,2014B
614801,FFF,2014B
614812,FFF,2014B
614887,FFF,2014B
614907,FFF,2014B
614973,FFF,2014B
614984,FFF,2014B
614994,FFF,2014B
615241,FFF,2014B
615426,FFF,2014B
615429,FFF,2014B
615439,FFF,2014B
616453,FFF,2014B
616557,FFF,2014B
616646,FFF,2014B
616688,FFF,2014B
616789,FFF,2014B
616909,FFF,2014B
616913,FFF,2014B
617010,FFF,2014B
617015,FFF,2014B
617018,FFF,2014B
617053,FFF,2014B
617130,FFF,2014B
617201,FFF,2014B
617212,FFF,2014B
617255,FFF,2014B
617318,FFF,2014B
617343,FFF,2014B
617382,FFF,2014B
617406,FFF,2014B
617437,FFF,2014B
617534,FFF,2014B
617535,FFF,2014B
617540,FFF,2014B
617543,FFF,2014B
617557,FFF,2014B
617564,FFF,2014B
617638,FFF,2014B
617647,FFF,2014B
617678,FFF,2014B
617751,FFF,2014B
617805,FFF,2014B
617824,FFF,2014B
617829,FFF,2014B
617847,FFF,2014B
617868,FFF,2014B
617945,FFF,2014B
617965,FFF,2014B
617976,FFF,2014B
617998,FFF,2014B
618004,FFF,2014B
618005,FFF,2014B
618015,FFF,2014B
618216,FFF,2014B
618279,FFF,2014B
618280,FFF,2014B
618293,FFF,2014B
618390,FFF,2014B
618397,FFF,2014B
618412,FFF,2014B
618513,FFF,2014B
618519,FFF,2014B
618590,FFF,2014B
618642,FFF,2014B
618665,FFF,2014B
618843,FFF,2014B
618848,FFF,2014B
618875,FFF,2014B
618914,FFF,2014B
618925,FFF,2014B
619112,FFF,2014B
619205,FFF,2014B
619341,FFF,2014B
619461,FFF,2014B
619887,FFF,2014B
619974,FFF,2014B
620004,FFF,2014B
620112,FFF,2014B
620277,FFF,2014B
620320,FFF,2014B
620337,FFF,2014B
620364,FFF,2014B
620399,FFF,2014B
620423,FFF,2014B
620430,FFF,2014B
620498,FFF,2014B
620801,FFF,2014B
620819,FFF,2014B
620933,FFF,2014B
621345,FFF,2014B
621370,FFF,2014B
621433,FFF,2014B
621436,FFF,2014B
621441,FFF,2014B
621464,FFF,2014B
621475,FFF,2014B
621531,FFF,2014B
621580,FFF,2014B
621675,FFF,2014B
621682,FFF,2014B
621690,FFF,2014B
621696,FFF,2014B
621698,FFF,2014B
621722,FFF,2014B
621741,FFF,2014B
621909,FFF,2014B
621971,FFF,2014B
621990,FFF,2014B
621998,FFF,2014B
622038,FFF,2014B
622096,FFF,2014B
622218,FFF,2014B
622239,FFF,2014B
622278,FFF,2014B
622392,FFF,2014B
622442,FFF,2014B
622701,FFF,2014B
622859,FFF,2014B
622894,FFF,2014B
622897,FFF,2014B
622918,FFF,2014B
622935,FFF,2014B
622976,FFF,2014B
623138,FFF,2014B
623180,FFF,2014B
623232,FFF,2014B
623263,FFF,2014B
623314,FFF,2014B
623326,FFF,2014B
623352,FFF,2014B
623366,FFF,2014B
623419,FFF,2014B
623433,FFF,2014B
623438,FFF,2014B
623456,FFF,2014B
623474,FFF,2014B
623496,FFF,2014B
623537,FFF,2014B
623542,FFF,2014B
623554,FFF,2014B
623568,FFF,2014B
623579,FFF,2014B
623687,FFF,2014B
623786,FFF,2014B
623917,FFF,2014B
623948,FFF,2014B
624014,FFF,2014B
624056,FFF,2014B
624152,FFF,2014B
624178,FFF,2014B
624197,FFF,2014B
624243,FFF,2014B
624259,FFF,2014B
624344,FFF,2014B
624376,FFF,2014B
624499,FFF,2014B
624556,FFF,2014B
624586,FFF,2014B
624751,FFF,2014B
624763,FFF,2014B
624772,FFF,2014B
624773,FFF,2014B
624946,FFF,2014B
624959,FFF,2014B
624975,FFF,2014B
624981,FFF,2014B
625034,FFF,2014B
625043,FFF,2014B
625073,FFF,2014B
625075,FFF,2014B
625182,FFF,2014B
625303,FFF,2014B
625306,FFF,2014B
625341,FFF,2014B
625349,FFF,2014B
625361,FFF,2014B
625373,FFF,2014B
625394,FFF,2014B
625406,FFF,2014B
625500,FFF,2014B
625536,FFF,2014B
625548,FFF,2014B
625566,FFF,2014B
625609,FFF,2014B
625642,FFF,2014B
625667,FFF,2014B
625753,FFF,2014B
625793,FFF,2014B
625800,FFF,2014B
625812,FFF,2014B
625828,FFF,2014B
625903,FFF,2014B
625986,FFF,2014B
625995,FFF,2014B
626047,FFF,2014B
626103,FFF,2014B
626128,FFF,2014B
626198,FFF,2014B
626231,FFF,2014B
626259,FFF,2014B
626281,FFF,2014B
626320,FFF,2014B
626349,FFF,2014B
626403,FFF,2014B
626419,FFF,2014B
626422,FFF,2014B
626448,FFF,2014B
626469,FFF,2014B
626473,FFF,2014B
626530,FFF,2014B
626537,FFF,2014B
626539,FFF,2014B
626644,FFF,2014B
626692,FFF,2014B
626700,FFF,2014B
626801,FFF,2014B
626828,FFF,2014B
626875,FFF,2014B
626878,FFF,2014B
626881,FFF,2014B
626890,FFF,2014B
627022,FFF,2014B
627061,FFF,2014B
627067,FFF,2014B
627126,FFF,2014B
627176,FFF,2014B
627238,FFF,2014B
627247,FFF,2014B
627280,FFF,2014B
627379,FFF,2014B
627383,FFF,2014B
627417,FFF,2014B
627442,FFF,2014B
627468,FFF,2014B
627569,FFF,2014B
627595,FFF,2014B
627622,FFF,2014B
627651,FFF,2014B
627692,FFF,2014B
627717,FFF,2014B
627727,FFF,2014B
627751,FFF,2014B
627808,FFF,2014B
627840,FFF,2014B
627847,FFF,2014B
628004,FFF,2014B
628010,FFF,2014B
628034,FFF,2014B
628058,FFF,2014B
628098,FFF,2014B
628117,FFF,2014B
628140,FFF,2014B
628141,FFF,2014B
628143,FFF,2014B
628296,FFF,2014B
628307,FFF,2014B
628323,FFF,2014B
628361,FFF,2014B
628370,FFF,2014B
628443,FFF,2014B
628561,FFF,2014B
628666,FFF,2014B
628720,FFF,2014B
628725,FFF,2014B
628736,FFF,2014B
628803,FFF,2014B
628837,FFF,2014B
628841,FFF,2014B
628846,FFF,2014B
628925,FFF,2014B
628972,FFF,2014B
628978,FFF,2014B
628995,FFF,2014B
629119,FFF,2014B
629120,FFF,2014B
629163,FFF,2014B
629182,FFF,2014B
629244,FFF,2014B
629267,FFF,2014B
629291,FFF,2014B
629303,FFF,2014B
629404,FFF,2014B
629414,FFF,2014B
629459,FFF,2014B
629522,FFF,2014B
629541,FFF,2014B
629543,FFF,2014B
629603,FFF,2014B
629613,FFF,2014B
629655,FFF,2014B
629692,FFF,2014B
629735,FFF,2014B
629739,FFF,2014B
629762,FFF,2014B
629767,FFF,2014B
629867,FFF,2014B
629879,FFF,2014B
629881,FFF,2014B
629918,FFF,2014B
629928,FFF,2014B
629938,FFF,2014B
630013,FFF,2014B
630015,FFF,2014B
630045,FFF,2014B
630083,FFF,2014B
630129,FFF,2014B
630168,FFF,2014B
630177,FFF,2014B
630264,FFF,2014B
630269,FFF,2014B
630326,FFF,2014B
630426,FFF,2014B
630488,FFF,2014B
630491,FFF,2014B
630574,FFF,2014B
630634,FFF,2014B
630653,FFF,2014B
630654,FFF,2014B
630655,FFF,2014B
630671,FFF,2014B
630734,FFF,2014B
630748,FFF,2014B
630759,FFF,2014B
630782,FFF,2014B
630804,FFF,2014B
630830,FFF,2014B
630854,FFF,2014B
630859,FFF,2014B
630867,FFF,2014B
630868,FFF,2014B
630870,FFF,2014B
630891,FFF,2014B
630912,FFF,2014B
630924,FFF,2014B
630937,FFF,2014B
630950,FFF,2014B
631023,FFF,2014B
631075,FFF,2014B
631099,FFF,2014B
631104,FFF,2014B
631111,FFF,2014B
631135,FFF,2014B
631195,FFF,2014B
631235,FFF,2014B
631247,FFF,2014B
631300,FFF,2014B
631311,FFF,2014B
631327,FFF,2014B
631365,FFF,2014B
631467,FFF,2014B
631524,FFF,2014B
631654,FFF,2014B
631673,FFF,2014B
631680,FFF,2014B
631719,FFF,2014B
631765,FFF,2014B
631853,FFF,2014B
631860,FFF,2014B
631880,FFF,2014B
631884,FFF,2014B
631925,FFF,2014B
632044,FFF,2014B
632078,FFF,2014B
632114,FFF,2014B
632124,FFF,2014B
632143,FFF,2014B
632258,FFF,2014B
632306,FFF,2014B
632339,FFF,2014B
632363,FFF,2014B
632379,FFF,2014B
632380,FFF,2014B
632513,FFF,2014B
632544,FFF,2014B
632588,FFF,2014B
632621,FFF,2014B
632623,FFF,2014B
632691,FFF,2014B
632698,FFF,2014B
632705,FFF,2014B
632759,FFF,2014B
632801,FFF,2014B
632840,FFF,2014B
632841,FFF,2014B
632848,FFF,2014B
632895,FFF,2014B
632923,FFF,2014B
632929,FFF,2014B
632947,FFF,2014B
632958,FFF,2014B
632991,FFF,2014B
633047,FFF,2014B
633077,FFF,2014B
633100,FFF,2014B
633157,FFF,2014B
633179,FFF,2014B
633205,FFF,2014B
633207,FFF,2014B
633219,FFF,2014B
633221,FFF,2014B
633233,FFF,2014B
633238,FFF,2014B
633292,FFF,2014B
633297,FFF,2014B
633303,FFF,2014B
633319,FFF,2014B
633328,FFF,2014B
633388,FFF,2014B
633397,FFF,2014B
633401,FFF,2014B
633403,FFF,2014B
633411,FFF,2014B
633505,FFF,2014B
633625,FFF,2014B
633676,FFF,2014B
633691,FFF,2014B
633717,FFF,2014B
633739,FFF,2014B
633745,FFF,2014B
633756,FFF,2014B
633773,FFF,2014B
633840,FFF,2014B
633881,FFF,2014B
633884,FFF,2014B
633924,FFF,2014B
633983,FFF,2014B
634007,FFF,2014B
634057,FFF,2014B
634070,FFF,2014B
634099,FFF,2014B
634111,FFF,2014B
634139,FFF,2014B
634155,FFF,2014B
634165,FFF,2014B
634176,FFF,2014B
634187,FFF,2014B
634200,FFF,2014B
634209,FFF,2014B
634245,FFF,2014B
634252,FFF,2014B
634254,FFF,2014B
634260,FFF,2014B
634279,FFF,2014B
634339,FFF,2014B
634343,FFF,2014B
634349,FFF,2014B
634427,FFF,2014B
634429,FFF,2014B
634430,FFF,2014B
634431,FFF,2014B
634435,FFF,2014B
634479,FFF,2014B
634480,FFF,2014B
634500,FFF,2014B
634536,FFF,2014B
634539,FFF,2014B
634616,FFF,2014B
634635,FFF,2014B
634636,FFF,2014B
634682,FFF,2014B
634701,FFF,2014B
634784,FFF,2014B
634796,FFF,2014B
634820,FFF,2014B
634859,FFF,2014B
634919,FFF,2014B
634924,FFF,2014B
634946,FFF,2014B
634979,FFF,2014B
635034,FFF,2014B
635079,FFF,2014B
635124,FFF,2014B
1017773,FFF,2014B
1045091,FFF,2014B
1072259,FFF,2014B
1290731,FFF,2014B
1340760,FFF,2014B
1398489,FFF,2014B
1425806,FFF,2014B
1465407,FFF,2014B
1498823,FFF,2014B
1514245,FFF,2014B
1526059,FFF,2014B
1548052,FFF,2014B
1578222,FFF,2014B
1588621,FFF,2014B
1641117,FFF,2014B
1683192,FFF,2014B
1738364,FFF,2014B
1744817,FFF,2014B
1768223,FFF,2014B
1773925,FFF,2014B
1821249,FFF,2014B
1875728,FFF,2014B
1892879,FFF,2014B
1919240,FFF,2014B
1928947,FFF,2014B
1936935,FFF,2014B
1961652,FFF,2014B
1962128,FFF,2014B
1984169,FFF,2014B
1999952,FFF,2014B
2010245,FFF,2014B
2022750,FFF,2014B
2055321,FFF,2014B
2058815,FFF,2014B
2074627,FFF,2014B
2095576,FFF,2014B
2097046,FFF,2014B
2114529,FFF,2014B
2131008,FFF,2014B
2156172,FFF,2014B
2161710,FFF,2014B
2164266,FFF,2014B
2176759,FFF,2014B
2186992,FFF,2014B
2209846,FFF,2014B
2222615,FFF,2014B
2242595,FFF,2014B
2242732,FFF,2014B
2244285,FFF,2014B
2264054,FFF,2014B
2265419,FFF,2014B
2270880,FFF,2014B
2298316,FFF,2014B
2299808,FFF,2014B
2303413,FFF,2014B
2322813,FFF,2014B
2327494,FFF,2014B
2336654,FFF,2014B
2337362,FFF,2014B
2345438,FFF,2014B
2355214,FFF,2014B
2360071,FFF,2014B
2381745,FFF,2014B
2410519,FFF,2014B
2413895,FFF,2014B
2419081,FFF,2014B
2426332,FFF,2014B
2436584,FFF,2014B
2462281,FFF,2014B
2465589,FFF,2014B
2480886,FFF,2014B
2492219,FFF,2014B
2494338,FFF,2014B
2503799,FFF,2014B
2516163,FFF,2014B
2517983,FFF,2014B
2523915,FFF,2014B
2524794,FFF,2014B
2525633,FFF,2014B
2532785,FFF,2014B
2540424,FFF,2014B
2545629,FFF,2014B
2554552,FFF,2014B
2558365,FFF,2014B
2569942,FFF,2014B
2570929,FFF,2014B
2575119,FFF,2014B
2581536,FFF,2014B
2581654,FFF,2014B
2583997,FFF,2014B
2589352,FFF,2014B
2590531,FFF,2014B
2593175,FFF,2014B
2595058,FFF,2014B
2602542,FFF,2014B
2604975,FFF,2014B
2606636,FFF,2014B
2606890,FFF,2014B
2609955,FFF,2014B
2616978,FFF,2014B
2619719,FFF,2014B
2620930,FFF,2014B
2625021,FFF,2014B
2630284,FFF,2014B
2634654,FFF,2014B
2636921,FFF,2014B
2652268,FFF,2014B
2653007,FFF,2014B
2659650,FFF,2014B
2666213,FFF,2014B
2667478,FFF,2014B
2674773,FFF,2014B
2675061,FFF,2014B
2681270,FFF,2014B
2684417,FFF,2014B
2689210,FFF,2014B
2697885,FFF,2014B
31296,FFF,2014J
35747,FFF,2014J
35796,FFF,2014J
40857,FFF,2014J
40878,FFF,2014J
42552,FFF,2014J
43958,FFF,2014J
47861,FFF,2014J
52275,FFF,2014J
54772,FFF,2014J
56637,FFF,2014J
56667,FFF,2014J
58884,FFF,2014J
63112,FFF,2014J
64427,FFF,2014J
64777,FFF,2014J
66892,FFF,2014J
69439,FFF,2014J
71159,FFF,2014J
74165,FFF,2014J
75107,FFF,2014J
77692,FFF,2014J
77995,FFF,2014J
79610,FFF,2014J
80438,FFF,2014J
82201,FFF,2014J
84604,FFF,2014J
85241,FFF,2014J
87264,FFF,2014J
90651,FFF,2014J
94749,FFF,2014J
98256,FFF,2014J
102854,FFF,2014J
103594,FFF,2014J
105125,FFF,2014J
105939,FFF,2014J
109577,FFF,2014J
110820,FFF,2014J
113702,FFF,2014J
116529,FFF,2014J
119310,FFF,2014J
119865,FFF,2014J
125063,FFF,2014J
127179,FFF,2014J
129907,FFF,2014J
130409,FFF,2014J
132423,FFF,2014J
132475,FFF,2014J
135280,FFF,2014J
136944,FFF,2014J
139206,FFF,2014J
142310,FFF,2014J
143755,FFF,2014J
144959,FFF,2014J
149964,FFF,2014J
150282,FFF,2014J
152917,FFF,2014J
155938,FFF,2014J
157225,FFF,2014J
159906,FFF,2014J
159947,FFF,2014J
161837,FFF,2014J
164148,FFF,2014J
166123,FFF,2014J
166607,FFF,2014J
169596,FFF,2014J
170874,FFF,2014J
171692,FFF,2014J
172493,FFF,2014J
173412,FFF,2014J
177492,FFF,2014J
185994,FFF,2014J
191504,FFF,2014J
194163,FFF,2014J
195552,FFF,2014J
197188,FFF,2014J
197536,FFF,2014J
199009,FFF,2014J
204117,FFF,2014J
226955,FFF,2014J
228633,FFF,2014J
229498,FFF,2014J
230947,FFF,2014J
232173,FFF,2014J
235747,FFF,2014J
235971,FFF,2014J
236090,FFF,2014J
237891,FFF,2014J
238301,FFF,2014J
251166,FFF,2014J
253633,FFF,2014J
253763,FFF,2014J
258978,FFF,2014J
260275,FFF,2014J
261863,FFF,2014J
262025,FFF,2014J
262394,FFF,2014J
263143,FFF,2014J
263862,FFF,2014J
264589,FFF,2014J
265497,FFF,2014J
268727,FFF,2014J
268823,FFF,2014J
269584,FFF,2014J
271702,FFF,2014J
272704,FFF,2014J
275127,FFF,2014J
276265,FFF,2014J
276337,FFF,2014J
277384,FFF,2014J
279440,FFF,2014J
279653,FFF,2014J
281134,FFF,2014J
282849,FFF,2014J
283402,FFF,2014J
286778,FFF,2014J
287079,FFF,2014J
287258,FFF,2014J
287715,FFF,2014J
289179,FFF,2014J
289247,FFF,2014J
289676,FFF,2014J
294112,FFF,2014J
294219,FFF,2014J
294920,FFF,2014J
294929,FFF,2014J
295893,FFF,2014J
297218,FFF,2014J
300848,FFF,2014J
301074,FFF,2014J
301561,FFF,2014J
305659,FFF,2014J
312126,FFF,2014J
312231,FFF,2014J
315795,FFF,2014J
316061,FFF,2014J
316082,FFF,2014J
318139,FFF,2014J
318147,FFF,2014J
318289,FFF,2014J
319073,FFF,2014J
319461,FFF,2014J
320133,FFF,2014J
320612,FFF,2014J
322499,FFF,2014J
324331,FFF,2014J
325750,FFF,2014J
327664,FFF,2014J
328377,FFF,2014J
328797,FFF,2014J
331789,FFF,2014J
332676,FFF,2014J
334224,FFF,2014J
335095,FFF,2014J
337000,FFF,2014J
338689,FFF,2014J
338806,FFF,2014J
339519,FFF,2014J
340831,FFF,2014J
341093,FFF,2014J
341457,FFF,2014J
341629,FFF,2014J
343709,FFF,2014J
347197,FFF,2014J
348108,FFF,2014J
348324,FFF,2014J
348906,FFF,2014J
349515,FFF,2014J
349777,FFF,2014J
351293,FFF,2014J
354713,FFF,2014J
355293,FFF,2014J
357851,FFF,2014J
360278,FFF,2014J
360752,FFF,2014J
364066,FFF,2014J
366140,FFF,2014J
367151,FFF,2014J
368389,FFF,2014J
369450,FFF,2014J
369644,FFF,2014J
370735,FFF,2014J
372345,FFF,2014J
372509,FFF,2014J
372511,FFF,2014J
374353,FFF,2014J
375527,FFF,2014J
375993,FFF,2014J
378705,FFF,2014J
378946,FFF,2014J
379278,FFF,2014J
379563,FFF,2014J
380952,FFF,2014J
381257,FFF,2014J
381428,FFF,2014J
381529,FFF,2014J
383602,FFF,2014J
384107,FFF,2014J
384331,FFF,2014J
386121,FFF,2014J
386389,FFF,2014J
386956,FFF,2014J
389853,FFF,2014J
390070,FFF,2014J
393141,FFF,2014J
395758,FFF,2014J
396136,FFF,2014J
396683,FFF,2014J
396907,FFF,2014J
397219,FFF,2014J
397292,FFF,2014J
397671,FFF,2014J
398550,FFF,2014J
398630,FFF,2014J
402695,FFF,2014J
407232,FFF,2014J
408499,FFF,2014J
410407,FFF,2014J
410883,FFF,2014J
411688,FFF,2014J
412353,FFF,2014J
413180,FFF,2014J
413709,FFF,2014J
413949,FFF,2014J
416199,FFF,2014J
416407,FFF,2014J
416426,FFF,2014J
418201,FFF,2014J
418486,FFF,2014J
419059,FFF,2014J
419081,FFF,2014J
420834,FFF,2014J
421070,FFF,2014J
423210,FFF,2014J
423488,FFF,2014J
423781,FFF,2014J
425467,FFF,2014J
426410,FFF,2014J
427256,FFF,2014J
427485,FFF,2014J
429832,FFF,2014J
434476,FFF,2014J
435294,FFF,2014J
438063,FFF,2014J
438644,FFF,2014J
439950,FFF,2014J
439995,FFF,2014J
440818,FFF,2014J
441170,FFF,2014J
441421,FFF,2014J
441540,FFF,2014J
442199,FFF,2014J
442347,FFF,2014J
442563,FFF,2014J
442725,FFF,2014J
443151,FFF,2014J
443514,FFF,2014J
443696,FFF,2014J
444619,FFF,2014J
444907,FFF,2014J
445686,FFF,2014J
446778,FFF,2014J
464522,FFF,2014J
465009,FFF,2014J
465078,FFF,2014J
465121,FFF,2014J
465294,FFF,2014J
466120,FFF,2014J
466717,FFF,2014J
466987,FFF,2014J
467312,FFF,2014J
467363,FFF,2014J
468623,FFF,2014J
469499,FFF,2014J
470121,FFF,2014J
471284,FFF,2014J
471374,FFF,2014J
472401,FFF,2014J
474667,FFF,2014J
475015,FFF,2014J
475566,FFF,2014J
475699,FFF,2014J
476401,FFF,2014J
476629,FFF,2014J
479939,FFF,2014J
480303,FFF,2014J
481240,FFF,2014J
481717,FFF,2014J
482644,FFF,2014J
483037,FFF,2014J
483656,FFF,2014J
484010,FFF,2014J
484494,FFF,2014J
484594,FFF,2014J
485228,FFF,2014J
486087,FFF,2014J
486964,FFF,2014J
488136,FFF,2014J
488525,FFF,2014J
489048,FFF,2014J
489104,FFF,2014J
489493,FFF,2014J
489553,FFF,2014J
490297,FFF,2014J
491077,FFF,2014J
491126,FFF,2014J
491756,FFF,2014J
491863,FFF,2014J
491959,FFF,2014J
492024,FFF,2014J
492557,FFF,2014J
493793,FFF,2014J
494046,FFF,2014J
494184,FFF,2014J
496493,FFF,2014J
496815,FFF,2014J
497415,FFF,2014J
499244,FFF,2014J
499404,FFF,2014J
500068,FFF,2014J
500618,FFF,2014J
501897,FFF,2014J
503684,FFF,2014J
504270,FFF,2014J
504700,FFF,2014J
505773,FFF,2014J
507031,FFF,2014J
507311,FFF,2014J
507935,FFF,2014J
508626,FFF,2014J
509536,FFF,2014J
510762,FFF,2014J
511309,FFF,2014J
511350,FFF,2014J
511859,FFF,2014J
512335,FFF,2014J
513272,FFF,2014J
513428,FFF,2014J
514078,FFF,2014J
514556,FFF,2014J
516602,FFF,2014J
517551,FFF,2014J
518599,FFF,2014J
519115,FFF,2014J
521032,FFF,2014J
521115,FFF,2014J
521153,FFF,2014J
521703,FFF,2014J
522082,FFF,2014J
523017,FFF,2014J
523249,FFF,2014J
525523,FFF,2014J
526721,FFF,2014J
526819,FFF,2014J
527619,FFF,2014J
529693,FFF,2014J
530148,FFF,2014J
530196,FFF,2014J
531018,FFF,2014J
531871,FFF,2014J
532254,FFF,2014J
532744,FFF,2014J
533418,FFF,2014J
534018,FFF,2014J
534112,FFF,2014J
534457,FFF,2014J
535542,FFF,2014J
535671,FFF,2014J
535997,FFF,2014J
536351,FFF,2014J
536475,FFF,2014J
536963,FFF,2014J
537321,FFF,2014J
537606,FFF,2014J
537811,FFF,2014J
539913,FFF,2014J
539945,FFF,2014J
540155,FFF,2014J
540723,FFF,2014J
541532,FFF,2014J
541921,FFF,2014J
542202,FFF,2014J
542550,FFF,2014J
543432,FFF,2014J
544141,FFF,2014J
544745,FFF,2014J
546547,FFF,2014J
547347,FFF,2014J
549523,FFF,2014J
549847,FFF,2014J
550420,FFF,2014J
550703,FFF,2014J
552173,FFF,2014J
552832,FFF,2014J
553031,FFF,2014J
553284,FFF,2014J
553813,FFF,2014J
554525,FFF,2014J
555049,FFF,2014J
555277,FFF,2014J
555827,FFF,2014J
556126,FFF,2014J
557085,FFF,2014J
557290,FFF,2014J
557792,FFF,2014J
557830,FFF,2014J
558342,FFF,2014J
559882,FFF,2014J
560047,FFF,2014J
560459,FFF,2014J
560645,FFF,2014J
560659,FFF,2014J
560765,FFF,2014J
560823,FFF,2014J
561231,FFF,2014J
561311,FFF,2014J
561519,FFF,2014J
562064,FFF,2014J
562762,FFF,2014J
562990,FFF,2014J
563108,FFF,2014J
563414,FFF,2014J
564243,FFF,2014J
564770,FFF,2014J
564821,FFF,2014J
564933,FFF,2014J
565017,FFF,2014J
566823,FFF,2014J
567213,FFF,2014J
568443,FFF,2014J
568987,FFF,2014J
568998,FFF,2014J
569034,FFF,2014J
569556,FFF,2014J
569876,FFF,2014J
570213,FFF,2014J
570280,FFF,2014J
570689,FFF,2014J
571932,FFF,2014J
571950,FFF,2014J
572074,FFF,2014J
572265,FFF,2014J
572804,FFF,2014J
573291,FFF,2014J
573481,FFF,2014J
573583,FFF,2014J
573697,FFF,2014J
574068,FFF,2014J
574527,FFF,2014J
574695,FFF,2014J
575069,FFF,2014J
575302,FFF,2014J
575710,FFF,2014J
575983,FFF,2014J
576140,FFF,2014J
576423,FFF,2014J
577032,FFF,2014J
577429,FFF,2014J
577533,FFF,2014J
578152,FFF,2014J
578495,FFF,2014J
578847,FFF,2014J
579221,FFF,2014J
579660,FFF,2014J
579686,FFF,2014J
580459,FFF,2014J
580834,FFF,2014J
580845,FFF,2014J
580926,FFF,2014J
581219,FFF,2014J
581253,FFF,2014J
581659,FFF,2014J
581779,FFF,2014J
582034,FFF,2014J
582117,FFF,2014J
582141,FFF,2014J
582266,FFF,2014J
582332,FFF,2014J
582530,FFF,2014J
582653,FFF,2014J
582670,FFF,2014J
582749,FFF,2014J
583056,FFF,2014J
583318,FFF,2014J
584210,FFF,2014J
584362,FFF,2014J
584515,FFF,2014J
584673,FFF,2014J
585021,FFF,2014J
585224,FFF,2014J
585261,FFF,2014J
585284,FFF,2014J
585301,FFF,2014J
585503,FFF,2014J
585572,FFF,2014J
585724,FFF,2014J
585825,FFF,2014J
585958,FFF,2014J
586282,FFF,2014J
586811,FFF,2014J
586906,FFF,2014J
587571,FFF,2014J
587654,FFF,2014J
587706,FFF,2014J
588128,FFF,2014J
589080,FFF,2014J
589162,FFF,2014J
589332,FFF,2014J
589389,FFF,2014J
589441,FFF,2014J
589798,FFF,2014J
589828,FFF,2014J
590120,FFF,2014J
590462,FFF,2014J
590543,FFF,2014J
590818,FFF,2014J
591525,FFF,2014J
591581,FFF,2014J
591746,FFF,2014J
591946,FFF,2014J
592218,FFF,2014J
592233,FFF,2014J
592558,FFF,2014J
592657,FFF,2014J
592939,FFF,2014J
593136,FFF,2014J
593563,FFF,2014J
593722,FFF,2014J
593796,FFF,2014J
594065,FFF,2014J
594229,FFF,2014J
594258,FFF,2014J
594406,FFF,2014J
594636,FFF,2014J
595246,FFF,2014J
595262,FFF,2014J
595673,FFF,2014J
596052,FFF,2014J
596203,FFF,2014J
596243,FFF,2014J
596245,FFF,2014J
596253,FFF,2014J
596464,FFF,2014J
596693,FFF,2014J
596758,FFF,2014J
596805,FFF,2014J
597391,FFF,2014J
597937,FFF,2014J
598442,FFF,2014J
598540,FFF,2014J
598559,FFF,2014J
598582,FFF,2014J
598939,FFF,2014J
599007,FFF,2014J
599865,FFF,2014J
600071,FFF,2014J
600405,FFF,2014J
600893,FFF,2014J
601008,FFF,2014J
601180,FFF,2014J
601235,FFF,2014J
601271,FFF,2014J
602502,FFF,2014J
602594,FFF,2014J
603648,FFF,2014J
603931,FFF,2014J
604567,FFF,2014J
604614,FFF,2014J
604652,FFF,2014J
604907,FFF,2014J
605091,FFF,2014J
605180,FFF,2014J
605228,FFF,2014J
605394,FFF,2014J
605682,FFF,2014J
606293,FFF,2014J
606428,FFF,2014J
606904,FFF,2014J
607243,FFF,2014J
607533,FFF,2014J
607679,FFF,2014J
607700,FFF,2014J
607733,FFF,2014J
607866,FFF,2014J
608248,FFF,2014J
609142,FFF,2014J
609240,FFF,2014J
611465,FFF,2014J
612763,FFF,2014J
612842,FFF,2014J
613330,FFF,2014J
613634,FFF,2014J
613899,FFF,2014J
614059,FFF,2014J
614984,FFF,2014J
615266,FFF,2014J
615299,FFF,2014J
615301,FFF,2014J
615302,FFF,2014J
615328,FFF,2014J
615340,FFF,2014J
615342,FFF,2014J
615356,FFF,2014J
616517,FFF,2014J
617010,FFF,2014J
617119,FFF,2014J
617130,FFF,2014J
617332,FFF,2014J
617436,FFF,2014J
617580,FFF,2014J
617783,FFF,2014J
617922,FFF,2014J
618252,FFF,2014J
618663,FFF,2014J
619292,FFF,2014J
619321,FFF,2014J
619887,FFF,2014J
620094,FFF,2014J
620112,FFF,2014J
620269,FFF,2014J
620349,FFF,2014J
620431,FFF,2014J
620740,FFF,2014J
620750,FFF,2014J
620810,FFF,2014J
620824,FFF,2014J
621307,FFF,2014J
622275,FFF,2014J
622362,FFF,2014J
622760,FFF,2014J
622910,FFF,2014J
622934,FFF,2014J
622967,FFF,2014J
623166,FFF,2014J
623230,FFF,2014J
623471,FFF,2014J
623589,FFF,2014J
623765,FFF,2014J
623917,FFF,2014J
623945,FFF,2014J
623955,FFF,2014J
624282,FFF,2014J
624740,FFF,2014J
624864,FFF,2014J
624970,FFF,2014J
625245,FFF,2014J
625515,FFF,2014J
625609,FFF,2014J
625743,FFF,2014J
625802,FFF,2014J
625838,FFF,2014J
626033,FFF,2014J
626349,FFF,2014J
626416,FFF,2014J
626454,FFF,2014J
626477,FFF,2014J
626514,FFF,2014J
626539,FFF,2014J
626552,FFF,2014J
627238,FFF,2014J
627365,FFF,2014J
627379,FFF,2014J
627443,FFF,2014J
627840,FFF,2014J
628054,FFF,2014J
628157,FFF,2014J
628308,FFF,2014J
628363,FFF,2014J
628383,FFF,2014J
628521,FFF,2014J
629182,FFF,2014J
629394,FFF,2014J
629491,FFF,2014J
629522,FFF,2014J
629594,FFF,2014J
629818,FFF,2014J
629944,FFF,2014J
630109,FFF,2014J
630158,FFF,2014J
630168,FFF,2014J
630289,FFF,2014J
630510,FFF,2014J
630745,FFF,2014J
630835,FFF,2014J
630905,FFF,2014J
630910,FFF,2014J
630992,FFF,2014J
631075,FFF,2014J
631193,FFF,2014J
631438,FFF,2014J
631524,FFF,2014J
631658,FFF,2014J
631681,FFF,2014J
631715,FFF,2014J
631740,FFF,2014J
631750,FFF,2014J
631772,FFF,2014J
631837,FFF,2014J
632074,FFF,2014J
632179,FFF,2014J
632276,FFF,2014J
632290,FFF,2014J
632458,FFF,2014J
632556,FFF,2014J
632597,FFF,2014J
632836,FFF,2014J
633079,FFF,2014J
633516,FFF,2014J
633555,FFF,2014J
633628,FFF,2014J
633867,FFF,2014J
633931,FFF,2014J
634088,FFF,2014J
634512,FFF,2014J
634526,FFF,2014J
634749,FFF,2014J
634888,FFF,2014J
634943,FFF,2014J
635079,FFF,2014J
635165,FFF,2014J
635191,FFF,2014J
635271,FFF,2014J
635746,FFF,2014J
635751,FFF,2014J
635903,FFF,2014J
635985,FFF,2014J
636314,FFF,2014J
636375,FFF,2014J
636400,FFF,2014J
636407,FFF,2014J
636408,FFF,2014J
636469,FFF,2014J
636492,FFF,2014J
636547,FFF,2014J
636565,FFF,2014J
636634,FFF,2014J
636653,FFF,2014J
636656,FFF,2014J
636749,FFF,2014J
636783,FFF,2014J
636830,FFF,2014J
637004,FFF,2014J
637089,FFF,2014J
637338,FFF,2014J
637358,FFF,2014J
637474,FFF,2014J
637509,FFF,2014J
637514,FFF,2014J
637563,FFF,2014J
637582,FFF,2014J
637708,FFF,2014J
637800,FFF,2014J
637906,FFF,2014J
637939,FFF,2014J
637980,FFF,2014J
638034,FFF,2014J
638388,FFF,2014J
638411,FFF,2014J
638414,FFF,2014J
638425,FFF,2014J
638515,FFF,2014J
638625,FFF,2014J
638831,FFF,2014J
639028,FFF,2014J
639234,FFF,2014J
639238,FFF,2014J
639522,FFF,2014J
639993,FFF,2014J
640098,FFF,2014J
640278,FFF,2014J
640329,FFF,2014J
640393,FFF,2014J
640429,FFF,2014J
640552,FFF,2014J
640584,FFF,2014J
640711,FFF,2014J
640752,FFF,2014J
640774,FFF,2014J
640848,FFF,2014J
640927,FFF,2014J
641085,FFF,2014J
641137,FFF,2014J
641265,FFF,2014J
641307,FFF,2014J
641309,FFF,2014J
641311,FFF,2014J
641363,FFF,2014J
641401,FFF,2014J
641404,FFF,2014J
641433,FFF,2014J
641470,FFF,2014J
641547,FFF,2014J
641565,FFF,2014J
641804,FFF,2014J
641864,FFF,2014J
641866,FFF,2014J
642013,FFF,2014J
642029,FFF,2014J
642375,FFF,2014J
642448,FFF,2014J
642449,FFF,2014J
642496,FFF,2014J
642498,FFF,2014J
642536,FFF,2014J
642551,FFF,2014J
642626,FFF,2014J
642730,FFF,2014J
642740,FFF,2014J
642750,FFF,2014J
642790,FFF,2014J
642840,FFF,2014J
642843,FFF,2014J
642872,FFF,2014J
642909,FFF,2014J
642939,FFF,2014J
643024,FFF,2014J
643069,FFF,2014J
643220,FFF,2014J
643273,FFF,2014J
643326,FFF,2014J
643372,FFF,2014J
643379,FFF,2014J
643496,FFF,2014J
643502,FFF,2014J
643591,FFF,2014J
643653,FFF,2014J
643690,FFF,2014J
643696,FFF,2014J
643751,FFF,2014J
643754,FFF,2014J
643757,FFF,2014J
644025,FFF,2014J
644210,FFF,2014J
644303,FFF,2014J
644343,FFF,2014J
644361,FFF,2014J
644369,FFF,2014J
644430,FFF,2014J
644508,FFF,2014J
644784,FFF,2014J
644791,FFF,2014J
644834,FFF,2014J
644847,FFF,2014J
644871,FFF,2014J
644885,FFF,2014J
644934,FFF,2014J
644936,FFF,2014J
644974,FFF,2014J
645003,FFF,2014J
645078,FFF,2014J
645145,FFF,2014J
645366,FFF,2014J
645405,FFF,2014J
645407,FFF,2014J
645433,FFF,2014J
645496,FFF,2014J
645518,FFF,2014J
645529,FFF,2014J
645586,FFF,2014J
645618,FFF,2014J
645638,FFF,2014J
645705,FFF,2014J
645732,FFF,2014J
645784,FFF,2014J
645790,FFF,2014J
645800,FFF,2014J
645880,FFF,2014J
645948,FFF,2014J
645960,FFF,2014J
645997,FFF,2014J
646015,FFF,2014J
646017,FFF,2014J
646053,FFF,2014J
646083,FFF,2014J
646085,FFF,2014J
646120,FFF,2014J
646138,FFF,2014J
646313,FFF,2014J
646357,FFF,2014J
646402,FFF,2014J
646460,FFF,2014J
646498,FFF,2014J
646539,FFF,2014J
646613,FFF,2014J
646638,FFF,2014J
646670,FFF,2014J
646734,FFF,2014J
646750,FFF,2014J
646778,FFF,2014J
646807,FFF,2014J
646972,FFF,2014J
647005,FFF,2014J
647033,FFF,2014J
647040,FFF,2014J
647072,FFF,2014J
647111,FFF,2014J
647154,FFF,2014J
647169,FFF,2014J
647171,FFF,2014J
647284,FFF,2014J
647320,FFF,2014J
647321,FFF,2014J
647324,FFF,2014J
647348,FFF,2014J
647391,FFF,2014J
647398,FFF,2014J
647399,FFF,2014J
647425,FFF,2014J
647485,FFF,2014J
647496,FFF,2014J
647525,FFF,2014J
647594,FFF,2014J
647598,FFF,2014J
647765,FFF,2014J
647799,FFF,2014J
647841,FFF,2014J
647898,FFF,2014J
647915,FFF,2014J
647945,FFF,2014J
647987,FFF,2014J
648027,FFF,2014J
648037,FFF,2014J
648040,FFF,2014J
648086,FFF,2014J
648105,FFF,2014J
648114,FFF,2014J
648116,FFF,2014J
648137,FFF,2014J
648140,FFF,2014J
648190,FFF,2014J
648244,FFF,2014J
648254,FFF,2014J
648287,FFF,2014J
648353,FFF,2014J
648365,FFF,2014J
648366,FFF,2014J
648455,FFF,2014J
648457,FFF,2014J
648470,FFF,2014J
648477,FFF,2014J
648508,FFF,2014J
648515,FFF,2014J
648521,FFF,2014J
648531,FFF,2014J
648536,FFF,2014J
648546,FFF,2014J
648564,FFF,2014J
648576,FFF,2014J
648590,FFF,2014J
648605,FFF,2014J
648611,FFF,2014J
648613,FFF,2014J
648650,FFF,2014J
648685,FFF,2014J
648804,FFF,2014J
648815,FFF,2014J
648863,FFF,2014J
648867,FFF,2014J
648927,FFF,2014J
648930,FFF,2014J
648972,FFF,2014J
648995,FFF,2014J
649004,FFF,2014J
649009,FFF,2014J
649020,FFF,2014J
649028,FFF,2014J
649036,FFF,2014J
649084,FFF,2014J
649093,FFF,2014J
649141,FFF,2014J
649147,FFF,2014J
649159,FFF,2014J
649165,FFF,2014J
649207,FFF,2014J
649212,FFF,2014J
649230,FFF,2014J
649258,FFF,2014J
649284,FFF,2014J
649325,FFF,2014J
649336,FFF,2014J
649379,FFF,2014J
649385,FFF,2014J
649389,FFF,2014J
649400,FFF,2014J
649457,FFF,2014J
649469,FFF,2014J
649523,FFF,2014J
649547,FFF,2014J
649566,FFF,2014J
649580,FFF,2014J
649619,FFF,2014J
649735,FFF,2014J
649764,FFF,2014J
649849,FFF,2014J
649891,FFF,2014J
649954,FFF,2014J
650031,FFF,2014J
650048,FFF,2014J
650052,FFF,2014J
650054,FFF,2014J
650085,FFF,2014J
650123,FFF,2014J
650160,FFF,2014J
650285,FFF,2014J
650287,FFF,2014J
650353,FFF,2014J
650363,FFF,2014J
650398,FFF,2014J
650400,FFF,2014J
650424,FFF,2014J
650461,FFF,2014J
650464,FFF,2014J
650469,FFF,2014J
650543,FFF,2014J
650570,FFF,2014J
650637,FFF,2014J
650682,FFF,2014J
650716,FFF,2014J
650758,FFF,2014J
650791,FFF,2014J
650861,FFF,2014J
650866,FFF,2014J
650923,FFF,2014J
650952,FFF,2014J
650960,FFF,2014J
651121,FFF,2014J
651126,FFF,2014J
651182,FFF,2014J
651200,FFF,2014J
651238,FFF,2014J
651253,FFF,2014J
651255,FFF,2014J
651334,FFF,2014J
651351,FFF,2014J
651354,FFF,2014J
651381,FFF,2014J
651398,FFF,2014J
651419,FFF,2014J
651478,FFF,2014J
651498,FFF,2014J
651555,FFF,2014J
651598,FFF,2014J
651611,FFF,2014J
651639,FFF,2014J
651879,FFF,2014J
651972,FFF,2014J
651990,FFF,2014J
652064,FFF,2014J
652087,FFF,2014J
652311,FFF,2014J
652333,FFF,2014J
652335,FFF,2014J
652336,FFF,2014J
652438,FFF,2014J
652569,FFF,2014J
652576,FFF,2014J
652593,FFF,2014J
652625,FFF,2014J
652659,FFF,2014J
652664,FFF,2014J
652672,FFF,2014J
652711,FFF,2014J
652752,FFF,2014J
652753,FFF,2014J
652769,FFF,2014J
652788,FFF,2014J
652801,FFF,2014J
652824,FFF,2014J
652832,FFF,2014J
652887,FFF,2014J
652890,FFF,2014J
652898,FFF,2014J
652994,FFF,2014J
652998,FFF,2014J
653045,FFF,2014J
653051,FFF,2014J
653115,FFF,2014J
653144,FFF,2014J
653183,FFF,2014J
653206,FFF,2014J
653297,FFF,2014J
653336,FFF,2014J
653372,FFF,2014J
653417,FFF,2014J
653536,FFF,2014J
653567,FFF,2014J
653616,FFF,2014J
653653,FFF,2014J
653659,FFF,2014J
653747,FFF,2014J
653773,FFF,2014J
653797,FFF,2014J
653841,FFF,2014J
653848,FFF,2014J
653854,FFF,2014J
653857,FFF,2014J
653988,FFF,2014J
654045,FFF,2014J
654048,FFF,2014J
654094,FFF,2014J
654112,FFF,2014J
654114,FFF,2014J
654169,FFF,2014J
654217,FFF,2014J
654228,FFF,2014J
654236,FFF,2014J
654260,FFF,2014J
654289,FFF,2014J
654322,FFF,2014J
654338,FFF,2014J
654351,FFF,2014J
654432,FFF,2014J
654441,FFF,2014J
654563,FFF,2014J
654565,FFF,2014J
654578,FFF,2014J
654597,FFF,2014J
654619,FFF,2014J
654671,FFF,2014J
654677,FFF,2014J
654698,FFF,2014J
654738,FFF,2014J
654816,FFF,2014J
654834,FFF,2014J
654852,FFF,2014J
654867,FFF,2014J
654943,FFF,2014J
654947,FFF,2014J
655028,FFF,2014J
655115,FFF,2014J
655124,FFF,2014J
655127,FFF,2014J
655353,FFF,2014J
655386,FFF,2014J
655402,FFF,2014J
655412,FFF,2014J
655416,FFF,2014J
655417,FFF,2014J
655445,FFF,2014J
655492,FFF,2014J
655569,FFF,2014J
655627,FFF,2014J
655720,FFF,2014J
655747,FFF,2014J
655796,FFF,2014J
655852,FFF,2014J
655927,FFF,2014J
655981,FFF,2014J
656029,FFF,2014J
656065,FFF,2014J
656086,FFF,2014J
656092,FFF,2014J
656102,FFF,2014J
656107,FFF,2014J
656131,FFF,2014J
656145,FFF,2014J
656150,FFF,2014J
656158,FFF,2014J
656159,FFF,2014J
656165,FFF,2014J
656234,FFF,2014J
656323,FFF,2014J
656353,FFF,2014J
656360,FFF,2014J
656414,FFF,2014J
656436,FFF,2014J
656441,FFF,2014J
656510,FFF,2014J
656512,FFF,2014J
656519,FFF,2014J
656529,FFF,2014J
656565,FFF,2014J
656579,FFF,2014J
656599,FFF,2014J
656607,FFF,2014J
656677,FFF,2014J
656693,FFF,2014J
656734,FFF,2014J
656791,FFF,2014J
656800,FFF,2014J
656882,FFF,2014J
656988,FFF,2014J
656996,FFF,2014J
657118,FFF,2014J
657181,FFF,2014J
657184,FFF,2014J
657211,FFF,2014J
657220,FFF,2014J
657344,FFF,2014J
674222,FFF,2014J
674226,FFF,2014J
674260,FFF,2014J
674262,FFF,2014J
674320,FFF,2014J
674387,FFF,2014J
674406,FFF,2014J
674451,FFF,2014J
674478,FFF,2014J
674484,FFF,2014J
674497,FFF,2014J
674584,FFF,2014J
674594,FFF,2014J
674617,FFF,2014J
674644,FFF,2014J
674657,FFF,2014J
674671,FFF,2014J
674691,FFF,2014J
674764,FFF,2014J
674814,FFF,2014J
674831,FFF,2014J
674921,FFF,2014J
674935,FFF,2014J
674970,FFF,2014J
675002,FFF,2014J
675046,FFF,2014J
675054,FFF,2014J
675127,FFF,2014J
675193,FFF,2014J
675233,FFF,2014J
675261,FFF,2014J
675279,FFF,2014J
675315,FFF,2014J
675328,FFF,2014J
675337,FFF,2014J
675474,FFF,2014J
675486,FFF,2014J
675514,FFF,2014J
675636,FFF,2014J
675669,FFF,2014J
675710,FFF,2014J
675824,FFF,2014J
675829,FFF,2014J
675843,FFF,2014J
676007,FFF,2014J
676040,FFF,2014J
676064,FFF,2014J
676103,FFF,2014J
676139,FFF,2014J
676190,FFF,2014J
676194,FFF,2014J
676265,FFF,2014J
676303,FFF,2014J
676320,FFF,2014J
676378,FFF,2014J
676444,FFF,2014J
676478,FFF,2014J
676492,FFF,2014J
676600,FFF,2014J
676866,FFF,2014J
676882,FFF,2014J
676930,FFF,2014J
677027,FFF,2014J
677081,FFF,2014J
677085,FFF,2014J
677138,FFF,2014J
677206,FFF,2014J
677221,FFF,2014J
677235,FFF,2014J
677327,FFF,2014J
677369,FFF,2014J
677382,FFF,2014J
677400,FFF,2014J
677436,FFF,2014J
677456,FFF,2014J
677486,FFF,2014J
677546,FFF,2014J
677582,FFF,2014J
677608,FFF,2014J
677643,FFF,2014J
677655,FFF,2014J
677687,FFF,2014J
677748,FFF,2014J
677767,FFF,2014J
677782,FFF,2014J
677828,FFF,2014J
677833,FFF,2014J
677867,FFF,2014J
677869,FFF,2014J
678005,FFF,2014J
678044,FFF,2014J
678088,FFF,2014J
678127,FFF,2014J
678203,FFF,2014J
678235,FFF,2014J
678270,FFF,2014J
678287,FFF,2014J
678346,FFF,2014J
678381,FFF,2014J
678397,FFF,2014J
678452,FFF,2014J
678474,FFF,2014J
678528,FFF,2014J
678619,FFF,2014J
678628,FFF,2014J
678659,FFF,2014J
678769,FFF,2014J
678819,FFF,2014J
678831,FFF,2014J
678859,FFF,2014J
678877,FFF,2014J
678946,FFF,2014J
678954,FFF,2014J
679036,FFF,2014J
679111,FFF,2014J
679119,FFF,2014J
679251,FFF,2014J
679262,FFF,2014J
679269,FFF,2014J
679278,FFF,2014J
679337,FFF,2014J
679342,FFF,2014J
679384,FFF,2014J
679386,FFF,2014J
679402,FFF,2014J
679445,FFF,2014J
679498,FFF,2014J
679509,FFF,2014J
679594,FFF,2014J
679676,FFF,2014J
679688,FFF,2014J
679749,FFF,2014J
679788,FFF,2014J
679790,FFF,2014J
679938,FFF,2014J
679939,FFF,2014J
680014,FFF,2014J
680018,FFF,2014J
680072,FFF,2014J
680080,FFF,2014J
680145,FFF,2014J
680212,FFF,2014J
680222,FFF,2014J
680231,FFF,2014J
680255,FFF,2014J
680266,FFF,2014J
680270,FFF,2014J
680273,FFF,2014J
680312,FFF,2014J
680322,FFF,2014J
680343,FFF,2014J
680348,FFF,2014J
680349,FFF,2014J
680410,FFF,2014J
680464,FFF,2014J
680506,FFF,2014J
680517,FFF,2014J
680572,FFF,2014J
680708,FFF,2014J
680713,FFF,2014J
680714,FFF,2014J
680715,FFF,2014J
680747,FFF,2014J
680766,FFF,2014J
680855,FFF,2014J
680872,FFF,2014J
680912,FFF,2014J
680938,FFF,2014J
680955,FFF,2014J
680974,FFF,2014J
681004,FFF,2014J
681052,FFF,2014J
681063,FFF,2014J
681152,FFF,2014J
681235,FFF,2014J
681277,FFF,2014J
681298,FFF,2014J
681328,FFF,2014J
681335,FFF,2014J
681341,FFF,2014J
681393,FFF,2014J
681452,FFF,2014J
681490,FFF,2014J
681608,FFF,2014J
681633,FFF,2014J
681652,FFF,2014J
681655,FFF,2014J
681658,FFF,2014J
681691,FFF,2014J
681735,FFF,2014J
681755,FFF,2014J
681973,FFF,2014J
682015,FFF,2014J
682019,FFF,2014J
682050,FFF,2014J
682070,FFF,2014J
682142,FFF,2014J
682276,FFF,2014J
682298,FFF,2014J
682358,FFF,2014J
682359,FFF,2014J
682390,FFF,2014J
682391,FFF,2014J
682436,FFF,2014J
682437,FFF,2014J
682482,FFF,2014J
682504,FFF,2014J
682505,FFF,2014J
682511,FFF,2014J
682524,FFF,2014J
682539,FFF,2014J
682565,FFF,2014J
682569,FFF,2014J
682578,FFF,2014J
682596,FFF,2014J
682613,FFF,2014J
682617,FFF,2014J
682632,FFF,2014J
682671,FFF,2014J
682695,FFF,2014J
682753,FFF,2014J
682839,FFF,2014J
682863,FFF,2014J
682894,FFF,2014J
682946,FFF,2014J
682981,FFF,2014J
682982,FFF,2014J
682983,FFF,2014J
682985,FFF,2014J
683094,FFF,2014J
683144,FFF,2014J
683177,FFF,2014J
683178,FFF,2014J
683243,FFF,2014J
683305,FFF,2014J
683323,FFF,2014J
683346,FFF,2014J
683347,FFF,2014J
683352,FFF,2014J
683353,FFF,2014J
683360,FFF,2014J
683375,FFF,2014J
683403,FFF,2014J
683427,FFF,2014J
683446,FFF,2014J
683508,FFF,2014J
683530,FFF,2014J
683547,FFF,2014J
683550,FFF,2014J
683555,FFF,2014J
683576,FFF,2014J
683624,FFF,2014J
683628,FFF,2014J
683642,FFF,2014J
683699,FFF,2014J
683745,FFF,2014J
683764,FFF,2014J
683772,FFF,2014J
683820,FFF,2014J
683832,FFF,2014J
683902,FFF,2014J
683912,FFF,2014J
684013,FFF,2014J
684014,FFF,2014J
684183,FFF,2014J
684311,FFF,2014J
684383,FFF,2014J
684572,FFF,2014J
684579,FFF,2014J
684592,FFF,2014J
684594,FFF,2014J
684671,FFF,2014J
684675,FFF,2014J
684676,FFF,2014J
684726,FFF,2014J
684981,FFF,2014J
684983,FFF,2014J
685004,FFF,2014J
685042,FFF,2014J
685100,FFF,2014J
685105,FFF,2014J
685128,FFF,2014J
685140,FFF,2014J
685155,FFF,2014J
685192,FFF,2014J
685276,FFF,2014J
685283,FFF,2014J
685330,FFF,2014J
685339,FFF,2014J
685367,FFF,2014J
685373,FFF,2014J
685439,FFF,2014J
685512,FFF,2014J
685565,FFF,2014J
685663,FFF,2014J
685683,FFF,2014J
685705,FFF,2014J
685708,FFF,2014J
685802,FFF,2014J
685831,FFF,2014J
685860,FFF,2014J
685920,FFF,2014J
685952,FFF,2014J
685998,FFF,2014J
686065,FFF,2014J
686100,FFF,2014J
686317,FFF,2014J
686358,FFF,2014J
686448,FFF,2014J
686458,FFF,2014J
686498,FFF,2014J
686558,FFF,2014J
686700,FFF,2014J
686786,FFF,2014J
686799,FFF,2014J
686852,FFF,2014J
687007,FFF,2014J
687033,FFF,2014J
687073,FFF,2014J
687112,FFF,2014J
687288,FFF,2014J
687304,FFF,2014J
687319,FFF,2014J
687331,FFF,2014J
687341,FFF,2014J
687345,FFF,2014J
687351,FFF,2014J
687410,FFF,2014J
687434,FFF,2014J
687448,FFF,2014J
687468,FFF,2014J
687485,FFF,2014J
687510,FFF,2014J
687525,FFF,2014J
687686,FFF,2014J
687747,FFF,2014J
687752,FFF,2014J
687795,FFF,2014J
687846,FFF,2014J
687910,FFF,2014J
687930,FFF,2014J
687931,FFF,2014J
687988,FFF,2014J
688005,FFF,2014J
688008,FFF,2014J
688071,FFF,2014J
688097,FFF,2014J
688159,FFF,2014J
688187,FFF,2014J
688192,FFF,2014J
688250,FFF,2014J
688251,FFF,2014J
688265,FFF,2014J
688326,FFF,2014J
688337,FFF,2014J
688442,FFF,2014J
688453,FFF,2014J
688475,FFF,2014J
688509,FFF,2014J
688532,FFF,2014J
688664,FFF,2014J
688685,FFF,2014J
688891,FFF,2014J
688895,FFF,2014J
688904,FFF,2014J
688937,FFF,2014J
688964,FFF,2014J
688976,FFF,2014J
689005,FFF,2014J
689051,FFF,2014J
689052,FFF,2014J
689225,FFF,2014J
689260,FFF,2014J
689280,FFF,2014J
689290,FFF,2014J
689347,FFF,2014J
689352,FFF,2014J
689498,FFF,2014J
689533,FFF,2014J
689626,FFF,2014J
689640,FFF,2014J
689747,FFF,2014J
689761,FFF,2014J
689827,FFF,2014J
689855,FFF,2014J
689924,FFF,2014J
689977,FFF,2014J
690075,FFF,2014J
690137,FFF,2014J
690174,FFF,2014J
690296,FFF,2014J
690382,FFF,2014J
690559,FFF,2014J
690585,FFF,2014J
690631,FFF,2014J
690635,FFF,2014J
690656,FFF,2014J
690687,FFF,2014J
690746,FFF,2014J
690832,FFF,2014J
690872,FFF,2014J
690962,FFF,2014J
691056,FFF,2014J
691177,FFF,2014J
691253,FFF,2014J
691269,FFF,2014J
691280,FFF,2014J
691288,FFF,2014J
691326,FFF,2014J
691465,FFF,2014J
691563,FFF,2014J
691699,FFF,2014J
691722,FFF,2014J
691805,FFF,2014J
691873,FFF,2014J
691932,FFF,2014J
692010,FFF,2014J
692097,FFF,2014J
692189,FFF,2014J
692219,FFF,2014J
692220,FFF,2014J
692273,FFF,2014J
692454,FFF,2014J
692612,FFF,2014J
692632,FFF,2014J
692740,FFF,2014J
692893,FFF,2014J
692898,FFF,2014J
692962,FFF,2014J
692968,FFF,2014J
692976,FFF,2014J
693160,FFF,2014J
693162,FFF,2014J
693197,FFF,2014J
693223,FFF,2014J
693246,FFF,2014J
693345,FFF,2014J
693373,FFF,2014J
693448,FFF,2014J
693497,FFF,2014J
693519,FFF,2014J
693573,FFF,2014J
693628,FFF,2014J
693629,FFF,2014J
693806,FFF,2014J
693812,FFF,2014J
693903,FFF,2014J
693906,FFF,2014J
693907,FFF,2014J
694059,FFF,2014J
694128,FFF,2014J
694144,FFF,2014J
694284,FFF,2014J
694376,FFF,2014J
694415,FFF,2014J
694428,FFF,2014J
694456,FFF,2014J
694464,FFF,2014J
694622,FFF,2014J
694669,FFF,2014J
695090,FFF,2014J
695169,FFF,2014J
695220,FFF,2014J
695251,FFF,2014J
695369,FFF,2014J
695380,FFF,2014J
695416,FFF,2014J
695449,FFF,2014J
695471,FFF,2014J
695485,FFF,2014J
695550,FFF,2014J
695637,FFF,2014J
695676,FFF,2014J
695700,FFF,2014J
695748,FFF,2014J
695764,FFF,2014J
695926,FFF,2014J
696039,FFF,2014J
696043,FFF,2014J
696071,FFF,2014J
696082,FFF,2014J
696091,FFF,2014J
696188,FFF,2014J
696253,FFF,2014J
696275,FFF,2014J
696276,FFF,2014J
696318,FFF,2014J
696329,FFF,2014J
696364,FFF,2014J
696410,FFF,2014J
696583,FFF,2014J
696615,FFF,2014J
696653,FFF,2014J
696659,FFF,2014J
696662,FFF,2014J
696664,FFF,2014J
696671,FFF,2014J
696678,FFF,2014J
696729,FFF,2014J
696981,FFF,2014J
696985,FFF,2014J
697027,FFF,2014J
697042,FFF,2014J
697114,FFF,2014J
697192,FFF,2014J
697204,FFF,2014J
697215,FFF,2014J
697255,FFF,2014J
697257,FFF,2014J
697299,FFF,2014J
697438,FFF,2014J
697478,FFF,2014J
697529,FFF,2014J
697554,FFF,2014J
697581,FFF,2014J
697878,FFF,2014J
697998,FFF,2014J
698015,FFF,2014J
698020,FFF,2014J
698112,FFF,2014J
698157,FFF,2014J
698193,FFF,2014J
698233,FFF,2014J
698384,FFF,2014J
698407,FFF,2014J
698485,FFF,2014J
698656,FFF,2014J
698762,FFF,2014J
699126,FFF,2014J
699127,FFF,2014J
699128,FFF,2014J
836614,FFF,2014J
884652,FFF,2014J
900936,FFF,2014J
1318759,FFF,2014J
1348205,FFF,2014J
1424608,FFF,2014J
1449171,FFF,2014J
1459010,FFF,2014J
1473878,FFF,2014J
1477284,FFF,2014J
1501577,FFF,2014J
1514245,FFF,2014J
1532711,FFF,2014J
1537796,FFF,2014J
1585671,FFF,2014J
1588621,FFF,2014J
1603549,FFF,2014J
1629444,FFF,2014J
1631797,FFF,2014J
1640680,FFF,2014J
1658963,FFF,2014J
1683192,FFF,2014J
1722493,FFF,2014J
1733664,FFF,2014J
1745145,FFF,2014J
1752994,FFF,2014J
1755594,FFF,2014J
1765045,FFF,2014J
1766102,FFF,2014J
1771775,FFF,2014J
1796402,FFF,2014J
1816458,FFF,2014J
1818385,FFF,2014J
1836241,FFF,2014J
1866233,FFF,2014J
1871598,FFF,2014J
1871684,FFF,2014J
1873360,FFF,2014J
1877902,FFF,2014J
1879321,FFF,2014J
1881231,FFF,2014J
1887108,FFF,2014J
1889752,FFF,2014J
1895399,FFF,2014J
1961652,FFF,2014J
1962062,FFF,2014J
1972092,FFF,2014J
1972368,FFF,2014J
1998834,FFF,2014J
2017487,FFF,2014J
2020628,FFF,2014J
2028523,FFF,2014J
2029571,FFF,2014J
2035700,FFF,2014J
2036893,FFF,2014J
2047575,FFF,2014J
2065972,FFF,2014J
2067799,FFF,2014J
2071670,FFF,2014J
2081123,FFF,2014J
2088982,FFF,2014J
2096251,FFF,2014J
2104819,FFF,2014J
2106955,FFF,2014J
2107747,FFF,2014J
2113446,FFF,2014J
2137697,FFF,2014J
2138970,FFF,2014J
2140300,FFF,2014J
2143312,FFF,2014J
2143440,FFF,2014J
2146013,FFF,2014J
2154361,FFF,2014J
2160316,FFF,2014J
2161710,FFF,2014J
2178837,FFF,2014J
2180090,FFF,2014J
2195853,FFF,2014J
2197766,FFF,2014J
2223401,FFF,2014J
2254637,FFF,2014J
2256134,FFF,2014J
2282620,FFF,2014J
2298106,FFF,2014J
2298895,FFF,2014J
2306410,FFF,2014J
2316717,FFF,2014J
2339267,FFF,2014J
2341420,FFF,2014J
2342045,FFF,2014J
2343785,FFF,2014J
2351969,FFF,2014J
2366656,FFF,2014J
2378208,FFF,2014J
2386732,FFF,2014J
2395016,FFF,2014J
2398260,FFF,2014J
2399758,FFF,2014J
2403701,FFF,2014J
2417433,FFF,2014J
2417975,FFF,2014J
2424257,FFF,2014J
2427845,FFF,2014J
2438784,FFF,2014J
2459292,FFF,2014J
2462281,FFF,2014J
2468232,FFF,2014J
2470326,FFF,2014J
2480886,FFF,2014J
2486215,FFF,2014J
2486930,FFF,2014J
2497090,FFF,2014J
2499307,FFF,2014J
2504129,FFF,2014J
2505058,FFF,2014J
2519138,FFF,2014J
2521574,FFF,2014J
2529052,FFF,2014J
2529419,FFF,2014J
2530976,FFF,2014J
2535160,FFF,2014J
2537777,FFF,2014J
2540871,FFF,2014J
2542209,FFF,2014J
2550534,FFF,2014J
2557008,FFF,2014J
2558365,FFF,2014J
2559144,FFF,2014J
2579891,FFF,2014J
2584244,FFF,2014J
2599162,FFF,2014J
2599883,FFF,2014J
2602253,FFF,2014J
2602542,FFF,2014J
2612102,FFF,2014J
2612728,FFF,2014J
2613827,FFF,2014J
2622634,FFF,2014J
2624028,FFF,2014J
2626417,FFF,2014J
2630284,FFF,2014J
2641156,FFF,2014J
2643472,FFF,2014J
2649121,FFF,2014J
2649948,FFF,2014J
2652532,FFF,2014J
2661012,FFF,2014J
2667478,FFF,2014J
2678580,FFF,2014J
2681198,FFF,2014J
2682682,FFF,2014J
2682745,FFF,2014J
2683857,FFF,2014J
2684048,FFF,2014J
2686035,FFF,2014J
2687012,FFF,2014J
2694139,FFF,2014J
2697921,FFF,2014J
2702660,FFF,2014J
24391,GGG,2013J
26023,GGG,2013J
32239,GGG,2013J
35001,GGG,2013J
60405,GGG,2013J
62975,GGG,2013J
75442,GGG,2013J
80448,GGG,2013J
82341,GGG,2013J
96117,GGG,2013J
121056,GGG,2013J
122459,GGG,2013J
122636,GGG,2013J
129212,GGG,2013J
138710,GGG,2013J
142990,GGG,2013J
155256,GGG,2013J
159484,GGG,2013J
164922,GGG,2013J
166183,GGG,2013J
189664,GGG,2013J
233153,GGG,2013J
236848,GGG,2013J
239095,GGG,2013J
253208,GGG,2013J
253567,GGG,2013J
261718,GGG,2013J
266626,GGG,2013J
276830,GGG,2013J
279747,GGG,2013J
285705,GGG,2013J
286160,GGG,2013J
290658,GGG,2013J
292136,GGG,2013J
296993,GGG,2013J
298186,GGG,2013J
300508,GGG,2013J
303165,GGG,2013J
306610,GGG,2013J
311158,GGG,2013J
313070,GGG,2013J
319331,GGG,2013J
324095,GGG,2013J
325909,GGG,2013J
330177,GGG,2013J
332715,GGG,2013J
339727,GGG,2013J
339853,GGG,2013J
348579,GGG,2013J
349360,GGG,2013J
352382,GGG,2013J
368245,GGG,2013J
368969,GGG,2013J
369378,GGG,2013J
375600,GGG,2013J
375882,GGG,2013J
379113,GGG,2013J
379844,GGG,2013J
383420,GGG,2013J
392215,GGG,2013J
393451,GGG,2013J
395954,GGG,2013J
396145,GGG,2013J
401139,GGG,2013J
404325,GGG,2013J
411105,GGG,2013J
416355,GGG,2013J
417220,GGG,2013J
427321,GGG,2013J
428301,GGG,2013J
433165,GGG,2013J
434478,GGG,2013J
439677,GGG,2013J
444943,GGG,2013J
445086,GGG,2013J
465724,GGG,2013J
466900,GGG,2013J
470340,GGG,2013J
472911,GGG,2013J
473271,GGG,2013J
473924,GGG,2013J
474067,GGG,2013J
477165,GGG,2013J
477468,GGG,2013J
478784,GGG,2013J
479442,GGG,2013J
479595,GGG,2013J
481404,GGG,2013J
481772,GGG,2013J
483123,GGG,2013J
483158,GGG,2013J
483959,GGG,2013J
488853,GGG,2013J
489222,GGG,2013J
489624,GGG,2013J
493763,GGG,2013J
494291,GGG,2013J
495276,GGG,2013J
496224,GGG,2013J
497074,GGG,2013J
497190,GGG,2013J
497278,GGG,2013J
500112,GGG,2013J
500720,GGG,2013J
503663,GGG,2013J
505754,GGG,2013J
506679,GGG,2013J
509034,GGG,2013J
509277,GGG,2013J
510737,GGG,2013J
511571,GGG,2013J
512258,GGG,2013J
514699,GGG,2013J
515496,GGG,2013J
516434,GGG,2013J
519091,GGG,2013J
519185,GGG,2013J
521164,GGG,2013J
522561,GGG,2013J
522731,GGG,2013J
523419,GGG,2013J
523803,GGG,2013J
527742,GGG,2013J
530826,GGG,2013J
531224,GGG,2013J
534251,GGG,2013J
536647,GGG,2013J
537181,GGG,2013J
537662,GGG,2013J
537670,GGG,2013J
539436,GGG,2013J
541252,GGG,2013J
543557,GGG,2013J
544615,GGG,2013J
544898,GGG,2013J
545313,GGG,2013J
545785,GGG,2013J
546192,GGG,2013J
546457,GGG,2013J
546754,GGG,2013J
548388,GGG,2013J
549887,GGG,2013J
549909,GGG,2013J
549973,GGG,2013J
553643,GGG,2013J
554967,GGG,2013J
556509,GGG,2013J
556520,GGG,2013J
556523,GGG,2013J
557031,GGG,2013J
557085,GGG,2013J
559919,GGG,2013J
560328,GGG,2013J
561148,GGG,2013J
561163,GGG,2013J
561884,GGG,2013J
562696,GGG,2013J
563612,GGG,2013J
564190,GGG,2013J
564609,GGG,2013J
565002,GGG,2013J
565222,GGG,2013J
565525,GGG,2013J
565640,GGG,2013J
565892,GGG,2013J
565993,GGG,2013J
566153,GGG,2013J
566183,GGG,2013J
566603,GGG,2013J
566923,GGG,2013J
566963,GGG,2013J
567325,GGG,2013J
567831,GGG,2013J
567987,GGG,2013J
568118,GGG,2013J
568288,GGG,2013J
568539,GGG,2013J
569253,GGG,2013J
569381,GGG,2013J
569511,GGG,2013J
569679,GGG,2013J
569984,GGG,2013J
570529,GGG,2013J
570801,GGG,2013J
571334,GGG,2013J
571577,GGG,2013J
571696,GGG,2013J
571768,GGG,2013J
571883,GGG,2013J
571896,GGG,2013J
571952,GGG,2013J
572335,GGG,2013J
572388,GGG,2013J
572663,GGG,2013J
572714,GGG,2013J
573134,GGG,2013J
573331,GGG,2013J
573460,GGG,2013J
573464,GGG,2013J
573510,GGG,2013J
574238,GGG,2013J
574504,GGG,2013J
574606,GGG,2013J
574642,GGG,2013J
574857,GGG,2013J
574948,GGG,2013J
574957,GGG,2013J
574960,GGG,2013J
574988,GGG,2013J
575000,GGG,2013J
575061,GGG,2013J
575080,GGG,2013J
575136,GGG,2013J
575355,GGG,2013J
575454,GGG,2013J
575488,GGG,2013J
575554,GGG,2013J
575559,GGG,2013J
575691,GGG,2013J
575984,GGG,2013J
576143,GGG,2013J
576371,GGG,2013J
576425,GGG,2013J
576445,GGG,2013J
576488,GGG,2013J
576593,GGG,2013J
576654,GGG,2013J
576761,GGG,2013J
576948,GGG,2013J
577439,GGG,2013J
577456,GGG,2013J
577471,GGG,2013J
577820,GGG,2013J
577827,GGG,2013J
577888,GGG,2013J
578140,GGG,2013J
578207,GGG,2013J
578375,GGG,2013J
578378,GGG,2013J
578666,GGG,2013J
578940,GGG,2013J
578941,GGG,2013J
578977,GGG,2013J
579020,GGG,2013J
579201,GGG,2013J
579203,GGG,2013J
579309,GGG,2013J
579381,GGG,2013J
579528,GGG,2013J
579572,GGG,2013J
579661,GGG,2013J
580095,GGG,2013J
580669,GGG,2013J
580860,GGG,2013J
580870,GGG,2013J
581062,GGG,2013J
581063,GGG,2013J
581239,GGG,2013J
581414,GGG,2013J
581485,GGG,2013J
581510,GGG,2013J
581606,GGG,2013J
581652,GGG,2013J
581889,GGG,2013J
581956,GGG,2013J
581965,GGG,2013J
582005,GGG,2013J
582039,GGG,2013J
582309,GGG,2013J
582460,GGG,2013J
582486,GGG,2013J
582536,GGG,2013J
582649,GGG,2013J
582697,GGG,2013J
582709,GGG,2013J
582710,GGG,2013J
583146,GGG,2013J
583502,GGG,2013J
583532,GGG,2013J
583623,GGG,2013J
583625,GGG,2013J
583664,GGG,2013J
583721,GGG,2013J
583730,GGG,2013J
583827,GGG,2013J
583973,GGG,2013J
584143,GGG,2013J
584195,GGG,2013J
584299,GGG,2013J
584448,GGG,2013J
584500,GGG,2013J
584509,GGG,2013J
584512,GGG,2013J
584710,GGG,2013J
584712,GGG,2013J
584733,GGG,2013J
584827,GGG,2013J
584836,GGG,2013J
584844,GGG,2013J
584942,GGG,2013J
584969,GGG,2013J
585025,GGG,2013J
585058,GGG,2013J
585114,GGG,2013J
585141,GGG,2013J
585147,GGG,2013J
585156,GGG,2013J
585199,GGG,2013J
585236,GGG,2013J
585297,GGG,2013J
585445,GGG,2013J
585457,GGG,2013J
585518,GGG,2013J
585608,GGG,2013J
585613,GGG,2013J
585702,GGG,2013J
585768,GGG,2013J
585801,GGG,2013J
585841,GGG,2013J
585847,GGG,2013J
586083,GGG,2013J
586158,GGG,2013J
586196,GGG,2013J
586287,GGG,2013J
586324,GGG,2013J
586367,GGG,2013J
586370,GGG,2013J
586423,GGG,2013J
586493,GGG,2013J
586524,GGG,2013J
586563,GGG,2013J
586598,GGG,2013J
586639,GGG,2013J
586660,GGG,2013J
586689,GGG,2013J
586787,GGG,2013J
586814,GGG,2013J
586818,GGG,2013J
586914,GGG,2013J
586981,GGG,2013J
587004,GGG,2013J
587161,GGG,2013J
587183,GGG,2013J
587275,GGG,2013J
587283,GGG,2013J
587330,GGG,2013J
587374,GGG,2013J
587506,GGG,2013J
587523,GGG,2013J
587852,GGG,2013J
587975,GGG,2013J
588008,GGG,2013J
588014,GGG,2013J
588078,GGG,2013J
588105,GGG,2013J
588106,GGG,2013J
588133,GGG,2013J
588138,GGG,2013J
588233,GGG,2013J
588314,GGG,2013J
588363,GGG,2013J
588367,GGG,2013J
588382,GGG,2013J
588391,GGG,2013J
588505,GGG,2013J
588522,GGG,2013J
588528,GGG,2013J
588963,GGG,2013J
589048,GGG,2013J
589126,GGG,2013J
589147,GGG,2013J
589198,GGG,2013J
589493,GGG,2013J
589507,GGG,2013J
589558,GGG,2013J
589690,GGG,2013J
589702,GGG,2013J
589734,GGG,2013J
589744,GGG,2013J
589845,GGG,2013J
589914,GGG,2013J
589919,GGG,2013J
589927,GGG,2013J
589990,GGG,2013J
590028,GGG,2013J
590046,GGG,2013J
590147,GGG,2013J
590213,GGG,2013J
590215,GGG,2013J
590248,GGG,2013J
590353,GGG,2013J
590540,GGG,2013J
590590,GGG,2013J
590593,GGG,2013J
590662,GGG,2013J
590711,GGG,2013J
590764,GGG,2013J
590835,GGG,2013J
591179,GGG,2013J
591216,GGG,2013J
591225,GGG,2013J
591243,GGG,2013J
591294,GGG,2013J
591321,GGG,2013J
591409,GGG,2013J
591464,GGG,2013J
591549,GGG,2013J
591588,GGG,2013J
591602,GGG,2013J
591671,GGG,2013J
591804,GGG,2013J
591814,GGG,2013J
591819,GGG,2013J
591837,GGG,2013J
591849,GGG,2013J
591859,GGG,2013J
592043,GGG,2013J
592056,GGG,2013J
592059,GGG,2013J
592127,GGG,2013J
592272,GGG,2013J
592287,GGG,2013J
592361,GGG,2013J
592444,GGG,2013J
592448,GGG,2013J
592451,GGG,2013J
592737,GGG,2013J
592880,GGG,2013J
592882,GGG,2013J
593010,GGG,2013J
593013,GGG,2013J
593017,GGG,2013J
593127,GGG,2013J
593246,GGG,2013J
593337,GGG,2013J
593431,GGG,2013J
593438,GGG,2013J
593546,GGG,2013J
593569,GGG,2013J
593734,GGG,2013J
593793,GGG,2013J
593819,GGG,2013J
593842,GGG,2013J
593858,GGG,2013J
593954,GGG,2013J
594188,GGG,2013J
594196,GGG,2013J
594554,GGG,2013J
594625,GGG,2013J
594727,GGG,2013J
594745,GGG,2013J
594771,GGG,2013J
594834,GGG,2013J
594943,GGG,2013J
595185,GGG,2013J
595256,GGG,2013J
595305,GGG,2013J
595335,GGG,2013J
595434,GGG,2013J
595535,GGG,2013J
595908,GGG,2013J
595927,GGG,2013J
595977,GGG,2013J
596071,GGG,2013J
596075,GGG,2013J
596089,GGG,2013J
596091,GGG,2013J
596143,GGG,2013J
596208,GGG,2013J
596214,GGG,2013J
596221,GGG,2013J
596255,GGG,2013J
596301,GGG,2013J
596358,GGG,2013J
596376,GGG,2013J
596527,GGG,2013J
596618,GGG,2013J
596636,GGG,2013J
596694,GGG,2013J
596697,GGG,2013J
596801,GGG,2013J
596819,GGG,2013J
596943,GGG,2013J
597023,GGG,2013J
597045,GGG,2013J
597058,GGG,2013J
597060,GGG,2013J
597097,GGG,2013J
597114,GGG,2013J
597152,GGG,2013J
597212,GGG,2013J
597253,GGG,2013J
597289,GGG,2013J
597299,GGG,2013J
597333,GGG,2013J
597360,GGG,2013J
597597,GGG,2013J
597617,GGG,2013J
597669,GGG,2013J
597936,GGG,2013J
597941,GGG,2013J
597971,GGG,2013J
598107,GGG,2013J
598176,GGG,2013J
598178,GGG,2013J
598226,GGG,2013J
598406,GGG,2013J
598420,GGG,2013J
598421,GGG,2013J
598546,GGG,2013J
598667,GGG,2013J
598731,GGG,2013J
598762,GGG,2013J
598824,GGG,2013J
598840,GGG,2013J
598921,GGG,2013J
599000,GGG,2013J
599080,GGG,2013J
599267,GGG,2013J
599278,GGG,2013J
599306,GGG,2013J
599385,GGG,2013J
599410,GGG,2013J
599503,GGG,2013J
599553,GGG,2013J
599804,GGG,2013J
599815,GGG,2013J
599853,GGG,2013J
599963,GGG,2013J
600081,GGG,2013J
600097,GGG,2013J
600266,GGG,2013J
600273,GGG,2013J
600277,GGG,2013J
600305,GGG,2013J
600320,GGG,2013J
600325,GGG,2013J
600461,GGG,2013J
600514,GGG,2013J
600566,GGG,2013J
600733,GGG,2013J
600895,GGG,2013J
600906,GGG,2013J
600908,GGG,2013J
601122,GGG,2013J
601123,GGG,2013J
601125,GGG,2013J
601126,GGG,2013J
601132,GGG,2013J
601199,GGG,2013J
601239,GGG,2013J
601275,GGG,2013J
601276,GGG,2013J
601280,GGG,2013J
601319,GGG,2013J
601360,GGG,2013J
601464,GGG,2013J
601465,GGG,2013J
601511,GGG,2013J
601529,GGG,2013J
601546,GGG,2013J
601581,GGG,2013J
601605,GGG,2013J
601645,GGG,2013J
601854,GGG,2013J
601914,GGG,2013J
601939,GGG,2013J
601963,GGG,2013J
601983,GGG,2013J
601997,GGG,2013J
602004,GGG,2013J
602023,GGG,2013J
602026,GGG,2013J
602072,GGG,2013J
602168,GGG,2013J
602175,GGG,2013J
602401,GGG,2013J
602531,GGG,2013J
602573,GGG,2013J
602604,GGG,2013J
602607,GGG,2013J
602711,GGG,2013J
602768,GGG,2013J
602780,GGG,2013J
602997,GGG,2013J
603044,GGG,2013J
603058,GGG,2013J
603164,GGG,2013J
603328,GGG,2013J
603365,GGG,2013J
603573,GGG,2013J
603579,GGG,2013J
603585,GGG,2013J
603740,GGG,2013J
603763,GGG,2013J
603913,GGG,2013J
603918,GGG,2013J
604064,GGG,2013J
604096,GGG,2013J
604110,GGG,2013J
604153,GGG,2013J
604213,GGG,2013J
604336,GGG,2013J
604423,GGG,2013J
604471,GGG,2013J
604498,GGG,2013J
604534,GGG,2013J
604588,GGG,2013J
604721,GGG,2013J
604930,GGG,2013J
604980,GGG,2013J
605072,GGG,2013J
605156,GGG,2013J
605301,GGG,2013J
605306,GGG,2013J
605521,GGG,2013J
605692,GGG,2013J
605861,GGG,2013J
605920,GGG,2013J
605939,GGG,2013J
605977,GGG,2013J
606028,GGG,2013J
606052,GGG,2013J
606233,GGG,2013J
606245,GGG,2013J
606391,GGG,2013J
606409,GGG,2013J
606418,GGG,2013J
606435,GGG,2013J
606463,GGG,2013J
606497,GGG,2013J
606570,GGG,2013J
606574,GGG,2013J
606869,GGG,2013J
607018,GGG,2013J
607163,GGG,2013J
607256,GGG,2013J
607293,GGG,2013J
607337,GGG,2013J
607443,GGG,2013J
607483,GGG,2013J
607507,GGG,2013J
607510,GGG,2013J
607514,GGG,2013J
607548,GGG,2013J
607754,GGG,2013J
607797,GGG,2013J
607798,GGG,2013J
607827,GGG,2013J
607912,GGG,2013J
607957,GGG,2013J
608114,GGG,2013J
608115,GGG,2013J
608306,GGG,2013J
608318,GGG,2013J
608672,GGG,2013J
608693,GGG,2013J
608714,GGG,2013J
609330,GGG,2013J
609403,GGG,2013J
609535,GGG,2013J
609538,GGG,2013J
609557,GGG,2013J
609567,GGG,2013J
609761,GGG,2013J
609837,GGG,2013J
609900,GGG,2013J
609979,GGG,2013J
610012,GGG,2013J
610057,GGG,2013J
610347,GGG,2013J
610380,GGG,2013J
610530,GGG,2013J
610557,GGG,2013J
610569,GGG,2013J
610597,GGG,2013J
610738,GGG,2013J
610739,GGG,2013J
610749,GGG,2013J
611138,GGG,2013J
611177,GGG,2013J
611215,GGG,2013J
611218,GGG,2013J
611241,GGG,2013J
611331,GGG,2013J
611580,GGG,2013J
1319732,GGG,2013J
1341096,GGG,2013J
1347253,GGG,2013J
1470552,GGG,2013J
1498979,GGG,2013J
1516666,GGG,2013J
1615575,GGG,2013J
1678445,GGG,2013J
1699264,GGG,2013J
1720448,GGG,2013J
1756915,GGG,2013J
1813731,GGG,2013J
1828078,GGG,2013J
1873505,GGG,2013J
1930019,GGG,2013J
1932526,GGG,2013J
1969985,GGG,2013J
1986974,GGG,2013J
1993905,GGG,2013J
2002057,GGG,2013J
2019921,GGG,2013J
2035700,GGG,2013J
2048119,GGG,2013J
2067146,GGG,2013J
2180994,GGG,2013J
2181700,GGG,2013J
2237783,GGG,2013J
2246073,GGG,2013J
2248072,GGG,2013J
2248779,GGG,2013J
2254271,GGG,2013J
2271264,GGG,2013J
2280643,GGG,2013J
2285156,GGG,2013J
2312783,GGG,2013J
2343354,GGG,2013J
2349926,GGG,2013J
2365602,GGG,2013J
2369187,GGG,2013J
2379431,GGG,2013J
2386281,GGG,2013J
2387566,GGG,2013J
2394352,GGG,2013J
2420364,GGG,2013J
2440133,GGG,2013J
2462584,GGG,2013J
2464917,GGG,2013J
2477040,GGG,2013J
2482885,GGG,2013J
2498139,GGG,2013J
2511859,GGG,2013J
2516931,GGG,2013J
2519972,GGG,2013J
2540288,GGG,2013J
2540450,GGG,2013J
2542291,GGG,2013J
2555098,GGG,2013J
2561971,GGG,2013J
2591672,GGG,2013J
2599817,GGG,2013J
2621695,GGG,2013J
2638532,GGG,2013J
2653027,GGG,2013J
2656100,GGG,2013J
2670570,GGG,2013J
2673510,GGG,2013J
2674822,GGG,2013J
2679386,GGG,2013J
2679694,GGG,2013J
24186,GGG,2014B
29985,GGG,2014B
31107,GGG,2014B
38187,GGG,2014B
41414,GGG,2014B
49123,GGG,2014B
64901,GGG,2014B
81754,GGG,2014B
96423,GGG,2014B
109772,GGG,2014B
112441,GGG,2014B
116319,GGG,2014B
118474,GGG,2014B
122337,GGG,2014B
124944,GGG,2014B
131820,GGG,2014B
133068,GGG,2014B
134123,GGG,2014B
145388,GGG,2014B
146192,GGG,2014B
152671,GGG,2014B
159571,GGG,2014B
160479,GGG,2014B
160945,GGG,2014B
164451,GGG,2014B
165898,GGG,2014B
178935,GGG,2014B
184137,GGG,2014B
191235,GGG,2014B
198315,GGG,2014B
203963,GGG,2014B
204550,GGG,2014B
204738,GGG,2014B
233461,GGG,2014B
245802,GGG,2014B
261342,GGG,2014B
279839,GGG,2014B
282962,GGG,2014B
283035,GGG,2014B
285193,GGG,2014B
285223,GGG,2014B
299536,GGG,2014B
304106,GGG,2014B
305792,GGG,2014B
345737,GGG,2014B
345881,GGG,2014B
350473,GGG,2014B
359645,GGG,2014B
365084,GGG,2014B
366371,GGG,2014B
366771,GGG,2014B
374266,GGG,2014B
380238,GGG,2014B
380894,GGG,2014B
383420,GGG,2014B
384035,GGG,2014B
385228,GGG,2014B
391937,GGG,2014B
393682,GGG,2014B
394024,GGG,2014B
398029,GGG,2014B
406751,GGG,2014B
411546,GGG,2014B
414668,GGG,2014B
414696,GGG,2014B
415818,GGG,2014B
417096,GGG,2014B
426547,GGG,2014B
441791,GGG,2014B
442561,GGG,2014B
442618,GGG,2014B
442877,GGG,2014B
442949,GGG,2014B
443387,GGG,2014B
447475,GGG,2014B
469284,GGG,2014B
472511,GGG,2014B
480086,GGG,2014B
480590,GGG,2014B
481762,GGG,2014B
482677,GGG,2014B
483582,GGG,2014B
487278,GGG,2014B
488445,GGG,2014B
492909,GGG,2014B
496978,GGG,2014B
501755,GGG,2014B
502709,GGG,2014B
502763,GGG,2014B
503201,GGG,2014B
506533,GGG,2014B
507334,GGG,2014B
508573,GGG,2014B
508924,GGG,2014B
510874,GGG,2014B
511228,GGG,2014B
511492,GGG,2014B
515051,GGG,2014B
518145,GGG,2014B
518661,GGG,2014B
519910,GGG,2014B
521644,GGG,2014B
523427,GGG,2014B
532441,GGG,2014B
532473,GGG,2014B
533054,GGG,2014B
538918,GGG,2014B
541044,GGG,2014B
541890,GGG,2014B
542562,GGG,2014B
543910,GGG,2014B
547155,GGG,2014B
549603,GGG,2014B
550515,GGG,2014B
550662,GGG,2014B
550758,GGG,2014B
551562,GGG,2014B
552486,GGG,2014B
553640,GGG,2014B
556406,GGG,2014B
556463,GGG,2014B
562628,GGG,2014B
563301,GGG,2014B
566818,GGG,2014B
568863,GGG,2014B
569093,GGG,2014B
571089,GGG,2014B
573834,GGG,2014B
575199,GGG,2014B
575217,GGG,2014B
575324,GGG,2014B
575693,GGG,2014B
575709,GGG,2014B
576416,GGG,2014B
576658,GGG,2014B
577000,GGG,2014B
577275,GGG,2014B
577474,GGG,2014B
577792,GGG,2014B
578389,GGG,2014B
578452,GGG,2014B
579692,GGG,2014B
582033,GGG,2014B
582283,GGG,2014B
583101,GGG,2014B
583686,GGG,2014B
583687,GGG,2014B
586054,GGG,2014B
586494,GGG,2014B
587287,GGG,2014B
587613,GGG,2014B
588031,GGG,2014B
588940,GGG,2014B
589009,GGG,2014B
590445,GGG,2014B
590739,GGG,2014B
590758,GGG,2014B
591563,GGG,2014B
592001,GGG,2014B
593121,GGG,2014B
593785,GGG,2014B
594167,GGG,2014B
594723,GGG,2014B
594908,GGG,2014B
595102,GGG,2014B
595343,GGG,2014B
595572,GGG,2014B
596307,GGG,2014B
596513,GGG,2014B
596588,GGG,2014B
597037,GGG,2014B
598017,GGG,2014B
598127,GGG,2014B
598496,GGG,2014B
599144,GGG,2014B
599276,GGG,2014B
599277,GGG,2014B
599467,GGG,2014B
599620,GGG,2014B
600035,GGG,2014B
600714,GGG,2014B
601064,GGG,2014B
602061,GGG,2014B
602616,GGG,2014B
602858,GGG,2014B
602997,GGG,2014B
603064,GGG,2014B
603124,GGG,2014B
604482,GGG,2014B
604504,GGG,2014B
604901,GGG,2014B
605176,GGG,2014B
605375,GGG,2014B
605445,GGG,2014B
605702,GGG,2014B
605828,GGG,2014B
606101,GGG,2014B
606175,GGG,2014B
606274,GGG,2014B
606296,GGG,2014B
606389,GGG,2014B
606705,GGG,2014B
606707,GGG,2014B
606858,GGG,2014B
607530,GGG,2014B
607536,GGG,2014B
607547,GGG,2014B
607762,GGG,2014B
608109,GGG,2014B
608221,GGG,2014B
608596,GGG,2014B
608628,GGG,2014B
608649,GGG,2014B
608907,GGG,2014B
609297,GGG,2014B
609326,GGG,2014B
609365,GGG,2014B
610127,GGG,2014B
610336,GGG,2014B
610461,GGG,2014B
610917,GGG,2014B
611195,GGG,2014B
611351,GGG,2014B
611489,GGG,2014B
611496,GGG,2014B
611534,GGG,2014B
611612,GGG,2014B
611629,GGG,2014B
611962,GGG,2014B
612002,GGG,2014B
612039,GGG,2014B
612089,GGG,2014B
612149,GGG,2014B
612207,GGG,2014B
612319,GGG,2014B
612385,GGG,2014B
612459,GGG,2014B
612565,GGG,2014B
612620,GGG,2014B
612621,GGG,2014B
612709,GGG,2014B
612711,GGG,2014B
612797,GGG,2014B
612870,GGG,2014B
612929,GGG,2014B
613015,GGG,2014B
613039,GGG,2014B
613131,GGG,2014B
613227,GGG,2014B
613235,GGG,2014B
613300,GGG,2014B
613407,GGG,2014B
613611,GGG,2014B
613616,GGG,2014B
613639,GGG,2014B
613646,GGG,2014B
613675,GGG,2014B
613691,GGG,2014B
613720,GGG,2014B
613972,GGG,2014B
613981,GGG,2014B
613988,GGG,2014B
613993,GGG,2014B
614129,GGG,2014B
614142,GGG,2014B
614162,GGG,2014B
614204,GGG,2014B
614224,GGG,2014B
614233,GGG,2014B
614249,GGG,2014B
614262,GGG,2014B
614398,GGG,2014B
614419,GGG,2014B
614424,GGG,2014B
614571,GGG,2014B
614582,GGG,2014B
614892,GGG,2014B
614893,GGG,2014B
615001,GGG,2014B
615078,GGG,2014B
615085,GGG,2014B
615103,GGG,2014B
615283,GGG,2014B
615300,GGG,2014B
615327,GGG,2014B
615377,GGG,2014B
615401,GGG,2014B
615404,GGG,2014B
615425,GGG,2014B
615487,GGG,2014B
616338,GGG,2014B
616457,GGG,2014B
616512,GGG,2014B
616595,GGG,2014B
616629,GGG,2014B
616672,GGG,2014B
616706,GGG,2014B
616727,GGG,2014B
616742,GGG,2014B
616851,GGG,2014B
616866,GGG,2014B
617107,GGG,2014B
617114,GGG,2014B
617238,GGG,2014B
617346,GGG,2014B
617470,GGG,2014B
617578,GGG,2014B
617611,GGG,2014B
617700,GGG,2014B
617745,GGG,2014B
617883,GGG,2014B
617886,GGG,2014B
617889,GGG,2014B
617909,GGG,2014B
618024,GGG,2014B
618088,GGG,2014B
618176,GGG,2014B
618244,GGG,2014B
618444,GGG,2014B
618579,GGG,2014B
618767,GGG,2014B
618846,GGG,2014B
618887,GGG,2014B
618893,GGG,2014B
619013,GGG,2014B
619107,GGG,2014B
619212,GGG,2014B
619284,GGG,2014B
619478,GGG,2014B
619481,GGG,2014B
619483,GGG,2014B
619926,GGG,2014B
619945,GGG,2014B
620179,GGG,2014B
620197,GGG,2014B
620218,GGG,2014B
620317,GGG,2014B
620490,GGG,2014B
620522,GGG,2014B
620552,GGG,2014B
620561,GGG,2014B
620564,GGG,2014B
620728,GGG,2014B
620946,GGG,2014B
620956,GGG,2014B
620982,GGG,2014B
621017,GGG,2014B
621025,GGG,2014B
621319,GGG,2014B
621331,GGG,2014B
621342,GGG,2014B
621459,GGG,2014B
621478,GGG,2014B
621693,GGG,2014B
621755,GGG,2014B
621923,GGG,2014B
622074,GGG,2014B
622166,GGG,2014B
622245,GGG,2014B
622252,GGG,2014B
622352,GGG,2014B
622356,GGG,2014B
622382,GGG,2014B
622387,GGG,2014B
622432,GGG,2014B
622433,GGG,2014B
622482,GGG,2014B
622500,GGG,2014B
622516,GGG,2014B
622886,GGG,2014B
623029,GGG,2014B
623072,GGG,2014B
623233,GGG,2014B
623322,GGG,2014B
623335,GGG,2014B
623416,GGG,2014B
623418,GGG,2014B
623442,GGG,2014B
623457,GGG,2014B
623602,GGG,2014B
623778,GGG,2014B
623804,GGG,2014B
623831,GGG,2014B
623859,GGG,2014B
623919,GGG,2014B
623953,GGG,2014B
623988,GGG,2014B
624099,GGG,2014B
624199,GGG,2014B
624226,GGG,2014B
624230,GGG,2014B
624321,GGG,2014B
624327,GGG,2014B
624430,GGG,2014B
624433,GGG,2014B
624455,GGG,2014B
624569,GGG,2014B
624650,GGG,2014B
624667,GGG,2014B
624706,GGG,2014B
624714,GGG,2014B
624767,GGG,2014B
624777,GGG,2014B
624795,GGG,2014B
624828,GGG,2014B
624906,GGG,2014B
624912,GGG,2014B
624938,GGG,2014B
624940,GGG,2014B
625106,GGG,2014B
625376,GGG,2014B
625540,GGG,2014B
625544,GGG,2014B
625545,GGG,2014B
625676,GGG,2014B
625722,GGG,2014B
625775,GGG,2014B
625875,GGG,2014B
625903,GGG,2014B
625912,GGG,2014B
625930,GGG,2014B
626023,GGG,2014B
626091,GGG,2014B
626092,GGG,2014B
626096,GGG,2014B
626159,GGG,2014B
626213,GGG,2014B
626256,GGG,2014B
626287,GGG,2014B
626306,GGG,2014B
626307,GGG,2014B
626317,GGG,2014B
626372,GGG,2014B
626379,GGG,2014B
626585,GGG,2014B
626589,GGG,2014B
626629,GGG,2014B
626667,GGG,2014B
626675,GGG,2014B
626708,GGG,2014B
626751,GGG,2014B
626927,GGG,2014B
626940,GGG,2014B
627043,GGG,2014B
627050,GGG,2014B
627057,GGG,2014B
627251,GGG,2014B
627327,GGG,2014B
627330,GGG,2014B
627441,GGG,2014B
627530,GGG,2014B
627661,GGG,2014B
627764,GGG,2014B
627773,GGG,2014B
627787,GGG,2014B
627812,GGG,2014B
627821,GGG,2014B
627827,GGG,2014B
627834,GGG,2014B
627895,GGG,2014B
627973,GGG,2014B
628189,GGG,2014B
628217,GGG,2014B
628227,GGG,2014B
628245,GGG,2014B
628280,GGG,2014B
628316,GGG,2014B
628365,GGG,2014B
628367,GGG,2014B
628369,GGG,2014B
628455,GGG,2014B
628495,GGG,2014B
628538,GGG,2014B
628545,GGG,2014B
628598,GGG,2014B
628630,GGG,2014B
628669,GGG,2014B
628722,GGG,2014B
628759,GGG,2014B
628849,GGG,2014B
628869,GGG,2014B
628881,GGG,2014B
628931,GGG,2014B
629153,GGG,2014B
629198,GGG,2014B
629310,GGG,2014B
629387,GGG,2014B
629514,GGG,2014B
629537,GGG,2014B
629542,GGG,2014B
629580,GGG,2014B
629633,GGG,2014B
629736,GGG,2014B
629772,GGG,2014B
629777,GGG,2014B
629820,GGG,2014B
629853,GGG,2014B
629960,GGG,2014B
629961,GGG,2014B
629963,GGG,2014B
629978,GGG,2014B
630008,GGG,2014B
630099,GGG,2014B
630108,GGG,2014B
630149,GGG,2014B
630156,GGG,2014B
630169,GGG,2014B
630203,GGG,2014B
630219,GGG,2014B
630221,GGG,2014B
630240,GGG,2014B
630242,GGG,2014B
630446,GGG,2014B
630496,GGG,2014B
630522,GGG,2014B
630538,GGG,2014B
630569,GGG,2014B
630571,GGG,2014B
630770,GGG,2014B
630776,GGG,2014B
630787,GGG,2014B
630788,GGG,2014B
630834,GGG,2014B
630841,GGG,2014B
630863,GGG,2014B
630881,GGG,2014B
631189,GGG,2014B
631201,GGG,2014B
631212,GGG,2014B
631277,GGG,2014B
631290,GGG,2014B
631392,GGG,2014B
631454,GGG,2014B
631542,GGG,2014B
631554,GGG,2014B
631753,GGG,2014B
631786,GGG,2014B
631788,GGG,2014B
631935,GGG,2014B
631953,GGG,2014B
631978,GGG,2014B
632152,GGG,2014B
632153,GGG,2014B
632475,GGG,2014B
632483,GGG,2014B
632485,GGG,2014B
632512,GGG,2014B
632514,GGG,2014B
632526,GGG,2014B
632533,GGG,2014B
632543,GGG,2014B
632558,GGG,2014B
632577,GGG,2014B
632613,GGG,2014B
632631,GGG,2014B
632633,GGG,2014B
632638,GGG,2014B
632640,GGG,2014B
632667,GGG,2014B
632673,GGG,2014B
632959,GGG,2014B
632966,GGG,2014B
632989,GGG,2014B
633026,GGG,2014B
633096,GGG,2014B
633098,GGG,2014B
633118,GGG,2014B
633123,GGG,2014B
633209,GGG,2014B
633285,GGG,2014B
633389,GGG,2014B
633436,GGG,2014B
633448,GGG,2014B
633453,GGG,2014B
633459,GGG,2014B
633474,GGG,2014B
633514,GGG,2014B
633609,GGG,2014B
633643,GGG,2014B
633660,GGG,2014B
633666,GGG,2014B
633682,GGG,2014B
633683,GGG,2014B
633685,GGG,2014B
633690,GGG,2014B
633747,GGG,2014B
633749,GGG,2014B
633923,GGG,2014B
633956,GGG,2014B
633979,GGG,2014B
634018,GGG,2014B
634027,GGG,2014B
634061,GGG,2014B
634076,GGG,2014B
634234,GGG,2014B
634258,GGG,2014B
634311,GGG,2014B
634320,GGG,2014B
634323,GGG,2014B
634340,GGG,2014B
634344,GGG,2014B
634345,GGG,2014B
634347,GGG,2014B
634404,GGG,2014B
634444,GGG,2014B
634470,GGG,2014B
634494,GGG,2014B
634498,GGG,2014B
634503,GGG,2014B
634529,GGG,2014B
634547,GGG,2014B
634551,GGG,2014B
634562,GGG,2014B
634569,GGG,2014B
634583,GGG,2014B
634746,GGG,2014B
634751,GGG,2014B
634789,GGG,2014B
634822,GGG,2014B
634848,GGG,2014B
634899,GGG,2014B
634933,GGG,2014B
634968,GGG,2014B
634986,GGG,2014B
635017,GGG,2014B
635052,GGG,2014B
635233,GGG,2014B
635506,GGG,2014B
635813,GGG,2014B
635885,GGG,2014B
1413027,GGG,2014B
1422737,GGG,2014B
1882021,GGG,2014B
1897611,GGG,2014B
1986312,GGG,2014B
2011327,GGG,2014B
2067555,GGG,2014B
2082945,GGG,2014B
2135315,GGG,2014B
2237813,GGG,2014B
2262510,GGG,2014B
2264282,GGG,2014B
2272474,GGG,2014B
2322120,GGG,2014B
2351589,GGG,2014B
2392554,GGG,2014B
2410140,GGG,2014B
2445562,GGG,2014B
2533407,GGG,2014B
2546763,GGG,2014B
2563715,GGG,2014B
2574822,GGG,2014B
2574825,GGG,2014B
2619903,GGG,2014B
2658277,GGG,2014B
2672138,GGG,2014B
2689480,GGG,2014B
2695362,GGG,2014B
31205,GGG,2014J
52702,GGG,2014J
60162,GGG,2014J
63949,GGG,2014J
91041,GGG,2014J
92103,GGG,2014J
121182,GGG,2014J
125407,GGG,2014J
131314,GGG,2014J
132932,GGG,2014J
141827,GGG,2014J
181251,GGG,2014J
226879,GGG,2014J
237921,GGG,2014J
260951,GGG,2014J
263341,GGG,2014J
276893,GGG,2014J
290854,GGG,2014J
291937,GGG,2014J
302145,GGG,2014J
302522,GGG,2014J
308807,GGG,2014J
313925,GGG,2014J
317399,GGG,2014J
323940,GGG,2014J
330682,GGG,2014J
338113,GGG,2014J
340242,GGG,2014J
342466,GGG,2014J
342946,GGG,2014J
343655,GGG,2014J
348837,GGG,2014J
350944,GGG,2014J
358966,GGG,2014J
370129,GGG,2014J
372141,GGG,2014J
378969,GGG,2014J
380599,GGG,2014J
380668,GGG,2014J
383608,GGG,2014J
387446,GGG,2014J
388259,GGG,2014J
396532,GGG,2014J
402596,GGG,2014J
414633,GGG,2014J
415307,GGG,2014J
416700,GGG,2014J
429004,GGG,2014J
439170,GGG,2014J
442987,GGG,2014J
443765,GGG,2014J
465567,GGG,2014J
470187,GGG,2014J
470900,GGG,2014J
472049,GGG,2014J
478886,GGG,2014J
480914,GGG,2014J
498564,GGG,2014J
499187,GGG,2014J
500915,GGG,2014J
501888,GGG,2014J
505216,GGG,2014J
506205,GGG,2014J
513166,GGG,2014J
514648,GGG,2014J
515345,GGG,2014J
517263,GGG,2014J
521631,GGG,2014J
532862,GGG,2014J
534672,GGG,2014J
537115,GGG,2014J
541774,GGG,2014J
546286,GGG,2014J
546724,GGG,2014J
547334,GGG,2014J
554580,GGG,2014J
558486,GGG,2014J
559366,GGG,2014J
559766,GGG,2014J
561419,GGG,2014J
568852,GGG,2014J
569374,GGG,2014J
571583,GGG,2014J
572471,GGG,2014J
573054,GGG,2014J
573320,GGG,2014J
574642,GGG,2014J
578797,GGG,2014J
579125,GGG,2014J
580717,GGG,2014J
581957,GGG,2014J
584099,GGG,2014J
586371,GGG,2014J
586861,GGG,2014J
589562,GGG,2014J
593658,GGG,2014J
599282,GGG,2014J
600320,GGG,2014J
603585,GGG,2014J
604061,GGG,2014J
606856,GGG,2014J
607342,GGG,2014J
607387,GGG,2014J
608536,GGG,2014J
609257,GGG,2014J
609427,GGG,2014J
610302,GGG,2014J
612429,GGG,2014J
613059,GGG,2014J
613728,GGG,2014J
614798,GGG,2014J
616704,GGG,2014J
617962,GGG,2014J
618253,GGG,2014J
620826,GGG,2014J
621485,GGG,2014J
622118,GGG,2014J
623178,GGG,2014J
623475,GGG,2014J
623588,GGG,2014J
623812,GGG,2014J
624563,GGG,2014J
624767,GGG,2014J
625241,GGG,2014J
625411,GGG,2014J
625530,GGG,2014J
625835,GGG,2014J
626005,GGG,2014J
626384,GGG,2014J
627481,GGG,2014J
627809,GGG,2014J
627812,GGG,2014J
628172,GGG,2014J
628569,GGG,2014J
629258,GGG,2014J
631723,GGG,2014J
632161,GGG,2014J
632266,GGG,2014J
632365,GGG,2014J
632368,GGG,2014J
633060,GGG,2014J
633093,GGG,2014J
633561,GGG,2014J
633818,GGG,2014J
633987,GGG,2014J
634019,GGG,2014J
634785,GGG,2014J
635279,GGG,2014J
635334,GGG,2014J
635703,GGG,2014J
635719,GGG,2014J
635779,GGG,2014J
635972,GGG,2014J
635988,GGG,2014J
636018,GGG,2014J
636282,GGG,2014J
636283,GGG,2014J
636458,GGG,2014J
636464,GGG,2014J
636554,GGG,2014J
636718,GGG,2014J
637067,GGG,2014J
637203,GGG,2014J
637206,GGG,2014J
637246,GGG,2014J
637280,GGG,2014J
637476,GGG,2014J
637496,GGG,2014J
637621,GGG,2014J
637722,GGG,2014J
637993,GGG,2014J
638092,GGG,2014J
638228,GGG,2014J
638503,GGG,2014J
638561,GGG,2014J
638621,GGG,2014J
638699,GGG,2014J
639181,GGG,2014J
639461,GGG,2014J
639533,GGG,2014J
640835,GGG,2014J
640995,GGG,2014J
641112,GGG,2014J
641134,GGG,2014J
641434,GGG,2014J
641452,GGG,2014J
641504,GGG,2014J
641766,GGG,2014J
641940,GGG,2014J
642196,GGG,2014J
642528,GGG,2014J
642561,GGG,2014J
642590,GGG,2014J
642821,GGG,2014J
642851,GGG,2014J
642879,GGG,2014J
642883,GGG,2014J
642905,GGG,2014J
642949,GGG,2014J
642953,GGG,2014J
642968,GGG,2014J
642989,GGG,2014J
643085,GGG,2014J
643191,GGG,2014J
643206,GGG,2014J
643323,GGG,2014J
643525,GGG,2014J
643529,GGG,2014J
643619,GGG,2014J
643659,GGG,2014J
643672,GGG,2014J
643712,GGG,2014J
644061,GGG,2014J
644160,GGG,2014J
644188,GGG,2014J
644191,GGG,2014J
644226,GGG,2014J
644252,GGG,2014J
644301,GGG,2014J
644441,GGG,2014J
644470,GGG,2014J
644743,GGG,2014J
644904,GGG,2014J
644990,GGG,2014J
645231,GGG,2014J
645232,GGG,2014J
645377,GGG,2014J
645607,GGG,2014J
645730,GGG,2014J
645801,GGG,2014J
645851,GGG,2014J
645876,GGG,2014J
645928,GGG,2014J
645969,GGG,2014J
646131,GGG,2014J
646152,GGG,2014J
646169,GGG,2014J
646342,GGG,2014J
646367,GGG,2014J
646401,GGG,2014J
646430,GGG,2014J
646470,GGG,2014J
646508,GGG,2014J
646572,GGG,2014J
646576,GGG,2014J
646729,GGG,2014J
646748,GGG,2014J
646801,GGG,2014J
646821,GGG,2014J
646857,GGG,2014J
646881,GGG,2014J
646891,GGG,2014J
646905,GGG,2014J
646953,GGG,2014J
647054,GGG,2014J
647102,GGG,2014J
647345,GGG,2014J
647442,GGG,2014J
647654,GGG,2014J
647758,GGG,2014J
647761,GGG,2014J
647850,GGG,2014J
647893,GGG,2014J
647986,GGG,2014J
648023,GGG,2014J
648100,GGG,2014J
648117,GGG,2014J
648158,GGG,2014J
648207,GGG,2014J
648257,GGG,2014J
648274,GGG,2014J
648279,GGG,2014J
648380,GGG,2014J
648445,GGG,2014J
648522,GGG,2014J
648750,GGG,2014J
648983,GGG,2014J
649095,GGG,2014J
649113,GGG,2014J
649194,GGG,2014J
649206,GGG,2014J
649867,GGG,2014J
649909,GGG,2014J
650257,GGG,2014J
650263,GGG,2014J
650316,GGG,2014J
650388,GGG,2014J
650503,GGG,2014J
650630,GGG,2014J
650652,GGG,2014J
650656,GGG,2014J
650662,GGG,2014J
650698,GGG,2014J
650751,GGG,2014J
650901,GGG,2014J
651210,GGG,2014J
651259,GGG,2014J
651281,GGG,2014J
651319,GGG,2014J
651628,GGG,2014J
651730,GGG,2014J
651740,GGG,2014J
651748,GGG,2014J
651943,GGG,2014J
651954,GGG,2014J
652112,GGG,2014J
652281,GGG,2014J
652364,GGG,2014J
652414,GGG,2014J
652435,GGG,2014J
652539,GGG,2014J
652574,GGG,2014J
653157,GGG,2014J
653230,GGG,2014J
653249,GGG,2014J
653252,GGG,2014J
653292,GGG,2014J
653495,GGG,2014J
653601,GGG,2014J
653806,GGG,2014J
653824,GGG,2014J
653867,GGG,2014J
653943,GGG,2014J
654062,GGG,2014J
654237,GGG,2014J
654321,GGG,2014J
654369,GGG,2014J
654681,GGG,2014J
654821,GGG,2014J
654914,GGG,2014J
654916,GGG,2014J
654945,GGG,2014J
654965,GGG,2014J
655065,GGG,2014J
655201,GGG,2014J
655376,GGG,2014J
655556,GGG,2014J
655625,GGG,2014J
655954,GGG,2014J
656014,GGG,2014J
656053,GGG,2014J
656111,GGG,2014J
656438,GGG,2014J
656506,GGG,2014J
656543,GGG,2014J
656637,GGG,2014J
656936,GGG,2014J
656970,GGG,2014J
657045,GGG,2014J
657093,GGG,2014J
657327,GGG,2014J
657351,GGG,2014J
674340,GGG,2014J
674467,GGG,2014J
674471,GGG,2014J
674481,GGG,2014J
674563,GGG,2014J
674568,GGG,2014J
674640,GGG,2014J
674660,GGG,2014J
674710,GGG,2014J
674750,GGG,2014J
674766,GGG,2014J
674927,GGG,2014J
674939,GGG,2014J
674983,GGG,2014J
675242,GGG,2014J
675247,GGG,2014J
675264,GGG,2014J
675578,GGG,2014J
675629,GGG,2014J
675811,GGG,2014J
675879,GGG,2014J
675885,GGG,2014J
675891,GGG,2014J
675996,GGG,2014J
676034,GGG,2014J
676071,GGG,2014J
676387,GGG,2014J
676690,GGG,2014J
676739,GGG,2014J
676742,GGG,2014J
677022,GGG,2014J
677025,GGG,2014J
677066,GGG,2014J
677150,GGG,2014J
677184,GGG,2014J
677278,GGG,2014J
677356,GGG,2014J
677433,GGG,2014J
677491,GGG,2014J
677551,GGG,2014J
677928,GGG,2014J
677963,GGG,2014J
678004,GGG,2014J
678009,GGG,2014J
678241,GGG,2014J
678255,GGG,2014J
678261,GGG,2014J
678313,GGG,2014J
678432,GGG,2014J
678618,GGG,2014J
678714,GGG,2014J
678762,GGG,2014J
678774,GGG,2014J
679127,GGG,2014J
679258,GGG,2014J
679275,GGG,2014J
679327,GGG,2014J
679332,GGG,2014J
679373,GGG,2014J
679405,GGG,2014J
679409,GGG,2014J
679769,GGG,2014J
679840,GGG,2014J
679921,GGG,2014J
680176,GGG,2014J
680261,GGG,2014J
680340,GGG,2014J
680345,GGG,2014J
680427,GGG,2014J
680484,GGG,2014J
680569,GGG,2014J
680850,GGG,2014J
680966,GGG,2014J
680992,GGG,2014J
681065,GGG,2014J
681107,GGG,2014J
681154,GGG,2014J
681195,GGG,2014J
681268,GGG,2014J
681421,GGG,2014J
681447,GGG,2014J
681532,GGG,2014J
681696,GGG,2014J
681751,GGG,2014J
681791,GGG,2014J
681876,GGG,2014J
682001,GGG,2014J
682100,GGG,2014J
682123,GGG,2014J
682302,GGG,2014J
682307,GGG,2014J
682321,GGG,2014J
682413,GGG,2014J
682543,GGG,2014J
682625,GGG,2014J
682891,GGG,2014J
683005,GGG,2014J
683188,GGG,2014J
683256,GGG,2014J
683299,GGG,2014J
683336,GGG,2014J
683423,GGG,2014J
683633,GGG,2014J
683696,GGG,2014J
683974,GGG,2014J
684146,GGG,2014J
684341,GGG,2014J
684393,GGG,2014J
684427,GGG,2014J
684456,GGG,2014J
684802,GGG,2014J
684903,GGG,2014J
685028,GGG,2014J
685096,GGG,2014J
685272,GGG,2014J
685285,GGG,2014J
685338,GGG,2014J
685436,GGG,2014J
685447,GGG,2014J
685535,GGG,2014J
685545,GGG,2014J
685627,GGG,2014J
685877,GGG,2014J
686028,GGG,2014J
686112,GGG,2014J
686194,GGG,2014J
686207,GGG,2014J
686267,GGG,2014J
686309,GGG,2014J
686373,GGG,2014J
686598,GGG,2014J
686668,GGG,2014J
686898,GGG,2014J
686921,GGG,2014J
687028,GGG,2014J
687082,GGG,2014J
687143,GGG,2014J
687302,GGG,2014J
687523,GGG,2014J
687653,GGG,2014J
687722,GGG,2014J
687780,GGG,2014J
688038,GGG,2014J
688050,GGG,2014J
688199,GGG,2014J
688388,GGG,2014J
688401,GGG,2014J
688658,GGG,2014J
688663,GGG,2014J
688811,GGG,2014J
688822,GGG,2014J
688856,GGG,2014J
689065,GGG,2014J
689371,GGG,2014J
689433,GGG,2014J
689485,GGG,2014J
689554,GGG,2014J
689594,GGG,2014J
689636,GGG,2014J
689711,GGG,2014J
689754,GGG,2014J
689838,GGG,2014J
689839,GGG,2014J
689878,GGG,2014J
690029,GGG,2014J
690038,GGG,2014J
690044,GGG,2014J
690057,GGG,2014J
690556,GGG,2014J
690579,GGG,2014J
690895,GGG,2014J
691127,GGG,2014J
691229,GGG,2014J
691371,GGG,2014J
691501,GGG,2014J
691519,GGG,2014J
691556,GGG,2014J
691577,GGG,2014J
691787,GGG,2014J
692206,GGG,2014J
692256,GGG,2014J
692320,GGG,2014J
692828,GGG,2014J
692972,GGG,2014J
693046,GGG,2014J
693273,GGG,2014J
693364,GGG,2014J
693387,GGG,2014J
693421,GGG,2014J
693616,GGG,2014J
693763,GGG,2014J
693843,GGG,2014J
694009,GGG,2014J
694070,GGG,2014J
694292,GGG,2014J
694359,GGG,2014J
694470,GGG,2014J
694723,GGG,2014J
694729,GGG,2014J
694782,GGG,2014J
695143,GGG,2014J
695509,GGG,2014J
695655,GGG,2014J
695877,GGG,2014J
695913,GGG,2014J
696514,GGG,2014J
696706,GGG,2014J
696708,GGG,2014J
696710,GGG,2014J
696711,GGG,2014J
696713,GGG,2014J
696876,GGG,2014J
697325,GGG,2014J
697328,GGG,2014J
697364,GGG,2014J
697456,GGG,2014J
697492,GGG,2014J
698065,GGG,2014J
698460,GGG,2014J
698548,GGG,2014J
699461,GGG,2014J
699628,GGG,2014J
1405453,GGG,2014J
1782236,GGG,2014J
1827650,GGG,2014J
1841303,GGG,2014J
1890660,GGG,2014J
1915795,GGG,2014J
1917808,GGG,2014J
1931810,GGG,2014J
1950911,GGG,2014J
1977701,GGG,2014J
2004143,GGG,2014J
2053521,GGG,2014J
2203216,GGG,2014J
2214722,GGG,2014J
2239862,GGG,2014J
2268380,GGG,2014J
2270562,GGG,2014J
2282141,GGG,2014J
2311714,GGG,2014J
2338614,GGG,2014J
2342238,GGG,2014J
2357806,GGG,2014J
2373245,GGG,2014J
2378591,GGG,2014J
2456431,GGG,2014J
2508153,GGG,2014J
2533195,GGG,2014J
2608143,GGG,2014J
2620947,GGG,2014J
2640965,GGG,2014J
2645731,GGG,2014J
2648187,GGG,2014J
2684003,GGG,2014J
