Subject,Topic,Difficulty,Estimated_Time,Prerequisite,Skill_Level,Recommended_Resource
Accountancy,Introduction to Journal & Ledger,Beginner,21,None,2,Video
Accountancy,Fundamentals of Journal & Ledger,Beginner,29,Introduction to Journal & Ledger,1,Video
Accountancy,Quick Revision of Journal & Ledger,Beginner,19,Fundamentals of Journal & Ledger,1,PDF Notes
Accountancy,Essential Terminology of Journal & Ledger,Beginner,17,Quick Revision of Journal & Ledger,1,Quiz
Accountancy,Journal & Ledger: Core Concepts,Intermediate,40,Essential Terminology of Journal & Ledger,2,Case Study
Accountancy,Journal & Ledger: Practical Applications,Intermediate,37,Journal & Ledger: Core Concepts,4,Practice Problems
Accountancy,Problem Solving using Journal & Ledger,Intermediate,50,Journal & Ledger: Practical Applications,3,Case Study
Accountancy,Common Mistakes in Journal & Ledger,Intermediate,41,Problem Solving using Journal & Ledger,3,Practice Problems
Accountancy,Hands-on Practice for Journal & Ledger,Intermediate,31,Common Mistakes in Journal & Ledger,2,Quiz
Accountancy,Advanced Journal & Ledger Techniques,Advanced,71,Hands-on Practice for Journal & Ledger,5,Mini Project
Accountancy,Journal & Ledger: Case Study & Project Work,Advanced,120,Advanced Journal & Ledger Techniques,5,Interactive Lab
Accountancy,Mini Project on Journal & Ledger,Advanced,108,Journal & Ledger: Case Study & Project Work,4,Case Study
Accountancy,Real-world Applications of Journal & Ledger,Advanced,101,Mini Project on Journal & Ledger,5,Practice Problems
Accountancy,Interview Questions on Journal & Ledger,Advanced,119,Real-world Applications of Journal & Ledger,5,Case Study
Accountancy,Mastering Journal & Ledger,Advanced,106,Interview Questions on Journal & Ledger,5,Case Study
Accountancy,Introduction to Trial Balance,Beginner,26,Mastering Journal & Ledger,1,Video
Accountancy,Fundamentals of Trial Balance,Beginner,17,Introduction to Trial Balance,1,Quiz
Accountancy,Quick Revision of Trial Balance,Beginner,21,Fundamentals of Trial Balance,1,Video
Accountancy,Essential Terminology of Trial Balance,Beginner,21,Quick Revision of Trial Balance,2,Video
Accountancy,Trial Balance: Core Concepts,Intermediate,57,Essential Terminology of Trial Balance,3,Practice Problems
Accountancy,Trial Balance: Practical Applications,Intermediate,55,Trial Balance: Core Concepts,2,Practice Problems
Accountancy,Problem Solving using Trial Balance,Intermediate,50,Trial Balance: Practical Applications,3,Case Study
Accountancy,Common Mistakes in Trial Balance,Intermediate,57,Problem Solving using Trial Balance,4,Case Study
Accountancy,Hands-on Practice for Trial Balance,Intermediate,36,Common Mistakes in Trial Balance,2,Case Study
Accountancy,Advanced Trial Balance Techniques,Advanced,106,Hands-on Practice for Trial Balance,4,Mini Project
Accountancy,Trial Balance: Case Study & Project Work,Advanced,76,Advanced Trial Balance Techniques,5,Mini Project
Accountancy,Mini Project on Trial Balance,Advanced,99,Trial Balance: Case Study & Project Work,5,Mini Project
Accountancy,Real-world Applications of Trial Balance,Advanced,65,Mini Project on Trial Balance,5,Mini Project
Accountancy,Interview Questions on Trial Balance,Advanced,63,Real-world Applications of Trial Balance,5,Interactive Lab
Accountancy,Mastering Trial Balance,Advanced,77,Interview Questions on Trial Balance,5,Practice Problems
Accountancy,Introduction to Financial Statements,Beginner,16,Mastering Trial Balance,2,PDF Notes
Accountancy,Fundamentals of Financial Statements,Beginner,18,Introduction to Financial Statements,2,Quiz
Accountancy,Quick Revision of Financial Statements,Beginner,30,Fundamentals of Financial Statements,1,PDF Notes
Accountancy,Essential Terminology of Financial Statements,Beginner,21,Quick Revision of Financial Statements,2,Video
Accountancy,Financial Statements: Core Concepts,Intermediate,59,Essential Terminology of Financial Statements,2,Case Study
Accountancy,Financial Statements: Practical Applications,Intermediate,42,Financial Statements: Core Concepts,3,Video
Accountancy,Problem Solving using Financial Statements,Intermediate,50,Financial Statements: Practical Applications,3,Quiz
Accountancy,Common Mistakes in Financial Statements,Intermediate,57,Problem Solving using Financial Statements,2,Quiz
Accountancy,Hands-on Practice for Financial Statements,Intermediate,58,Common Mistakes in Financial Statements,4,Quiz
Accountancy,Advanced Financial Statements Techniques,Advanced,60,Hands-on Practice for Financial Statements,4,Case Study
Accountancy,Financial Statements: Case Study & Project Work,Advanced,68,Advanced Financial Statements Techniques,5,Interactive Lab
Accountancy,Mini Project on Financial Statements,Advanced,103,Financial Statements: Case Study & Project Work,5,Practice Problems
Accountancy,Real-world Applications of Financial Statements,Advanced,70,Mini Project on Financial Statements,4,Interactive Lab
Accountancy,Interview Questions on Financial Statements,Advanced,67,Real-world Applications of Financial Statements,4,Case Study
Accountancy,Mastering Financial Statements,Advanced,92,Interview Questions on Financial Statements,4,Interactive Lab
Accountancy,Introduction to Partnership Accounts,Beginner,24,Mastering Financial Statements,1,PDF Notes
Accountancy,Fundamentals of Partnership Accounts,Beginner,23,Introduction to Partnership Accounts,2,Quiz
Accountancy,Quick Revision of Partnership Accounts,Beginner,23,Fundamentals of Partnership Accounts,2,PDF Notes
Accountancy,Essential Terminology of Partnership Accounts,Beginner,15,Quick Revision of Partnership Accounts,2,Quiz
Accountancy,Partnership Accounts: Core Concepts,Intermediate,52,Essential Terminology of Partnership Accounts,3,Case Study
Accountancy,Partnership Accounts: Practical Applications,Intermediate,34,Partnership Accounts: Core Concepts,4,Case Study
Accountancy,Problem Solving using Partnership Accounts,Intermediate,37,Partnership Accounts: Practical Applications,3,Video
Accountancy,Common Mistakes in Partnership Accounts,Intermediate,32,Problem Solving using Partnership Accounts,2,Video
Accountancy,Hands-on Practice for Partnership Accounts,Intermediate,34,Common Mistakes in Partnership Accounts,4,Practice Problems
Accountancy,Advanced Partnership Accounts Techniques,Advanced,62,Hands-on Practice for Partnership Accounts,4,Interactive Lab
Accountancy,Partnership Accounts: Case Study & Project Work,Advanced,85,Advanced Partnership Accounts Techniques,4,Case Study
Accountancy,Mini Project on Partnership Accounts,Advanced,73,Partnership Accounts: Case Study & Project Work,4,Case Study
Accountancy,Real-world Applications of Partnership Accounts,Advanced,68,Mini Project on Partnership Accounts,4,Case Study
Accountancy,Interview Questions on Partnership Accounts,Advanced,85,Real-world Applications of Partnership Accounts,5,Practice Problems
Accountancy,Mastering Partnership Accounts,Advanced,72,Interview Questions on Partnership Accounts,4,Case Study
Accountancy,Introduction to Company Accounts,Beginner,30,Mastering Partnership Accounts,1,Video
Accountancy,Fundamentals of Company Accounts,Beginner,18,Introduction to Company Accounts,1,PDF Notes
Accountancy,Quick Revision of Company Accounts,Beginner,19,Fundamentals of Company Accounts,1,Quiz
Accountancy,Essential Terminology of Company Accounts,Beginner,27,Quick Revision of Company Accounts,1,Quiz
Accountancy,Company Accounts: Core Concepts,Intermediate,58,Essential Terminology of Company Accounts,2,Case Study
Accountancy,Company Accounts: Practical Applications,Intermediate,36,Company Accounts: Core Concepts,4,Video
Accountancy,Problem Solving using Company Accounts,Intermediate,51,Company Accounts: Practical Applications,3,Practice Problems
Accountancy,Common Mistakes in Company Accounts,Intermediate,42,Problem Solving using Company Accounts,3,Quiz
Accountancy,Hands-on Practice for Company Accounts,Intermediate,50,Common Mistakes in Company Accounts,3,Case Study
Accountancy,Advanced Company Accounts Techniques,Advanced,87,Hands-on Practice for Company Accounts,5,Practice Problems
Accountancy,Company Accounts: Case Study & Project Work,Advanced,79,Advanced Company Accounts Techniques,5,Mini Project
Accountancy,Mini Project on Company Accounts,Advanced,70,Company Accounts: Case Study & Project Work,5,Mini Project
Accountancy,Real-world Applications of Company Accounts,Advanced,114,Mini Project on Company Accounts,5,Interactive Lab
Accountancy,Interview Questions on Company Accounts,Advanced,98,Real-world Applications of Company Accounts,5,Interactive Lab
Accountancy,Mastering Company Accounts,Advanced,60,Interview Questions on Company Accounts,4,Case Study
Advanced Algorithms,Introduction to Amortized Analysis,Beginner,28,None,1,Video
Advanced Algorithms,Fundamentals of Amortized Analysis,Beginner,23,Introduction to Amortized Analysis,1,Quiz
Advanced Algorithms,Quick Revision of Amortized Analysis,Beginner,20,Fundamentals of Amortized Analysis,2,Quiz
Advanced Algorithms,Essential Terminology of Amortized Analysis,Beginner,23,Quick Revision of Amortized Analysis,2,Video
Advanced Algorithms,Amortized Analysis: Core Concepts,Intermediate,30,Essential Terminology of Amortized Analysis,4,Practice Problems
Advanced Algorithms,Amortized Analysis: Practical Applications,Intermediate,41,Amortized Analysis: Core Concepts,4,Video
Advanced Algorithms,Problem Solving using Amortized Analysis,Intermediate,51,Amortized Analysis: Practical Applications,2,Case Study
Advanced Algorithms,Common Mistakes in Amortized Analysis,Intermediate,46,Problem Solving using Amortized Analysis,3,Quiz
Advanced Algorithms,Hands-on Practice for Amortized Analysis,Intermediate,55,Common Mistakes in Amortized Analysis,3,Video
Advanced Algorithms,Advanced Amortized Analysis Techniques,Advanced,61,Hands-on Practice for Amortized Analysis,4,Interactive Lab
Advanced Algorithms,Amortized Analysis: Case Study & Project Work,Advanced,96,Advanced Amortized Analysis Techniques,4,Practice Problems
Advanced Algorithms,Mini Project on Amortized Analysis,Advanced,76,Amortized Analysis: Case Study & Project Work,4,Interactive Lab
Advanced Algorithms,Real-world Applications of Amortized Analysis,Advanced,61,Mini Project on Amortized Analysis,5,Practice Problems
Advanced Algorithms,Interview Questions on Amortized Analysis,Advanced,113,Real-world Applications of Amortized Analysis,4,Interactive Lab
Advanced Algorithms,Mastering Amortized Analysis,Advanced,91,Interview Questions on Amortized Analysis,4,Interactive Lab
Advanced Algorithms,Introduction to NP-Completeness,Beginner,17,Mastering Amortized Analysis,2,PDF Notes
Advanced Algorithms,Fundamentals of NP-Completeness,Beginner,19,Introduction to NP-Completeness,2,PDF Notes
Advanced Algorithms,Quick Revision of NP-Completeness,Beginner,30,Fundamentals of NP-Completeness,2,Quiz
Advanced Algorithms,Essential Terminology of NP-Completeness,Beginner,18,Quick Revision of NP-Completeness,1,Quiz
Advanced Algorithms,NP-Completeness: Core Concepts,Intermediate,53,Essential Terminology of NP-Completeness,4,Quiz
Advanced Algorithms,NP-Completeness: Practical Applications,Intermediate,60,NP-Completeness: Core Concepts,3,Case Study
Advanced Algorithms,Problem Solving using NP-Completeness,Intermediate,34,NP-Completeness: Practical Applications,3,Practice Problems
Advanced Algorithms,Common Mistakes in NP-Completeness,Intermediate,51,Problem Solving using NP-Completeness,4,Video
Advanced Algorithms,Hands-on Practice for NP-Completeness,Intermediate,45,Common Mistakes in NP-Completeness,2,Quiz
Advanced Algorithms,Advanced NP-Completeness Techniques,Advanced,119,Hands-on Practice for NP-Completeness,4,Mini Project
Advanced Algorithms,NP-Completeness: Case Study & Project Work,Advanced,75,Advanced NP-Completeness Techniques,4,Case Study
Advanced Algorithms,Mini Project on NP-Completeness,Advanced,79,NP-Completeness: Case Study & Project Work,5,Case Study
Advanced Algorithms,Real-world Applications of NP-Completeness,Advanced,95,Mini Project on NP-Completeness,4,Mini Project
Advanced Algorithms,Interview Questions on NP-Completeness,Advanced,62,Real-world Applications of NP-Completeness,4,Case Study
Advanced Algorithms,Mastering NP-Completeness,Advanced,79,Interview Questions on NP-Completeness,5,Case Study
Advanced Algorithms,Introduction to Approximation Algorithms,Beginner,18,Mastering NP-Completeness,1,Video
Advanced Algorithms,Fundamentals of Approximation Algorithms,Beginner,22,Introduction to Approximation Algorithms,2,Quiz
Advanced Algorithms,Quick Revision of Approximation Algorithms,Beginner,16,Fundamentals of Approximation Algorithms,2,Video
Advanced Algorithms,Essential Terminology of Approximation Algorithms,Beginner,25,Quick Revision of Approximation Algorithms,2,Video
Advanced Algorithms,Approximation Algorithms: Core Concepts,Intermediate,54,Essential Terminology of Approximation Algorithms,3,Video
Advanced Algorithms,Approximation Algorithms: Practical Applications,Intermediate,60,Approximation Algorithms: Core Concepts,3,Practice Problems
Advanced Algorithms,Problem Solving using Approximation Algorithms,Intermediate,32,Approximation Algorithms: Practical Applications,4,Case Study
Advanced Algorithms,Common Mistakes in Approximation Algorithms,Intermediate,45,Problem Solving using Approximation Algorithms,3,Case Study
Advanced Algorithms,Hands-on Practice for Approximation Algorithms,Intermediate,54,Common Mistakes in Approximation Algorithms,2,Practice Problems
Advanced Algorithms,Advanced Approximation Algorithms Techniques,Advanced,60,Hands-on Practice for Approximation Algorithms,5,Mini Project
Advanced Algorithms,Approximation Algorithms: Case Study & Project Work,Advanced,71,Advanced Approximation Algorithms Techniques,4,Interactive Lab
Advanced Algorithms,Mini Project on Approximation Algorithms,Advanced,91,Approximation Algorithms: Case Study & Project Work,4,Case Study
Advanced Algorithms,Real-world Applications of Approximation Algorithms,Advanced,68,Mini Project on Approximation Algorithms,4,Case Study
Advanced Algorithms,Interview Questions on Approximation Algorithms,Advanced,78,Real-world Applications of Approximation Algorithms,5,Practice Problems
Advanced Algorithms,Mastering Approximation Algorithms,Advanced,62,Interview Questions on Approximation Algorithms,5,Practice Problems
Advanced Algorithms,Introduction to Randomized Algorithms,Beginner,20,Mastering Approximation Algorithms,2,Video
Advanced Algorithms,Fundamentals of Randomized Algorithms,Beginner,22,Introduction to Randomized Algorithms,2,Quiz
Advanced Algorithms,Quick Revision of Randomized Algorithms,Beginner,15,Fundamentals of Randomized Algorithms,2,PDF Notes
Advanced Algorithms,Essential Terminology of Randomized Algorithms,Beginner,22,Quick Revision of Randomized Algorithms,2,PDF Notes
Advanced Algorithms,Randomized Algorithms: Core Concepts,Intermediate,32,Essential Terminology of Randomized Algorithms,3,Quiz
Advanced Algorithms,Randomized Algorithms: Practical Applications,Intermediate,32,Randomized Algorithms: Core Concepts,2,Quiz
Advanced Algorithms,Problem Solving using Randomized Algorithms,Intermediate,47,Randomized Algorithms: Practical Applications,3,Practice Problems
Advanced Algorithms,Common Mistakes in Randomized Algorithms,Intermediate,31,Problem Solving using Randomized Algorithms,3,Video
Advanced Algorithms,Hands-on Practice for Randomized Algorithms,Intermediate,45,Common Mistakes in Randomized Algorithms,2,Quiz
Advanced Algorithms,Advanced Randomized Algorithms Techniques,Advanced,95,Hands-on Practice for Randomized Algorithms,4,Practice Problems
Advanced Algorithms,Randomized Algorithms: Case Study & Project Work,Advanced,92,Advanced Randomized Algorithms Techniques,5,Interactive Lab
Advanced Algorithms,Mini Project on Randomized Algorithms,Advanced,107,Randomized Algorithms: Case Study & Project Work,5,Practice Problems
Advanced Algorithms,Real-world Applications of Randomized Algorithms,Advanced,67,Mini Project on Randomized Algorithms,4,Case Study
Advanced Algorithms,Interview Questions on Randomized Algorithms,Advanced,76,Real-world Applications of Randomized Algorithms,5,Interactive Lab
Advanced Algorithms,Mastering Randomized Algorithms,Advanced,107,Interview Questions on Randomized Algorithms,5,Case Study
Advanced Biology,Introduction to Molecular Genetics,Beginner,17,None,2,Quiz
Advanced Biology,Fundamentals of Molecular Genetics,Beginner,20,Introduction to Molecular Genetics,2,PDF Notes
Advanced Biology,Quick Revision of Molecular Genetics,Beginner,20,Fundamentals of Molecular Genetics,2,Video
Advanced Biology,Essential Terminology of Molecular Genetics,Beginner,17,Quick Revision of Molecular Genetics,2,Quiz
Advanced Biology,Molecular Genetics: Core Concepts,Intermediate,56,Essential Terminology of Molecular Genetics,3,Quiz
Advanced Biology,Molecular Genetics: Practical Applications,Intermediate,59,Molecular Genetics: Core Concepts,2,Case Study
Advanced Biology,Problem Solving using Molecular Genetics,Intermediate,44,Molecular Genetics: Practical Applications,2,Quiz
Advanced Biology,Common Mistakes in Molecular Genetics,Intermediate,57,Problem Solving using Molecular Genetics,2,Case Study
Advanced Biology,Hands-on Practice for Molecular Genetics,Intermediate,48,Common Mistakes in Molecular Genetics,4,Case Study
Advanced Biology,Advanced Molecular Genetics Techniques,Advanced,108,Hands-on Practice for Molecular Genetics,5,Interactive Lab
Advanced Biology,Molecular Genetics: Case Study & Project Work,Advanced,103,Advanced Molecular Genetics Techniques,5,Mini Project
Advanced Biology,Mini Project on Molecular Genetics,Advanced,88,Molecular Genetics: Case Study & Project Work,5,Interactive Lab
Advanced Biology,Real-world Applications of Molecular Genetics,Advanced,65,Mini Project on Molecular Genetics,4,Practice Problems
Advanced Biology,Interview Questions on Molecular Genetics,Advanced,100,Real-world Applications of Molecular Genetics,4,Practice Problems
Advanced Biology,Mastering Molecular Genetics,Advanced,88,Interview Questions on Molecular Genetics,4,Mini Project
Advanced Biology,Introduction to Genomics,Beginner,19,Mastering Molecular Genetics,1,Quiz
Advanced Biology,Fundamentals of Genomics,Beginner,26,Introduction to Genomics,1,Quiz
Advanced Biology,Quick Revision of Genomics,Beginner,27,Fundamentals of Genomics,1,Quiz
Advanced Biology,Essential Terminology of Genomics,Beginner,15,Quick Revision of Genomics,2,Quiz
Advanced Biology,Genomics: Core Concepts,Intermediate,47,Essential Terminology of Genomics,2,Practice Problems
Advanced Biology,Genomics: Practical Applications,Intermediate,60,Genomics: Core Concepts,3,Practice Problems
Advanced Biology,Problem Solving using Genomics,Intermediate,32,Genomics: Practical Applications,3,Case Study
Advanced Biology,Common Mistakes in Genomics,Intermediate,47,Problem Solving using Genomics,4,Practice Problems
Advanced Biology,Hands-on Practice for Genomics,Intermediate,52,Common Mistakes in Genomics,3,Video
Advanced Biology,Advanced Genomics Techniques,Advanced,86,Hands-on Practice for Genomics,5,Mini Project
Advanced Biology,Genomics: Case Study & Project Work,Advanced,85,Advanced Genomics Techniques,4,Practice Problems
Advanced Biology,Mini Project on Genomics,Advanced,92,Genomics: Case Study & Project Work,4,Case Study
Advanced Biology,Real-world Applications of Genomics,Advanced,113,Mini Project on Genomics,5,Case Study
Advanced Biology,Interview Questions on Genomics,Advanced,88,Real-world Applications of Genomics,5,Case Study
Advanced Biology,Mastering Genomics,Advanced,85,Interview Questions on Genomics,4,Mini Project
Advanced Biology,Introduction to Bioinformatics Basics,Beginner,23,Mastering Genomics,2,Video
Advanced Biology,Fundamentals of Bioinformatics Basics,Beginner,26,Introduction to Bioinformatics Basics,2,Quiz
Advanced Biology,Quick Revision of Bioinformatics Basics,Beginner,23,Fundamentals of Bioinformatics Basics,2,Video
Advanced Biology,Essential Terminology of Bioinformatics Basics,Beginner,18,Quick Revision of Bioinformatics Basics,1,PDF Notes
Advanced Biology,Bioinformatics Basics: Core Concepts,Intermediate,45,Essential Terminology of Bioinformatics Basics,3,Case Study
Advanced Biology,Bioinformatics Basics: Practical Applications,Intermediate,48,Bioinformatics Basics: Core Concepts,4,Video
Advanced Biology,Problem Solving using Bioinformatics Basics,Intermediate,57,Bioinformatics Basics: Practical Applications,3,Practice Problems
Advanced Biology,Common Mistakes in Bioinformatics Basics,Intermediate,52,Problem Solving using Bioinformatics Basics,4,Practice Problems
Advanced Biology,Hands-on Practice for Bioinformatics Basics,Intermediate,48,Common Mistakes in Bioinformatics Basics,2,Practice Problems
Advanced Biology,Advanced Bioinformatics Basics Techniques,Advanced,120,Hands-on Practice for Bioinformatics Basics,5,Mini Project
Advanced Biology,Bioinformatics Basics: Case Study & Project Work,Advanced,117,Advanced Bioinformatics Basics Techniques,5,Interactive Lab
Advanced Biology,Mini Project on Bioinformatics Basics,Advanced,111,Bioinformatics Basics: Case Study & Project Work,5,Mini Project
Advanced Biology,Real-world Applications of Bioinformatics Basics,Advanced,74,Mini Project on Bioinformatics Basics,5,Case Study
Advanced Biology,Interview Questions on Bioinformatics Basics,Advanced,119,Real-world Applications of Bioinformatics Basics,4,Interactive Lab
Advanced Biology,Mastering Bioinformatics Basics,Advanced,67,Interview Questions on Bioinformatics Basics,4,Practice Problems
Advanced Biology,Introduction to Systems Biology,Beginner,26,Mastering Bioinformatics Basics,2,Video
Advanced Biology,Fundamentals of Systems Biology,Beginner,21,Introduction to Systems Biology,2,PDF Notes
Advanced Biology,Quick Revision of Systems Biology,Beginner,27,Fundamentals of Systems Biology,2,PDF Notes
Advanced Biology,Essential Terminology of Systems Biology,Beginner,29,Quick Revision of Systems Biology,1,Quiz
Advanced Biology,Systems Biology: Core Concepts,Intermediate,37,Essential Terminology of Systems Biology,2,Practice Problems
Advanced Biology,Systems Biology: Practical Applications,Intermediate,57,Systems Biology: Core Concepts,3,Practice Problems
Advanced Biology,Problem Solving using Systems Biology,Intermediate,48,Systems Biology: Practical Applications,2,Case Study
Advanced Biology,Common Mistakes in Systems Biology,Intermediate,60,Problem Solving using Systems Biology,4,Case Study
Advanced Biology,Hands-on Practice for Systems Biology,Intermediate,55,Common Mistakes in Systems Biology,4,Practice Problems
Advanced Biology,Advanced Systems Biology Techniques,Advanced,96,Hands-on Practice for Systems Biology,5,Interactive Lab
Advanced Biology,Systems Biology: Case Study & Project Work,Advanced,82,Advanced Systems Biology Techniques,4,Interactive Lab
Advanced Biology,Mini Project on Systems Biology,Advanced,71,Systems Biology: Case Study & Project Work,4,Interactive Lab
Advanced Biology,Real-world Applications of Systems Biology,Advanced,117,Mini Project on Systems Biology,5,Interactive Lab
Advanced Biology,Interview Questions on Systems Biology,Advanced,106,Real-world Applications of Systems Biology,5,Practice Problems
Advanced Biology,Mastering Systems Biology,Advanced,113,Interview Questions on Systems Biology,5,Interactive Lab
Advanced Chemistry,Introduction to Spectroscopy,Beginner,22,None,1,Video
Advanced Chemistry,Fundamentals of Spectroscopy,Beginner,15,Introduction to Spectroscopy,2,Video
Advanced Chemistry,Quick Revision of Spectroscopy,Beginner,21,Fundamentals of Spectroscopy,2,Quiz
Advanced Chemistry,Essential Terminology of Spectroscopy,Beginner,19,Quick Revision of Spectroscopy,2,Video
Advanced Chemistry,Spectroscopy: Core Concepts,Intermediate,52,Essential Terminology of Spectroscopy,4,Case Study
Advanced Chemistry,Spectroscopy: Practical Applications,Intermediate,55,Spectroscopy: Core Concepts,4,Quiz
Advanced Chemistry,Problem Solving using Spectroscopy,Intermediate,51,Spectroscopy: Practical Applications,2,Quiz
Advanced Chemistry,Common Mistakes in Spectroscopy,Intermediate,43,Problem Solving using Spectroscopy,2,Video
Advanced Chemistry,Hands-on Practice for Spectroscopy,Intermediate,46,Common Mistakes in Spectroscopy,3,Practice Problems
Advanced Chemistry,Advanced Spectroscopy Techniques,Advanced,111,Hands-on Practice for Spectroscopy,4,Practice Problems
Advanced Chemistry,Spectroscopy: Case Study & Project Work,Advanced,75,Advanced Spectroscopy Techniques,5,Mini Project
Advanced Chemistry,Mini Project on Spectroscopy,Advanced,107,Spectroscopy: Case Study & Project Work,4,Case Study
Advanced Chemistry,Real-world Applications of Spectroscopy,Advanced,95,Mini Project on Spectroscopy,4,Mini Project
Advanced Chemistry,Interview Questions on Spectroscopy,Advanced,89,Real-world Applications of Spectroscopy,4,Case Study
Advanced Chemistry,Mastering Spectroscopy,Advanced,117,Interview Questions on Spectroscopy,5,Mini Project
Advanced Chemistry,Introduction to Reaction Kinetics,Beginner,19,Mastering Spectroscopy,2,PDF Notes
Advanced Chemistry,Fundamentals of Reaction Kinetics,Beginner,18,Introduction to Reaction Kinetics,1,PDF Notes
Advanced Chemistry,Quick Revision of Reaction Kinetics,Beginner,24,Fundamentals of Reaction Kinetics,1,PDF Notes
Advanced Chemistry,Essential Terminology of Reaction Kinetics,Beginner,30,Quick Revision of Reaction Kinetics,1,Video
Advanced Chemistry,Reaction Kinetics: Core Concepts,Intermediate,42,Essential Terminology of Reaction Kinetics,4,Practice Problems
Advanced Chemistry,Reaction Kinetics: Practical Applications,Intermediate,46,Reaction Kinetics: Core Concepts,4,Case Study
Advanced Chemistry,Problem Solving using Reaction Kinetics,Intermediate,53,Reaction Kinetics: Practical Applications,3,Video
Advanced Chemistry,Common Mistakes in Reaction Kinetics,Intermediate,57,Problem Solving using Reaction Kinetics,2,Quiz
Advanced Chemistry,Hands-on Practice for Reaction Kinetics,Intermediate,58,Common Mistakes in Reaction Kinetics,4,Video
Advanced Chemistry,Advanced Reaction Kinetics Techniques,Advanced,96,Hands-on Practice for Reaction Kinetics,5,Case Study
Advanced Chemistry,Reaction Kinetics: Case Study & Project Work,Advanced,60,Advanced Reaction Kinetics Techniques,4,Practice Problems
Advanced Chemistry,Mini Project on Reaction Kinetics,Advanced,69,Reaction Kinetics: Case Study & Project Work,4,Practice Problems
Advanced Chemistry,Real-world Applications of Reaction Kinetics,Advanced,88,Mini Project on Reaction Kinetics,4,Practice Problems
Advanced Chemistry,Interview Questions on Reaction Kinetics,Advanced,90,Real-world Applications of Reaction Kinetics,5,Mini Project
Advanced Chemistry,Mastering Reaction Kinetics,Advanced,120,Interview Questions on Reaction Kinetics,4,Mini Project
Advanced Chemistry,Introduction to Coordination Chemistry,Beginner,17,Mastering Reaction Kinetics,1,Video
Advanced Chemistry,Fundamentals of Coordination Chemistry,Beginner,24,Introduction to Coordination Chemistry,2,Video
Advanced Chemistry,Quick Revision of Coordination Chemistry,Beginner,24,Fundamentals of Coordination Chemistry,2,PDF Notes
Advanced Chemistry,Essential Terminology of Coordination Chemistry,Beginner,28,Quick Revision of Coordination Chemistry,2,Quiz
Advanced Chemistry,Coordination Chemistry: Core Concepts,Intermediate,38,Essential Terminology of Coordination Chemistry,4,Case Study
Advanced Chemistry,Coordination Chemistry: Practical Applications,Intermediate,55,Coordination Chemistry: Core Concepts,2,Practice Problems
Advanced Chemistry,Problem Solving using Coordination Chemistry,Intermediate,42,Coordination Chemistry: Practical Applications,4,Quiz
Advanced Chemistry,Common Mistakes in Coordination Chemistry,Intermediate,53,Problem Solving using Coordination Chemistry,2,Quiz
Advanced Chemistry,Hands-on Practice for Coordination Chemistry,Intermediate,58,Common Mistakes in Coordination Chemistry,2,Case Study
Advanced Chemistry,Advanced Coordination Chemistry Techniques,Advanced,69,Hands-on Practice for Coordination Chemistry,4,Interactive Lab
Advanced Chemistry,Coordination Chemistry: Case Study & Project Work,Advanced,83,Advanced Coordination Chemistry Techniques,5,Case Study
Advanced Chemistry,Mini Project on Coordination Chemistry,Advanced,108,Coordination Chemistry: Case Study & Project Work,4,Practice Problems
Advanced Chemistry,Real-world Applications of Coordination Chemistry,Advanced,95,Mini Project on Coordination Chemistry,5,Interactive Lab
Advanced Chemistry,Interview Questions on Coordination Chemistry,Advanced,98,Real-world Applications of Coordination Chemistry,5,Practice Problems
Advanced Chemistry,Mastering Coordination Chemistry,Advanced,82,Interview Questions on Coordination Chemistry,5,Practice Problems
Advanced Chemistry,Introduction to Polymer Chemistry,Beginner,19,Mastering Coordination Chemistry,2,Video
Advanced Chemistry,Fundamentals of Polymer Chemistry,Beginner,21,Introduction to Polymer Chemistry,1,Quiz
Advanced Chemistry,Quick Revision of Polymer Chemistry,Beginner,23,Fundamentals of Polymer Chemistry,1,Video
Advanced Chemistry,Essential Terminology of Polymer Chemistry,Beginner,28,Quick Revision of Polymer Chemistry,1,Video
Advanced Chemistry,Polymer Chemistry: Core Concepts,Intermediate,59,Essential Terminology of Polymer Chemistry,2,Practice Problems
Advanced Chemistry,Polymer Chemistry: Practical Applications,Intermediate,42,Polymer Chemistry: Core Concepts,4,Video
Advanced Chemistry,Problem Solving using Polymer Chemistry,Intermediate,46,Polymer Chemistry: Practical Applications,2,Quiz
Advanced Chemistry,Common Mistakes in Polymer Chemistry,Intermediate,48,Problem Solving using Polymer Chemistry,2,Video
Advanced Chemistry,Hands-on Practice for Polymer Chemistry,Intermediate,57,Common Mistakes in Polymer Chemistry,3,Video
Advanced Chemistry,Advanced Polymer Chemistry Techniques,Advanced,111,Hands-on Practice for Polymer Chemistry,4,Mini Project
Advanced Chemistry,Polymer Chemistry: Case Study & Project Work,Advanced,106,Advanced Polymer Chemistry Techniques,5,Interactive Lab
Advanced Chemistry,Mini Project on Polymer Chemistry,Advanced,64,Polymer Chemistry: Case Study & Project Work,4,Practice Problems
Advanced Chemistry,Real-world Applications of Polymer Chemistry,Advanced,84,Mini Project on Polymer Chemistry,5,Case Study
Advanced Chemistry,Interview Questions on Polymer Chemistry,Advanced,80,Real-world Applications of Polymer Chemistry,5,Interactive Lab
Advanced Chemistry,Mastering Polymer Chemistry,Advanced,82,Interview Questions on Polymer Chemistry,5,Interactive Lab
Advanced Computer Vision,Introduction to Object Tracking,Beginner,21,None,1,Video
Advanced Computer Vision,Fundamentals of Object Tracking,Beginner,24,Introduction to Object Tracking,2,Quiz
Advanced Computer Vision,Quick Revision of Object Tracking,Beginner,28,Fundamentals of Object Tracking,1,PDF Notes
Advanced Computer Vision,Essential Terminology of Object Tracking,Beginner,19,Quick Revision of Object Tracking,1,Quiz
Advanced Computer Vision,Object Tracking: Core Concepts,Intermediate,58,Essential Terminology of Object Tracking,4,Video
Advanced Computer Vision,Object Tracking: Practical Applications,Intermediate,47,Object Tracking: Core Concepts,4,Case Study
Advanced Computer Vision,Problem Solving using Object Tracking,Intermediate,38,Object Tracking: Practical Applications,3,Practice Problems
Advanced Computer Vision,Common Mistakes in Object Tracking,Intermediate,41,Problem Solving using Object Tracking,2,Quiz
Advanced Computer Vision,Hands-on Practice for Object Tracking,Intermediate,35,Common Mistakes in Object Tracking,4,Practice Problems
Advanced Computer Vision,Advanced Object Tracking Techniques,Advanced,72,Hands-on Practice for Object Tracking,5,Mini Project
Advanced Computer Vision,Object Tracking: Case Study & Project Work,Advanced,68,Advanced Object Tracking Techniques,5,Case Study
Advanced Computer Vision,Mini Project on Object Tracking,Advanced,117,Object Tracking: Case Study & Project Work,5,Interactive Lab
Advanced Computer Vision,Real-world Applications of Object Tracking,Advanced,88,Mini Project on Object Tracking,4,Mini Project
Advanced Computer Vision,Interview Questions on Object Tracking,Advanced,78,Real-world Applications of Object Tracking,5,Practice Problems
Advanced Computer Vision,Mastering Object Tracking,Advanced,104,Interview Questions on Object Tracking,4,Mini Project
Advanced Computer Vision,Introduction to 3D Vision,Beginner,18,Mastering Object Tracking,1,Quiz
Advanced Computer Vision,Fundamentals of 3D Vision,Beginner,21,Introduction to 3D Vision,1,Video
Advanced Computer Vision,Quick Revision of 3D Vision,Beginner,18,Fundamentals of 3D Vision,2,PDF Notes
Advanced Computer Vision,Essential Terminology of 3D Vision,Beginner,26,Quick Revision of 3D Vision,1,Quiz
Advanced Computer Vision,3D Vision: Core Concepts,Intermediate,58,Essential Terminology of 3D Vision,3,Video
Advanced Computer Vision,3D Vision: Practical Applications,Intermediate,56,3D Vision: Core Concepts,3,Practice Problems
Advanced Computer Vision,Problem Solving using 3D Vision,Intermediate,48,3D Vision: Practical Applications,4,Practice Problems
Advanced Computer Vision,Common Mistakes in 3D Vision,Intermediate,32,Problem Solving using 3D Vision,2,Quiz
Advanced Computer Vision,Hands-on Practice for 3D Vision,Intermediate,47,Common Mistakes in 3D Vision,3,Practice Problems
Advanced Computer Vision,Advanced 3D Vision Techniques,Advanced,79,Hands-on Practice for 3D Vision,5,Practice Problems
Advanced Computer Vision,3D Vision: Case Study & Project Work,Advanced,120,Advanced 3D Vision Techniques,4,Interactive Lab
Advanced Computer Vision,Mini Project on 3D Vision,Advanced,98,3D Vision: Case Study & Project Work,4,Case Study
Advanced Computer Vision,Real-world Applications of 3D Vision,Advanced,72,Mini Project on 3D Vision,5,Mini Project
Advanced Computer Vision,Interview Questions on 3D Vision,Advanced,116,Real-world Applications of 3D Vision,4,Practice Problems
Advanced Computer Vision,Mastering 3D Vision,Advanced,108,Interview Questions on 3D Vision,4,Practice Problems
Advanced Computer Vision,Introduction to Generative Vision Models,Beginner,15,Mastering 3D Vision,2,Video
Advanced Computer Vision,Fundamentals of Generative Vision Models,Beginner,20,Introduction to Generative Vision Models,2,Video
Advanced Computer Vision,Quick Revision of Generative Vision Models,Beginner,30,Fundamentals of Generative Vision Models,1,Video
Advanced Computer Vision,Essential Terminology of Generative Vision Models,Beginner,29,Quick Revision of Generative Vision Models,1,PDF Notes
Advanced Computer Vision,Generative Vision Models: Core Concepts,Intermediate,50,Essential Terminology of Generative Vision Models,4,Case Study
Advanced Computer Vision,Generative Vision Models: Practical Applications,Intermediate,34,Generative Vision Models: Core Concepts,4,Video
Advanced Computer Vision,Problem Solving using Generative Vision Models,Intermediate,49,Generative Vision Models: Practical Applications,2,Practice Problems
Advanced Computer Vision,Common Mistakes in Generative Vision Models,Intermediate,44,Problem Solving using Generative Vision Models,2,Quiz
Advanced Computer Vision,Hands-on Practice for Generative Vision Models,Intermediate,43,Common Mistakes in Generative Vision Models,4,Video
Advanced Computer Vision,Advanced Generative Vision Models Techniques,Advanced,60,Hands-on Practice for Generative Vision Models,4,Mini Project
Advanced Computer Vision,Generative Vision Models: Case Study & Project Work,Advanced,113,Advanced Generative Vision Models Techniques,4,Practice Problems
Advanced Computer Vision,Mini Project on Generative Vision Models,Advanced,82,Generative Vision Models: Case Study & Project Work,4,Case Study
Advanced Computer Vision,Real-world Applications of Generative Vision Models,Advanced,71,Mini Project on Generative Vision Models,5,Practice Problems
Advanced Computer Vision,Interview Questions on Generative Vision Models,Advanced,75,Real-world Applications of Generative Vision Models,5,Mini Project
Advanced Computer Vision,Mastering Generative Vision Models,Advanced,71,Interview Questions on Generative Vision Models,5,Practice Problems
Advanced Computer Vision,Introduction to Video Understanding,Beginner,19,Mastering Generative Vision Models,2,PDF Notes
Advanced Computer Vision,Fundamentals of Video Understanding,Beginner,26,Introduction to Video Understanding,2,PDF Notes
Advanced Computer Vision,Quick Revision of Video Understanding,Beginner,22,Fundamentals of Video Understanding,2,PDF Notes
Advanced Computer Vision,Essential Terminology of Video Understanding,Beginner,26,Quick Revision of Video Understanding,2,Video
Advanced Computer Vision,Video Understanding: Core Concepts,Intermediate,38,Essential Terminology of Video Understanding,4,Practice Problems
Advanced Computer Vision,Video Understanding: Practical Applications,Intermediate,60,Video Understanding: Core Concepts,2,Quiz
Advanced Computer Vision,Problem Solving using Video Understanding,Intermediate,30,Video Understanding: Practical Applications,2,Case Study
Advanced Computer Vision,Common Mistakes in Video Understanding,Intermediate,42,Problem Solving using Video Understanding,2,Quiz
Advanced Computer Vision,Hands-on Practice for Video Understanding,Intermediate,43,Common Mistakes in Video Understanding,4,Quiz
Advanced Computer Vision,Advanced Video Understanding Techniques,Advanced,65,Hands-on Practice for Video Understanding,5,Case Study
Advanced Computer Vision,Video Understanding: Case Study & Project Work,Advanced,64,Advanced Video Understanding Techniques,4,Interactive Lab
Advanced Computer Vision,Mini Project on Video Understanding,Advanced,61,Video Understanding: Case Study & Project Work,5,Practice Problems
Advanced Computer Vision,Real-world Applications of Video Understanding,Advanced,89,Mini Project on Video Understanding,5,Case Study
Advanced Computer Vision,Interview Questions on Video Understanding,Advanced,104,Real-world Applications of Video Understanding,4,Case Study
Advanced Computer Vision,Mastering Video Understanding,Advanced,115,Interview Questions on Video Understanding,4,Mini Project
Advanced Constitutional Law,Introduction to Judicial Review,Beginner,15,None,2,Quiz
Advanced Constitutional Law,Fundamentals of Judicial Review,Beginner,15,Introduction to Judicial Review,1,Video
Advanced Constitutional Law,Quick Revision of Judicial Review,Beginner,24,Fundamentals of Judicial Review,1,Video
Advanced Constitutional Law,Essential Terminology of Judicial Review,Beginner,20,Quick Revision of Judicial Review,1,Quiz
Advanced Constitutional Law,Judicial Review: Core Concepts,Intermediate,46,Essential Terminology of Judicial Review,2,Quiz
Advanced Constitutional Law,Judicial Review: Practical Applications,Intermediate,31,Judicial Review: Core Concepts,2,Video
Advanced Constitutional Law,Problem Solving using Judicial Review,Intermediate,60,Judicial Review: Practical Applications,2,Quiz
Advanced Constitutional Law,Common Mistakes in Judicial Review,Intermediate,45,Problem Solving using Judicial Review,4,Practice Problems
Advanced Constitutional Law,Hands-on Practice for Judicial Review,Intermediate,57,Common Mistakes in Judicial Review,2,Quiz
Advanced Constitutional Law,Advanced Judicial Review Techniques,Advanced,90,Hands-on Practice for Judicial Review,4,Mini Project
Advanced Constitutional Law,Judicial Review: Case Study & Project Work,Advanced,62,Advanced Judicial Review Techniques,4,Case Study
Advanced Constitutional Law,Mini Project on Judicial Review,Advanced,96,Judicial Review: Case Study & Project Work,4,Interactive Lab
Advanced Constitutional Law,Real-world Applications of Judicial Review,Advanced,69,Mini Project on Judicial Review,5,Case Study
Advanced Constitutional Law,Interview Questions on Judicial Review,Advanced,76,Real-world Applications of Judicial Review,4,Mini Project
Advanced Constitutional Law,Mastering Judicial Review,Advanced,68,Interview Questions on Judicial Review,5,Interactive Lab
Advanced Constitutional Law,Introduction to Federalism,Beginner,17,Mastering Judicial Review,1,Video
Advanced Constitutional Law,Fundamentals of Federalism,Beginner,18,Introduction to Federalism,2,Video
Advanced Constitutional Law,Quick Revision of Federalism,Beginner,15,Fundamentals of Federalism,2,PDF Notes
Advanced Constitutional Law,Essential Terminology of Federalism,Beginner,26,Quick Revision of Federalism,1,Quiz
Advanced Constitutional Law,Federalism: Core Concepts,Intermediate,55,Essential Terminology of Federalism,3,Practice Problems
Advanced Constitutional Law,Federalism: Practical Applications,Intermediate,51,Federalism: Core Concepts,3,Video
Advanced Constitutional Law,Problem Solving using Federalism,Intermediate,56,Federalism: Practical Applications,3,Case Study
Advanced Constitutional Law,Common Mistakes in Federalism,Intermediate,30,Problem Solving using Federalism,3,Case Study
Advanced Constitutional Law,Hands-on Practice for Federalism,Intermediate,34,Common Mistakes in Federalism,3,Practice Problems
Advanced Constitutional Law,Advanced Federalism Techniques,Advanced,118,Hands-on Practice for Federalism,4,Interactive Lab
Advanced Constitutional Law,Federalism: Case Study & Project Work,Advanced,107,Advanced Federalism Techniques,4,Case Study
Advanced Constitutional Law,Mini Project on Federalism,Advanced,82,Federalism: Case Study & Project Work,4,Interactive Lab
Advanced Constitutional Law,Real-world Applications of Federalism,Advanced,80,Mini Project on Federalism,5,Mini Project
Advanced Constitutional Law,Interview Questions on Federalism,Advanced,70,Real-world Applications of Federalism,4,Case Study
Advanced Constitutional Law,Mastering Federalism,Advanced,97,Interview Questions on Federalism,5,Practice Problems
Advanced Constitutional Law,Introduction to Emergency Provisions,Beginner,16,Mastering Federalism,2,PDF Notes
Advanced Constitutional Law,Fundamentals of Emergency Provisions,Beginner,16,Introduction to Emergency Provisions,2,PDF Notes
Advanced Constitutional Law,Quick Revision of Emergency Provisions,Beginner,29,Fundamentals of Emergency Provisions,1,Quiz
Advanced Constitutional Law,Essential Terminology of Emergency Provisions,Beginner,29,Quick Revision of Emergency Provisions,2,Video
Advanced Constitutional Law,Emergency Provisions: Core Concepts,Intermediate,35,Essential Terminology of Emergency Provisions,2,Case Study
Advanced Constitutional Law,Emergency Provisions: Practical Applications,Intermediate,44,Emergency Provisions: Core Concepts,3,Video
Advanced Constitutional Law,Problem Solving using Emergency Provisions,Intermediate,39,Emergency Provisions: Practical Applications,4,Quiz
Advanced Constitutional Law,Common Mistakes in Emergency Provisions,Intermediate,34,Problem Solving using Emergency Provisions,2,Case Study
Advanced Constitutional Law,Hands-on Practice for Emergency Provisions,Intermediate,39,Common Mistakes in Emergency Provisions,2,Practice Problems
Advanced Constitutional Law,Advanced Emergency Provisions Techniques,Advanced,76,Hands-on Practice for Emergency Provisions,5,Practice Problems
Advanced Constitutional Law,Emergency Provisions: Case Study & Project Work,Advanced,83,Advanced Emergency Provisions Techniques,4,Mini Project
Advanced Constitutional Law,Mini Project on Emergency Provisions,Advanced,65,Emergency Provisions: Case Study & Project Work,4,Mini Project
Advanced Constitutional Law,Real-world Applications of Emergency Provisions,Advanced,72,Mini Project on Emergency Provisions,5,Case Study
Advanced Constitutional Law,Interview Questions on Emergency Provisions,Advanced,102,Real-world Applications of Emergency Provisions,5,Case Study
Advanced Constitutional Law,Mastering Emergency Provisions,Advanced,110,Interview Questions on Emergency Provisions,4,Interactive Lab
Advanced Constitutional Law,Introduction to Comparative Constitutional Law,Beginner,21,Mastering Emergency Provisions,1,Quiz
Advanced Constitutional Law,Fundamentals of Comparative Constitutional Law,Beginner,25,Introduction to Comparative Constitutional Law,2,Video
Advanced Constitutional Law,Quick Revision of Comparative Constitutional Law,Beginner,17,Fundamentals of Comparative Constitutional Law,2,Quiz
Advanced Constitutional Law,Essential Terminology of Comparative Constitutional Law,Beginner,25,Quick Revision of Comparative Constitutional Law,1,PDF Notes
Advanced Constitutional Law,Comparative Constitutional Law: Core Concepts,Intermediate,58,Essential Terminology of Comparative Constitutional Law,3,Video
Advanced Constitutional Law,Comparative Constitutional Law: Practical Applications,Intermediate,48,Comparative Constitutional Law: Core Concepts,2,Quiz
Advanced Constitutional Law,Problem Solving using Comparative Constitutional Law,Intermediate,47,Comparative Constitutional Law: Practical Applications,3,Quiz
Advanced Constitutional Law,Common Mistakes in Comparative Constitutional Law,Intermediate,51,Problem Solving using Comparative Constitutional Law,2,Practice Problems
Advanced Constitutional Law,Hands-on Practice for Comparative Constitutional Law,Intermediate,30,Common Mistakes in Comparative Constitutional Law,2,Quiz
Advanced Constitutional Law,Advanced Comparative Constitutional Law Techniques,Advanced,71,Hands-on Practice for Comparative Constitutional Law,5,Mini Project
Advanced Constitutional Law,Comparative Constitutional Law: Case Study & Project Work,Advanced,93,Advanced Comparative Constitutional Law Techniques,4,Mini Project
Advanced Constitutional Law,Mini Project on Comparative Constitutional Law,Advanced,85,Comparative Constitutional Law: Case Study & Project Work,4,Case Study
Advanced Constitutional Law,Real-world Applications of Comparative Constitutional Law,Advanced,68,Mini Project on Comparative Constitutional Law,5,Interactive Lab
Advanced Constitutional Law,Interview Questions on Comparative Constitutional Law,Advanced,106,Real-world Applications of Comparative Constitutional Law,4,Mini Project
Advanced Constitutional Law,Mastering Comparative Constitutional Law,Advanced,106,Interview Questions on Comparative Constitutional Law,5,Mini Project
Advanced DBMS,Introduction to Query Optimization,Beginner,25,None,1,Video
Advanced DBMS,Fundamentals of Query Optimization,Beginner,15,Introduction to Query Optimization,2,Video
Advanced DBMS,Quick Revision of Query Optimization,Beginner,22,Fundamentals of Query Optimization,1,Quiz
Advanced DBMS,Essential Terminology of Query Optimization,Beginner,27,Quick Revision of Query Optimization,2,Quiz
Advanced DBMS,Query Optimization: Core Concepts,Intermediate,44,Essential Terminology of Query Optimization,4,Case Study
Advanced DBMS,Query Optimization: Practical Applications,Intermediate,51,Query Optimization: Core Concepts,3,Practice Problems
Advanced DBMS,Problem Solving using Query Optimization,Intermediate,57,Query Optimization: Practical Applications,4,Practice Problems
Advanced DBMS,Common Mistakes in Query Optimization,Intermediate,53,Problem Solving using Query Optimization,3,Quiz
Advanced DBMS,Hands-on Practice for Query Optimization,Intermediate,55,Common Mistakes in Query Optimization,3,Video
Advanced DBMS,Advanced Query Optimization Techniques,Advanced,115,Hands-on Practice for Query Optimization,4,Case Study
Advanced DBMS,Query Optimization: Case Study & Project Work,Advanced,62,Advanced Query Optimization Techniques,4,Case Study
Advanced DBMS,Mini Project on Query Optimization,Advanced,105,Query Optimization: Case Study & Project Work,4,Case Study
Advanced DBMS,Real-world Applications of Query Optimization,Advanced,119,Mini Project on Query Optimization,4,Mini Project
Advanced DBMS,Interview Questions on Query Optimization,Advanced,117,Real-world Applications of Query Optimization,5,Case Study
Advanced DBMS,Mastering Query Optimization,Advanced,110,Interview Questions on Query Optimization,4,Practice Problems
Advanced DBMS,Introduction to Concurrency Control,Beginner,23,Mastering Query Optimization,1,Video
Advanced DBMS,Fundamentals of Concurrency Control,Beginner,26,Introduction to Concurrency Control,2,Quiz
Advanced DBMS,Quick Revision of Concurrency Control,Beginner,23,Fundamentals of Concurrency Control,1,Quiz
Advanced DBMS,Essential Terminology of Concurrency Control,Beginner,20,Quick Revision of Concurrency Control,2,PDF Notes
Advanced DBMS,Concurrency Control: Core Concepts,Intermediate,41,Essential Terminology of Concurrency Control,2,Quiz
Advanced DBMS,Concurrency Control: Practical Applications,Intermediate,42,Concurrency Control: Core Concepts,2,Case Study
Advanced DBMS,Problem Solving using Concurrency Control,Intermediate,39,Concurrency Control: Practical Applications,4,Quiz
Advanced DBMS,Common Mistakes in Concurrency Control,Intermediate,42,Problem Solving using Concurrency Control,3,Video
Advanced DBMS,Hands-on Practice for Concurrency Control,Intermediate,33,Common Mistakes in Concurrency Control,4,Practice Problems
Advanced DBMS,Advanced Concurrency Control Techniques,Advanced,93,Hands-on Practice for Concurrency Control,4,Practice Problems
Advanced DBMS,Concurrency Control: Case Study & Project Work,Advanced,99,Advanced Concurrency Control Techniques,4,Practice Problems
Advanced DBMS,Mini Project on Concurrency Control,Advanced,78,Concurrency Control: Case Study & Project Work,5,Interactive Lab
Advanced DBMS,Real-world Applications of Concurrency Control,Advanced,96,Mini Project on Concurrency Control,5,Practice Problems
Advanced DBMS,Interview Questions on Concurrency Control,Advanced,85,Real-world Applications of Concurrency Control,5,Mini Project
Advanced DBMS,Mastering Concurrency Control,Advanced,118,Interview Questions on Concurrency Control,5,Case Study
Advanced DBMS,Introduction to Distributed Databases,Beginner,27,Mastering Concurrency Control,2,Video
Advanced DBMS,Fundamentals of Distributed Databases,Beginner,23,Introduction to Distributed Databases,1,Video
Advanced DBMS,Quick Revision of Distributed Databases,Beginner,20,Fundamentals of Distributed Databases,1,PDF Notes
Advanced DBMS,Essential Terminology of Distributed Databases,Beginner,20,Quick Revision of Distributed Databases,1,PDF Notes
Advanced DBMS,Distributed Databases: Core Concepts,Intermediate,40,Essential Terminology of Distributed Databases,3,Practice Problems
Advanced DBMS,Distributed Databases: Practical Applications,Intermediate,59,Distributed Databases: Core Concepts,4,Case Study
Advanced DBMS,Problem Solving using Distributed Databases,Intermediate,52,Distributed Databases: Practical Applications,2,Video
Advanced DBMS,Common Mistakes in Distributed Databases,Intermediate,32,Problem Solving using Distributed Databases,4,Video
Advanced DBMS,Hands-on Practice for Distributed Databases,Intermediate,37,Common Mistakes in Distributed Databases,2,Case Study
Advanced DBMS,Advanced Distributed Databases Techniques,Advanced,83,Hands-on Practice for Distributed Databases,4,Mini Project
Advanced DBMS,Distributed Databases: Case Study & Project Work,Advanced,61,Advanced Distributed Databases Techniques,5,Practice Problems
Advanced DBMS,Mini Project on Distributed Databases,Advanced,70,Distributed Databases: Case Study & Project Work,5,Case Study
Advanced DBMS,Real-world Applications of Distributed Databases,Advanced,65,Mini Project on Distributed Databases,5,Interactive Lab
Advanced DBMS,Interview Questions on Distributed Databases,Advanced,89,Real-world Applications of Distributed Databases,5,Mini Project
Advanced DBMS,Mastering Distributed Databases,Advanced,110,Interview Questions on Distributed Databases,5,Interactive Lab
Advanced DBMS,Introduction to NoSQL Systems,Beginner,16,Mastering Distributed Databases,1,Quiz
Advanced DBMS,Fundamentals of NoSQL Systems,Beginner,22,Introduction to NoSQL Systems,2,Quiz
Advanced DBMS,Quick Revision of NoSQL Systems,Beginner,27,Fundamentals of NoSQL Systems,2,Video
Advanced DBMS,Essential Terminology of NoSQL Systems,Beginner,20,Quick Revision of NoSQL Systems,2,PDF Notes
Advanced DBMS,NoSQL Systems: Core Concepts,Intermediate,33,Essential Terminology of NoSQL Systems,4,Case Study
Advanced DBMS,NoSQL Systems: Practical Applications,Intermediate,30,NoSQL Systems: Core Concepts,2,Case Study
Advanced DBMS,Problem Solving using NoSQL Systems,Intermediate,44,NoSQL Systems: Practical Applications,2,Practice Problems
Advanced DBMS,Common Mistakes in NoSQL Systems,Intermediate,43,Problem Solving using NoSQL Systems,3,Quiz
Advanced DBMS,Hands-on Practice for NoSQL Systems,Intermediate,59,Common Mistakes in NoSQL Systems,4,Video
Advanced DBMS,Advanced NoSQL Systems Techniques,Advanced,95,Hands-on Practice for NoSQL Systems,4,Case Study
Advanced DBMS,NoSQL Systems: Case Study & Project Work,Advanced,62,Advanced NoSQL Systems Techniques,4,Mini Project
Advanced DBMS,Mini Project on NoSQL Systems,Advanced,109,NoSQL Systems: Case Study & Project Work,5,Mini Project
Advanced DBMS,Real-world Applications of NoSQL Systems,Advanced,64,Mini Project on NoSQL Systems,4,Mini Project
Advanced DBMS,Interview Questions on NoSQL Systems,Advanced,103,Real-world Applications of NoSQL Systems,5,Interactive Lab
Advanced DBMS,Mastering NoSQL Systems,Advanced,99,Interview Questions on NoSQL Systems,5,Practice Problems
Advanced Machine Learning,Introduction to Bayesian Learning,Beginner,15,None,1,Video
Advanced Machine Learning,Fundamentals of Bayesian Learning,Beginner,23,Introduction to Bayesian Learning,1,Video
Advanced Machine Learning,Quick Revision of Bayesian Learning,Beginner,25,Fundamentals of Bayesian Learning,1,PDF Notes
Advanced Machine Learning,Essential Terminology of Bayesian Learning,Beginner,21,Quick Revision of Bayesian Learning,1,PDF Notes
Advanced Machine Learning,Bayesian Learning: Core Concepts,Intermediate,60,Essential Terminology of Bayesian Learning,2,Quiz
Advanced Machine Learning,Bayesian Learning: Practical Applications,Intermediate,59,Bayesian Learning: Core Concepts,3,Practice Problems
Advanced Machine Learning,Problem Solving using Bayesian Learning,Intermediate,50,Bayesian Learning: Practical Applications,4,Quiz
Advanced Machine Learning,Common Mistakes in Bayesian Learning,Intermediate,31,Problem Solving using Bayesian Learning,4,Video
Advanced Machine Learning,Hands-on Practice for Bayesian Learning,Intermediate,30,Common Mistakes in Bayesian Learning,3,Case Study
Advanced Machine Learning,Advanced Bayesian Learning Techniques,Advanced,88,Hands-on Practice for Bayesian Learning,5,Case Study
Advanced Machine Learning,Bayesian Learning: Case Study & Project Work,Advanced,100,Advanced Bayesian Learning Techniques,4,Mini Project
Advanced Machine Learning,Mini Project on Bayesian Learning,Advanced,119,Bayesian Learning: Case Study & Project Work,5,Case Study
Advanced Machine Learning,Real-world Applications of Bayesian Learning,Advanced,80,Mini Project on Bayesian Learning,4,Interactive Lab
Advanced Machine Learning,Interview Questions on Bayesian Learning,Advanced,78,Real-world Applications of Bayesian Learning,4,Mini Project
Advanced Machine Learning,Mastering Bayesian Learning,Advanced,85,Interview Questions on Bayesian Learning,5,Practice Problems
Advanced Machine Learning,Introduction to Kernel Methods,Beginner,23,Mastering Bayesian Learning,1,PDF Notes
Advanced Machine Learning,Fundamentals of Kernel Methods,Beginner,23,Introduction to Kernel Methods,2,Quiz
Advanced Machine Learning,Quick Revision of Kernel Methods,Beginner,22,Fundamentals of Kernel Methods,2,Quiz
Advanced Machine Learning,Essential Terminology of Kernel Methods,Beginner,27,Quick Revision of Kernel Methods,2,Video
Advanced Machine Learning,Kernel Methods: Core Concepts,Intermediate,52,Essential Terminology of Kernel Methods,4,Video
Advanced Machine Learning,Kernel Methods: Practical Applications,Intermediate,30,Kernel Methods: Core Concepts,2,Quiz
Advanced Machine Learning,Problem Solving using Kernel Methods,Intermediate,30,Kernel Methods: Practical Applications,4,Video
Advanced Machine Learning,Common Mistakes in Kernel Methods,Intermediate,31,Problem Solving using Kernel Methods,3,Quiz
Advanced Machine Learning,Hands-on Practice for Kernel Methods,Intermediate,37,Common Mistakes in Kernel Methods,4,Video
Advanced Machine Learning,Advanced Kernel Methods Techniques,Advanced,110,Hands-on Practice for Kernel Methods,5,Mini Project
Advanced Machine Learning,Kernel Methods: Case Study & Project Work,Advanced,62,Advanced Kernel Methods Techniques,4,Case Study
Advanced Machine Learning,Mini Project on Kernel Methods,Advanced,67,Kernel Methods: Case Study & Project Work,5,Practice Problems
Advanced Machine Learning,Real-world Applications of Kernel Methods,Advanced,111,Mini Project on Kernel Methods,4,Case Study
Advanced Machine Learning,Interview Questions on Kernel Methods,Advanced,88,Real-world Applications of Kernel Methods,4,Practice Problems
Advanced Machine Learning,Mastering Kernel Methods,Advanced,89,Interview Questions on Kernel Methods,4,Case Study
Advanced Machine Learning,Introduction to Model Interpretability,Beginner,18,Mastering Kernel Methods,1,PDF Notes
Advanced Machine Learning,Fundamentals of Model Interpretability,Beginner,23,Introduction to Model Interpretability,1,Video
Advanced Machine Learning,Quick Revision of Model Interpretability,Beginner,19,Fundamentals of Model Interpretability,1,Quiz
Advanced Machine Learning,Essential Terminology of Model Interpretability,Beginner,15,Quick Revision of Model Interpretability,2,PDF Notes
Advanced Machine Learning,Model Interpretability: Core Concepts,Intermediate,31,Essential Terminology of Model Interpretability,3,Quiz
Advanced Machine Learning,Model Interpretability: Practical Applications,Intermediate,56,Model Interpretability: Core Concepts,3,Quiz
Advanced Machine Learning,Problem Solving using Model Interpretability,Intermediate,51,Model Interpretability: Practical Applications,3,Quiz
Advanced Machine Learning,Common Mistakes in Model Interpretability,Intermediate,60,Problem Solving using Model Interpretability,4,Case Study
Advanced Machine Learning,Hands-on Practice for Model Interpretability,Intermediate,42,Common Mistakes in Model Interpretability,4,Quiz
Advanced Machine Learning,Advanced Model Interpretability Techniques,Advanced,67,Hands-on Practice for Model Interpretability,4,Interactive Lab
Advanced Machine Learning,Model Interpretability: Case Study & Project Work,Advanced,106,Advanced Model Interpretability Techniques,5,Practice Problems
Advanced Machine Learning,Mini Project on Model Interpretability,Advanced,104,Model Interpretability: Case Study & Project Work,5,Case Study
Advanced Machine Learning,Real-world Applications of Model Interpretability,Advanced,90,Mini Project on Model Interpretability,4,Case Study
Advanced Machine Learning,Interview Questions on Model Interpretability,Advanced,95,Real-world Applications of Model Interpretability,5,Mini Project
Advanced Machine Learning,Mastering Model Interpretability,Advanced,102,Interview Questions on Model Interpretability,4,Interactive Lab
Advanced Machine Learning,Introduction to AutoML,Beginner,18,Mastering Model Interpretability,1,PDF Notes
Advanced Machine Learning,Fundamentals of AutoML,Beginner,24,Introduction to AutoML,2,PDF Notes
Advanced Machine Learning,Quick Revision of AutoML,Beginner,20,Fundamentals of AutoML,2,Quiz
Advanced Machine Learning,Essential Terminology of AutoML,Beginner,29,Quick Revision of AutoML,2,PDF Notes
Advanced Machine Learning,AutoML: Core Concepts,Intermediate,40,Essential Terminology of AutoML,3,Quiz
Advanced Machine Learning,AutoML: Practical Applications,Intermediate,37,AutoML: Core Concepts,3,Practice Problems
Advanced Machine Learning,Problem Solving using AutoML,Intermediate,54,AutoML: Practical Applications,2,Video
Advanced Machine Learning,Common Mistakes in AutoML,Intermediate,37,Problem Solving using AutoML,4,Case Study
Advanced Machine Learning,Hands-on Practice for AutoML,Intermediate,41,Common Mistakes in AutoML,2,Case Study
Advanced Machine Learning,Advanced AutoML Techniques,Advanced,96,Hands-on Practice for AutoML,5,Case Study
Advanced Machine Learning,AutoML: Case Study & Project Work,Advanced,101,Advanced AutoML Techniques,4,Practice Problems
Advanced Machine Learning,Mini Project on AutoML,Advanced,90,AutoML: Case Study & Project Work,5,Interactive Lab
Advanced Machine Learning,Real-world Applications of AutoML,Advanced,113,Mini Project on AutoML,4,Interactive Lab
Advanced Machine Learning,Interview Questions on AutoML,Advanced,73,Real-world Applications of AutoML,5,Interactive Lab
Advanced Machine Learning,Mastering AutoML,Advanced,81,Interview Questions on AutoML,4,Case Study
Advanced Mathematics,Introduction to Real Analysis,Beginner,15,None,2,Video
Advanced Mathematics,Fundamentals of Real Analysis,Beginner,19,Introduction to Real Analysis,2,PDF Notes
Advanced Mathematics,Quick Revision of Real Analysis,Beginner,18,Fundamentals of Real Analysis,2,Quiz
Advanced Mathematics,Essential Terminology of Real Analysis,Beginner,23,Quick Revision of Real Analysis,1,Quiz
Advanced Mathematics,Real Analysis: Core Concepts,Intermediate,51,Essential Terminology of Real Analysis,4,Video
Advanced Mathematics,Real Analysis: Practical Applications,Intermediate,37,Real Analysis: Core Concepts,4,Quiz
Advanced Mathematics,Problem Solving using Real Analysis,Intermediate,44,Real Analysis: Practical Applications,2,Quiz
Advanced Mathematics,Common Mistakes in Real Analysis,Intermediate,38,Problem Solving using Real Analysis,3,Case Study
Advanced Mathematics,Hands-on Practice for Real Analysis,Intermediate,54,Common Mistakes in Real Analysis,2,Practice Problems
Advanced Mathematics,Advanced Real Analysis Techniques,Advanced,100,Hands-on Practice for Real Analysis,4,Case Study
Advanced Mathematics,Real Analysis: Case Study & Project Work,Advanced,111,Advanced Real Analysis Techniques,4,Mini Project
Advanced Mathematics,Mini Project on Real Analysis,Advanced,70,Real Analysis: Case Study & Project Work,5,Mini Project
Advanced Mathematics,Real-world Applications of Real Analysis,Advanced,66,Mini Project on Real Analysis,5,Case Study
Advanced Mathematics,Interview Questions on Real Analysis,Advanced,93,Real-world Applications of Real Analysis,4,Interactive Lab
Advanced Mathematics,Mastering Real Analysis,Advanced,102,Interview Questions on Real Analysis,4,Practice Problems
Advanced Mathematics,Introduction to Abstract Algebra,Beginner,25,Mastering Real Analysis,1,PDF Notes
Advanced Mathematics,Fundamentals of Abstract Algebra,Beginner,22,Introduction to Abstract Algebra,1,Quiz
Advanced Mathematics,Quick Revision of Abstract Algebra,Beginner,18,Fundamentals of Abstract Algebra,2,Video
Advanced Mathematics,Essential Terminology of Abstract Algebra,Beginner,22,Quick Revision of Abstract Algebra,1,Video
Advanced Mathematics,Abstract Algebra: Core Concepts,Intermediate,58,Essential Terminology of Abstract Algebra,4,Video
Advanced Mathematics,Abstract Algebra: Practical Applications,Intermediate,51,Abstract Algebra: Core Concepts,3,Case Study
Advanced Mathematics,Problem Solving using Abstract Algebra,Intermediate,47,Abstract Algebra: Practical Applications,2,Quiz
Advanced Mathematics,Common Mistakes in Abstract Algebra,Intermediate,36,Problem Solving using Abstract Algebra,2,Case Study
Advanced Mathematics,Hands-on Practice for Abstract Algebra,Intermediate,38,Common Mistakes in Abstract Algebra,2,Case Study
Advanced Mathematics,Advanced Abstract Algebra Techniques,Advanced,113,Hands-on Practice for Abstract Algebra,5,Practice Problems
Advanced Mathematics,Abstract Algebra: Case Study & Project Work,Advanced,120,Advanced Abstract Algebra Techniques,5,Interactive Lab
Advanced Mathematics,Mini Project on Abstract Algebra,Advanced,66,Abstract Algebra: Case Study & Project Work,4,Practice Problems
Advanced Mathematics,Real-world Applications of Abstract Algebra,Advanced,72,Mini Project on Abstract Algebra,5,Case Study
Advanced Mathematics,Interview Questions on Abstract Algebra,Advanced,110,Real-world Applications of Abstract Algebra,4,Practice Problems
Advanced Mathematics,Mastering Abstract Algebra,Advanced,78,Interview Questions on Abstract Algebra,5,Practice Problems
Advanced Mathematics,Introduction to Complex Analysis,Beginner,28,Mastering Abstract Algebra,1,Video
Advanced Mathematics,Fundamentals of Complex Analysis,Beginner,27,Introduction to Complex Analysis,1,PDF Notes
Advanced Mathematics,Quick Revision of Complex Analysis,Beginner,30,Fundamentals of Complex Analysis,2,Quiz
Advanced Mathematics,Essential Terminology of Complex Analysis,Beginner,16,Quick Revision of Complex Analysis,1,PDF Notes
Advanced Mathematics,Complex Analysis: Core Concepts,Intermediate,48,Essential Terminology of Complex Analysis,4,Practice Problems
Advanced Mathematics,Complex Analysis: Practical Applications,Intermediate,31,Complex Analysis: Core Concepts,3,Case Study
Advanced Mathematics,Problem Solving using Complex Analysis,Intermediate,46,Complex Analysis: Practical Applications,3,Practice Problems
Advanced Mathematics,Common Mistakes in Complex Analysis,Intermediate,35,Problem Solving using Complex Analysis,4,Video
Advanced Mathematics,Hands-on Practice for Complex Analysis,Intermediate,33,Common Mistakes in Complex Analysis,2,Case Study
Advanced Mathematics,Advanced Complex Analysis Techniques,Advanced,88,Hands-on Practice for Complex Analysis,4,Case Study
Advanced Mathematics,Complex Analysis: Case Study & Project Work,Advanced,62,Advanced Complex Analysis Techniques,5,Mini Project
Advanced Mathematics,Mini Project on Complex Analysis,Advanced,69,Complex Analysis: Case Study & Project Work,4,Mini Project
Advanced Mathematics,Real-world Applications of Complex Analysis,Advanced,93,Mini Project on Complex Analysis,5,Interactive Lab
Advanced Mathematics,Interview Questions on Complex Analysis,Advanced,82,Real-world Applications of Complex Analysis,4,Practice Problems
Advanced Mathematics,Mastering Complex Analysis,Advanced,91,Interview Questions on Complex Analysis,5,Case Study
Advanced Mathematics,Introduction to Numerical Methods,Beginner,27,Mastering Complex Analysis,2,Video
Advanced Mathematics,Fundamentals of Numerical Methods,Beginner,23,Introduction to Numerical Methods,1,Quiz
Advanced Mathematics,Quick Revision of Numerical Methods,Beginner,22,Fundamentals of Numerical Methods,1,Quiz
Advanced Mathematics,Essential Terminology of Numerical Methods,Beginner,29,Quick Revision of Numerical Methods,1,PDF Notes
Advanced Mathematics,Numerical Methods: Core Concepts,Intermediate,54,Essential Terminology of Numerical Methods,4,Quiz
Advanced Mathematics,Numerical Methods: Practical Applications,Intermediate,32,Numerical Methods: Core Concepts,4,Quiz
Advanced Mathematics,Problem Solving using Numerical Methods,Intermediate,57,Numerical Methods: Practical Applications,4,Case Study
Advanced Mathematics,Common Mistakes in Numerical Methods,Intermediate,31,Problem Solving using Numerical Methods,4,Case Study
Advanced Mathematics,Hands-on Practice for Numerical Methods,Intermediate,53,Common Mistakes in Numerical Methods,3,Case Study
Advanced Mathematics,Advanced Numerical Methods Techniques,Advanced,115,Hands-on Practice for Numerical Methods,5,Case Study
Advanced Mathematics,Numerical Methods: Case Study & Project Work,Advanced,75,Advanced Numerical Methods Techniques,5,Practice Problems
Advanced Mathematics,Mini Project on Numerical Methods,Advanced,96,Numerical Methods: Case Study & Project Work,5,Interactive Lab
Advanced Mathematics,Real-world Applications of Numerical Methods,Advanced,73,Mini Project on Numerical Methods,4,Case Study
Advanced Mathematics,Interview Questions on Numerical Methods,Advanced,107,Real-world Applications of Numerical Methods,5,Case Study
Advanced Mathematics,Mastering Numerical Methods,Advanced,69,Interview Questions on Numerical Methods,4,Interactive Lab
Advanced Natural Language Processing,Introduction to Large Language Models,Beginner,21,None,1,Quiz
Advanced Natural Language Processing,Fundamentals of Large Language Models,Beginner,30,Introduction to Large Language Models,1,Quiz
Advanced Natural Language Processing,Quick Revision of Large Language Models,Beginner,18,Fundamentals of Large Language Models,1,PDF Notes
Advanced Natural Language Processing,Essential Terminology of Large Language Models,Beginner,16,Quick Revision of Large Language Models,1,Quiz
Advanced Natural Language Processing,Large Language Models: Core Concepts,Intermediate,34,Essential Terminology of Large Language Models,4,Practice Problems
Advanced Natural Language Processing,Large Language Models: Practical Applications,Intermediate,60,Large Language Models: Core Concepts,3,Video
Advanced Natural Language Processing,Problem Solving using Large Language Models,Intermediate,52,Large Language Models: Practical Applications,4,Case Study
Advanced Natural Language Processing,Common Mistakes in Large Language Models,Intermediate,49,Problem Solving using Large Language Models,2,Quiz
Advanced Natural Language Processing,Hands-on Practice for Large Language Models,Intermediate,35,Common Mistakes in Large Language Models,3,Quiz
Advanced Natural Language Processing,Advanced Large Language Models Techniques,Advanced,93,Hands-on Practice for Large Language Models,4,Practice Problems
Advanced Natural Language Processing,Large Language Models: Case Study & Project Work,Advanced,94,Advanced Large Language Models Techniques,5,Mini Project
Advanced Natural Language Processing,Mini Project on Large Language Models,Advanced,81,Large Language Models: Case Study & Project Work,5,Practice Problems
Advanced Natural Language Processing,Real-world Applications of Large Language Models,Advanced,76,Mini Project on Large Language Models,5,Mini Project
Advanced Natural Language Processing,Interview Questions on Large Language Models,Advanced,115,Real-world Applications of Large Language Models,4,Mini Project
Advanced Natural Language Processing,Mastering Large Language Models,Advanced,82,Interview Questions on Large Language Models,5,Practice Problems
Advanced Natural Language Processing,Introduction to Attention Mechanisms,Beginner,15,Mastering Large Language Models,2,Quiz
Advanced Natural Language Processing,Fundamentals of Attention Mechanisms,Beginner,15,Introduction to Attention Mechanisms,2,Video
Advanced Natural Language Processing,Quick Revision of Attention Mechanisms,Beginner,22,Fundamentals of Attention Mechanisms,2,Video
Advanced Natural Language Processing,Essential Terminology of Attention Mechanisms,Beginner,23,Quick Revision of Attention Mechanisms,1,Video
Advanced Natural Language Processing,Attention Mechanisms: Core Concepts,Intermediate,51,Essential Terminology of Attention Mechanisms,3,Video
Advanced Natural Language Processing,Attention Mechanisms: Practical Applications,Intermediate,43,Attention Mechanisms: Core Concepts,3,Practice Problems
Advanced Natural Language Processing,Problem Solving using Attention Mechanisms,Intermediate,58,Attention Mechanisms: Practical Applications,2,Practice Problems
Advanced Natural Language Processing,Common Mistakes in Attention Mechanisms,Intermediate,52,Problem Solving using Attention Mechanisms,2,Video
Advanced Natural Language Processing,Hands-on Practice for Attention Mechanisms,Intermediate,35,Common Mistakes in Attention Mechanisms,3,Case Study
Advanced Natural Language Processing,Advanced Attention Mechanisms Techniques,Advanced,80,Hands-on Practice for Attention Mechanisms,5,Practice Problems
Advanced Natural Language Processing,Attention Mechanisms: Case Study & Project Work,Advanced,100,Advanced Attention Mechanisms Techniques,5,Mini Project
Advanced Natural Language Processing,Mini Project on Attention Mechanisms,Advanced,76,Attention Mechanisms: Case Study & Project Work,4,Interactive Lab
Advanced Natural Language Processing,Real-world Applications of Attention Mechanisms,Advanced,97,Mini Project on Attention Mechanisms,5,Practice Problems
Advanced Natural Language Processing,Interview Questions on Attention Mechanisms,Advanced,82,Real-world Applications of Attention Mechanisms,4,Mini Project
Advanced Natural Language Processing,Mastering Attention Mechanisms,Advanced,81,Interview Questions on Attention Mechanisms,4,Case Study
Advanced Natural Language Processing,Introduction to Text Generation,Beginner,23,Mastering Attention Mechanisms,1,PDF Notes
Advanced Natural Language Processing,Fundamentals of Text Generation,Beginner,25,Introduction to Text Generation,2,PDF Notes
Advanced Natural Language Processing,Quick Revision of Text Generation,Beginner,26,Fundamentals of Text Generation,1,Video
Advanced Natural Language Processing,Essential Terminology of Text Generation,Beginner,19,Quick Revision of Text Generation,1,PDF Notes
Advanced Natural Language Processing,Text Generation: Core Concepts,Intermediate,42,Essential Terminology of Text Generation,2,Practice Problems
Advanced Natural Language Processing,Text Generation: Practical Applications,Intermediate,50,Text Generation: Core Concepts,3,Practice Problems
Advanced Natural Language Processing,Problem Solving using Text Generation,Intermediate,43,Text Generation: Practical Applications,3,Case Study
Advanced Natural Language Processing,Common Mistakes in Text Generation,Intermediate,51,Problem Solving using Text Generation,4,Quiz
Advanced Natural Language Processing,Hands-on Practice for Text Generation,Intermediate,48,Common Mistakes in Text Generation,2,Case Study
Advanced Natural Language Processing,Advanced Text Generation Techniques,Advanced,110,Hands-on Practice for Text Generation,5,Interactive Lab
Advanced Natural Language Processing,Text Generation: Case Study & Project Work,Advanced,80,Advanced Text Generation Techniques,4,Practice Problems
Advanced Natural Language Processing,Mini Project on Text Generation,Advanced,70,Text Generation: Case Study & Project Work,5,Practice Problems
Advanced Natural Language Processing,Real-world Applications of Text Generation,Advanced,108,Mini Project on Text Generation,4,Case Study
Advanced Natural Language Processing,Interview Questions on Text Generation,Advanced,99,Real-world Applications of Text Generation,4,Mini Project
Advanced Natural Language Processing,Mastering Text Generation,Advanced,93,Interview Questions on Text Generation,4,Case Study
Advanced Natural Language Processing,Introduction to Machine Translation,Beginner,22,Mastering Text Generation,2,PDF Notes
Advanced Natural Language Processing,Fundamentals of Machine Translation,Beginner,19,Introduction to Machine Translation,2,Video
Advanced Natural Language Processing,Quick Revision of Machine Translation,Beginner,24,Fundamentals of Machine Translation,2,Quiz
Advanced Natural Language Processing,Essential Terminology of Machine Translation,Beginner,18,Quick Revision of Machine Translation,1,Quiz
Advanced Natural Language Processing,Machine Translation: Core Concepts,Intermediate,49,Essential Terminology of Machine Translation,4,Quiz
Advanced Natural Language Processing,Machine Translation: Practical Applications,Intermediate,59,Machine Translation: Core Concepts,4,Quiz
Advanced Natural Language Processing,Problem Solving using Machine Translation,Intermediate,40,Machine Translation: Practical Applications,3,Quiz
Advanced Natural Language Processing,Common Mistakes in Machine Translation,Intermediate,55,Problem Solving using Machine Translation,3,Quiz
Advanced Natural Language Processing,Hands-on Practice for Machine Translation,Intermediate,38,Common Mistakes in Machine Translation,2,Case Study
Advanced Natural Language Processing,Advanced Machine Translation Techniques,Advanced,76,Hands-on Practice for Machine Translation,4,Interactive Lab
Advanced Natural Language Processing,Machine Translation: Case Study & Project Work,Advanced,120,Advanced Machine Translation Techniques,4,Practice Problems
Advanced Natural Language Processing,Mini Project on Machine Translation,Advanced,101,Machine Translation: Case Study & Project Work,4,Case Study
Advanced Natural Language Processing,Real-world Applications of Machine Translation,Advanced,94,Mini Project on Machine Translation,4,Mini Project
Advanced Natural Language Processing,Interview Questions on Machine Translation,Advanced,96,Real-world Applications of Machine Translation,5,Practice Problems
Advanced Natural Language Processing,Mastering Machine Translation,Advanced,110,Interview Questions on Machine Translation,5,Mini Project
Advanced Operating Systems,Introduction to Virtual Memory Management,Beginner,16,None,2,Quiz
Advanced Operating Systems,Fundamentals of Virtual Memory Management,Beginner,19,Introduction to Virtual Memory Management,2,Quiz
Advanced Operating Systems,Quick Revision of Virtual Memory Management,Beginner,25,Fundamentals of Virtual Memory Management,1,Video
Advanced Operating Systems,Essential Terminology of Virtual Memory Management,Beginner,15,Quick Revision of Virtual Memory Management,2,Video
Advanced Operating Systems,Virtual Memory Management: Core Concepts,Intermediate,52,Essential Terminology of Virtual Memory Management,2,Video
Advanced Operating Systems,Virtual Memory Management: Practical Applications,Intermediate,41,Virtual Memory Management: Core Concepts,3,Case Study
Advanced Operating Systems,Problem Solving using Virtual Memory Management,Intermediate,53,Virtual Memory Management: Practical Applications,4,Case Study
Advanced Operating Systems,Common Mistakes in Virtual Memory Management,Intermediate,60,Problem Solving using Virtual Memory Management,2,Quiz
Advanced Operating Systems,Hands-on Practice for Virtual Memory Management,Intermediate,52,Common Mistakes in Virtual Memory Management,2,Practice Problems
Advanced Operating Systems,Advanced Virtual Memory Management Techniques,Advanced,75,Hands-on Practice for Virtual Memory Management,5,Practice Problems
Advanced Operating Systems,Virtual Memory Management: Case Study & Project Work,Advanced,84,Advanced Virtual Memory Management Techniques,5,Interactive Lab
Advanced Operating Systems,Mini Project on Virtual Memory Management,Advanced,71,Virtual Memory Management: Case Study & Project Work,4,Case Study
Advanced Operating Systems,Real-world Applications of Virtual Memory Management,Advanced,85,Mini Project on Virtual Memory Management,4,Interactive Lab
Advanced Operating Systems,Interview Questions on Virtual Memory Management,Advanced,85,Real-world Applications of Virtual Memory Management,4,Practice Problems
Advanced Operating Systems,Mastering Virtual Memory Management,Advanced,69,Interview Questions on Virtual Memory Management,5,Case Study
Advanced Operating Systems,Introduction to Distributed OS,Beginner,15,Mastering Virtual Memory Management,1,PDF Notes
Advanced Operating Systems,Fundamentals of Distributed OS,Beginner,19,Introduction to Distributed OS,2,PDF Notes
Advanced Operating Systems,Quick Revision of Distributed OS,Beginner,21,Fundamentals of Distributed OS,2,Quiz
Advanced Operating Systems,Essential Terminology of Distributed OS,Beginner,19,Quick Revision of Distributed OS,1,Video
Advanced Operating Systems,Distributed OS: Core Concepts,Intermediate,48,Essential Terminology of Distributed OS,3,Video
Advanced Operating Systems,Distributed OS: Practical Applications,Intermediate,52,Distributed OS: Core Concepts,2,Practice Problems
Advanced Operating Systems,Problem Solving using Distributed OS,Intermediate,60,Distributed OS: Practical Applications,3,Case Study
Advanced Operating Systems,Common Mistakes in Distributed OS,Intermediate,36,Problem Solving using Distributed OS,4,Practice Problems
Advanced Operating Systems,Hands-on Practice for Distributed OS,Intermediate,56,Common Mistakes in Distributed OS,3,Video
Advanced Operating Systems,Advanced Distributed OS Techniques,Advanced,76,Hands-on Practice for Distributed OS,5,Case Study
Advanced Operating Systems,Distributed OS: Case Study & Project Work,Advanced,83,Advanced Distributed OS Techniques,4,Practice Problems
Advanced Operating Systems,Mini Project on Distributed OS,Advanced,119,Distributed OS: Case Study & Project Work,4,Mini Project
Advanced Operating Systems,Real-world Applications of Distributed OS,Advanced,62,Mini Project on Distributed OS,4,Case Study
Advanced Operating Systems,Interview Questions on Distributed OS,Advanced,99,Real-world Applications of Distributed OS,5,Case Study
Advanced Operating Systems,Mastering Distributed OS,Advanced,82,Interview Questions on Distributed OS,5,Case Study
Advanced Operating Systems,Introduction to Real-Time Systems,Beginner,29,Mastering Distributed OS,2,Video
Advanced Operating Systems,Fundamentals of Real-Time Systems,Beginner,18,Introduction to Real-Time Systems,1,PDF Notes
Advanced Operating Systems,Quick Revision of Real-Time Systems,Beginner,23,Fundamentals of Real-Time Systems,1,PDF Notes
Advanced Operating Systems,Essential Terminology of Real-Time Systems,Beginner,15,Quick Revision of Real-Time Systems,2,Video
Advanced Operating Systems,Real-Time Systems: Core Concepts,Intermediate,39,Essential Terminology of Real-Time Systems,3,Practice Problems
Advanced Operating Systems,Real-Time Systems: Practical Applications,Intermediate,52,Real-Time Systems: Core Concepts,4,Practice Problems
Advanced Operating Systems,Problem Solving using Real-Time Systems,Intermediate,31,Real-Time Systems: Practical Applications,3,Video
Advanced Operating Systems,Common Mistakes in Real-Time Systems,Intermediate,52,Problem Solving using Real-Time Systems,2,Quiz
Advanced Operating Systems,Hands-on Practice for Real-Time Systems,Intermediate,47,Common Mistakes in Real-Time Systems,4,Video
Advanced Operating Systems,Advanced Real-Time Systems Techniques,Advanced,98,Hands-on Practice for Real-Time Systems,5,Practice Problems
Advanced Operating Systems,Real-Time Systems: Case Study & Project Work,Advanced,88,Advanced Real-Time Systems Techniques,5,Interactive Lab
Advanced Operating Systems,Mini Project on Real-Time Systems,Advanced,88,Real-Time Systems: Case Study & Project Work,5,Interactive Lab
Advanced Operating Systems,Real-world Applications of Real-Time Systems,Advanced,103,Mini Project on Real-Time Systems,4,Practice Problems
Advanced Operating Systems,Interview Questions on Real-Time Systems,Advanced,115,Real-world Applications of Real-Time Systems,5,Case Study
Advanced Operating Systems,Mastering Real-Time Systems,Advanced,116,Interview Questions on Real-Time Systems,5,Mini Project
Advanced Operating Systems,Introduction to Kernel Design,Beginner,23,Mastering Real-Time Systems,1,Quiz
Advanced Operating Systems,Fundamentals of Kernel Design,Beginner,18,Introduction to Kernel Design,1,Video
Advanced Operating Systems,Quick Revision of Kernel Design,Beginner,28,Fundamentals of Kernel Design,1,Quiz
Advanced Operating Systems,Essential Terminology of Kernel Design,Beginner,27,Quick Revision of Kernel Design,2,PDF Notes
Advanced Operating Systems,Kernel Design: Core Concepts,Intermediate,47,Essential Terminology of Kernel Design,3,Practice Problems
Advanced Operating Systems,Kernel Design: Practical Applications,Intermediate,34,Kernel Design: Core Concepts,2,Case Study
Advanced Operating Systems,Problem Solving using Kernel Design,Intermediate,30,Kernel Design: Practical Applications,2,Practice Problems
Advanced Operating Systems,Common Mistakes in Kernel Design,Intermediate,44,Problem Solving using Kernel Design,2,Video
Advanced Operating Systems,Hands-on Practice for Kernel Design,Intermediate,46,Common Mistakes in Kernel Design,2,Case Study
Advanced Operating Systems,Advanced Kernel Design Techniques,Advanced,63,Hands-on Practice for Kernel Design,5,Case Study
Advanced Operating Systems,Kernel Design: Case Study & Project Work,Advanced,117,Advanced Kernel Design Techniques,4,Interactive Lab
Advanced Operating Systems,Mini Project on Kernel Design,Advanced,96,Kernel Design: Case Study & Project Work,4,Practice Problems
Advanced Operating Systems,Real-world Applications of Kernel Design,Advanced,65,Mini Project on Kernel Design,4,Practice Problems
Advanced Operating Systems,Interview Questions on Kernel Design,Advanced,105,Real-world Applications of Kernel Design,5,Case Study
Advanced Operating Systems,Mastering Kernel Design,Advanced,72,Interview Questions on Kernel Design,5,Interactive Lab
Advanced Pathology,Introduction to Molecular Pathology,Beginner,21,None,2,Quiz
Advanced Pathology,Fundamentals of Molecular Pathology,Beginner,22,Introduction to Molecular Pathology,2,Video
Advanced Pathology,Quick Revision of Molecular Pathology,Beginner,29,Fundamentals of Molecular Pathology,2,Video
Advanced Pathology,Essential Terminology of Molecular Pathology,Beginner,17,Quick Revision of Molecular Pathology,1,PDF Notes
Advanced Pathology,Molecular Pathology: Core Concepts,Intermediate,39,Essential Terminology of Molecular Pathology,4,Practice Problems
Advanced Pathology,Molecular Pathology: Practical Applications,Intermediate,54,Molecular Pathology: Core Concepts,3,Quiz
Advanced Pathology,Problem Solving using Molecular Pathology,Intermediate,46,Molecular Pathology: Practical Applications,3,Video
Advanced Pathology,Common Mistakes in Molecular Pathology,Intermediate,53,Problem Solving using Molecular Pathology,3,Quiz
Advanced Pathology,Hands-on Practice for Molecular Pathology,Intermediate,34,Common Mistakes in Molecular Pathology,3,Video
Advanced Pathology,Advanced Molecular Pathology Techniques,Advanced,82,Hands-on Practice for Molecular Pathology,4,Interactive Lab
Advanced Pathology,Molecular Pathology: Case Study & Project Work,Advanced,94,Advanced Molecular Pathology Techniques,5,Mini Project
Advanced Pathology,Mini Project on Molecular Pathology,Advanced,108,Molecular Pathology: Case Study & Project Work,4,Case Study
Advanced Pathology,Real-world Applications of Molecular Pathology,Advanced,101,Mini Project on Molecular Pathology,4,Mini Project
Advanced Pathology,Interview Questions on Molecular Pathology,Advanced,77,Real-world Applications of Molecular Pathology,5,Interactive Lab
Advanced Pathology,Mastering Molecular Pathology,Advanced,83,Interview Questions on Molecular Pathology,4,Practice Problems
Advanced Pathology,Introduction to Tumor Biology,Beginner,17,Mastering Molecular Pathology,2,Video
Advanced Pathology,Fundamentals of Tumor Biology,Beginner,22,Introduction to Tumor Biology,1,Quiz
Advanced Pathology,Quick Revision of Tumor Biology,Beginner,23,Fundamentals of Tumor Biology,1,PDF Notes
Advanced Pathology,Essential Terminology of Tumor Biology,Beginner,19,Quick Revision of Tumor Biology,2,Quiz
Advanced Pathology,Tumor Biology: Core Concepts,Intermediate,38,Essential Terminology of Tumor Biology,4,Video
Advanced Pathology,Tumor Biology: Practical Applications,Intermediate,57,Tumor Biology: Core Concepts,2,Quiz
Advanced Pathology,Problem Solving using Tumor Biology,Intermediate,32,Tumor Biology: Practical Applications,2,Practice Problems
Advanced Pathology,Common Mistakes in Tumor Biology,Intermediate,41,Problem Solving using Tumor Biology,3,Quiz
Advanced Pathology,Hands-on Practice for Tumor Biology,Intermediate,44,Common Mistakes in Tumor Biology,2,Quiz
Advanced Pathology,Advanced Tumor Biology Techniques,Advanced,70,Hands-on Practice for Tumor Biology,4,Mini Project
Advanced Pathology,Tumor Biology: Case Study & Project Work,Advanced,83,Advanced Tumor Biology Techniques,5,Case Study
Advanced Pathology,Mini Project on Tumor Biology,Advanced,97,Tumor Biology: Case Study & Project Work,5,Case Study
Advanced Pathology,Real-world Applications of Tumor Biology,Advanced,64,Mini Project on Tumor Biology,5,Mini Project
Advanced Pathology,Interview Questions on Tumor Biology,Advanced,77,Real-world Applications of Tumor Biology,5,Interactive Lab
Advanced Pathology,Mastering Tumor Biology,Advanced,119,Interview Questions on Tumor Biology,5,Interactive Lab
Advanced Pathology,Introduction to Autoimmune Pathology,Beginner,26,Mastering Tumor Biology,1,Video
Advanced Pathology,Fundamentals of Autoimmune Pathology,Beginner,15,Introduction to Autoimmune Pathology,2,Video
Advanced Pathology,Quick Revision of Autoimmune Pathology,Beginner,30,Fundamentals of Autoimmune Pathology,2,Video
Advanced Pathology,Essential Terminology of Autoimmune Pathology,Beginner,17,Quick Revision of Autoimmune Pathology,2,Quiz
Advanced Pathology,Autoimmune Pathology: Core Concepts,Intermediate,53,Essential Terminology of Autoimmune Pathology,3,Case Study
Advanced Pathology,Autoimmune Pathology: Practical Applications,Intermediate,56,Autoimmune Pathology: Core Concepts,2,Quiz
Advanced Pathology,Problem Solving using Autoimmune Pathology,Intermediate,30,Autoimmune Pathology: Practical Applications,3,Case Study
Advanced Pathology,Common Mistakes in Autoimmune Pathology,Intermediate,48,Problem Solving using Autoimmune Pathology,2,Video
Advanced Pathology,Hands-on Practice for Autoimmune Pathology,Intermediate,56,Common Mistakes in Autoimmune Pathology,2,Quiz
Advanced Pathology,Advanced Autoimmune Pathology Techniques,Advanced,102,Hands-on Practice for Autoimmune Pathology,4,Interactive Lab
Advanced Pathology,Autoimmune Pathology: Case Study & Project Work,Advanced,112,Advanced Autoimmune Pathology Techniques,5,Practice Problems
Advanced Pathology,Mini Project on Autoimmune Pathology,Advanced,86,Autoimmune Pathology: Case Study & Project Work,5,Practice Problems
Advanced Pathology,Real-world Applications of Autoimmune Pathology,Advanced,66,Mini Project on Autoimmune Pathology,4,Case Study
Advanced Pathology,Interview Questions on Autoimmune Pathology,Advanced,104,Real-world Applications of Autoimmune Pathology,5,Interactive Lab
Advanced Pathology,Mastering Autoimmune Pathology,Advanced,110,Interview Questions on Autoimmune Pathology,4,Case Study
Advanced Pathology,Introduction to Forensic Pathology,Beginner,24,Mastering Autoimmune Pathology,2,Quiz
Advanced Pathology,Fundamentals of Forensic Pathology,Beginner,19,Introduction to Forensic Pathology,2,Quiz
Advanced Pathology,Quick Revision of Forensic Pathology,Beginner,29,Fundamentals of Forensic Pathology,2,PDF Notes
Advanced Pathology,Essential Terminology of Forensic Pathology,Beginner,28,Quick Revision of Forensic Pathology,1,Video
Advanced Pathology,Forensic Pathology: Core Concepts,Intermediate,41,Essential Terminology of Forensic Pathology,4,Practice Problems
Advanced Pathology,Forensic Pathology: Practical Applications,Intermediate,42,Forensic Pathology: Core Concepts,3,Video
Advanced Pathology,Problem Solving using Forensic Pathology,Intermediate,46,Forensic Pathology: Practical Applications,2,Quiz
Advanced Pathology,Common Mistakes in Forensic Pathology,Intermediate,37,Problem Solving using Forensic Pathology,4,Practice Problems
Advanced Pathology,Hands-on Practice for Forensic Pathology,Intermediate,57,Common Mistakes in Forensic Pathology,2,Video
Advanced Pathology,Advanced Forensic Pathology Techniques,Advanced,107,Hands-on Practice for Forensic Pathology,5,Case Study
Advanced Pathology,Forensic Pathology: Case Study & Project Work,Advanced,89,Advanced Forensic Pathology Techniques,4,Mini Project
Advanced Pathology,Mini Project on Forensic Pathology,Advanced,100,Forensic Pathology: Case Study & Project Work,5,Mini Project
Advanced Pathology,Real-world Applications of Forensic Pathology,Advanced,87,Mini Project on Forensic Pathology,5,Case Study
Advanced Pathology,Interview Questions on Forensic Pathology,Advanced,89,Real-world Applications of Forensic Pathology,4,Interactive Lab
Advanced Pathology,Mastering Forensic Pathology,Advanced,81,Interview Questions on Forensic Pathology,5,Practice Problems
Advanced Pharmacology,Introduction to Drug Interactions,Beginner,30,None,2,PDF Notes
Advanced Pharmacology,Fundamentals of Drug Interactions,Beginner,18,Introduction to Drug Interactions,1,Video
Advanced Pharmacology,Quick Revision of Drug Interactions,Beginner,26,Fundamentals of Drug Interactions,2,Video
Advanced Pharmacology,Essential Terminology of Drug Interactions,Beginner,24,Quick Revision of Drug Interactions,2,Video
Advanced Pharmacology,Drug Interactions: Core Concepts,Intermediate,51,Essential Terminology of Drug Interactions,3,Case Study
Advanced Pharmacology,Drug Interactions: Practical Applications,Intermediate,56,Drug Interactions: Core Concepts,3,Practice Problems
Advanced Pharmacology,Problem Solving using Drug Interactions,Intermediate,43,Drug Interactions: Practical Applications,4,Quiz
Advanced Pharmacology,Common Mistakes in Drug Interactions,Intermediate,41,Problem Solving using Drug Interactions,4,Video
Advanced Pharmacology,Hands-on Practice for Drug Interactions,Intermediate,49,Common Mistakes in Drug Interactions,2,Case Study
Advanced Pharmacology,Advanced Drug Interactions Techniques,Advanced,66,Hands-on Practice for Drug Interactions,4,Case Study
Advanced Pharmacology,Drug Interactions: Case Study & Project Work,Advanced,92,Advanced Drug Interactions Techniques,5,Case Study
Advanced Pharmacology,Mini Project on Drug Interactions,Advanced,74,Drug Interactions: Case Study & Project Work,5,Case Study
Advanced Pharmacology,Real-world Applications of Drug Interactions,Advanced,70,Mini Project on Drug Interactions,5,Case Study
Advanced Pharmacology,Interview Questions on Drug Interactions,Advanced,85,Real-world Applications of Drug Interactions,5,Mini Project
Advanced Pharmacology,Mastering Drug Interactions,Advanced,93,Interview Questions on Drug Interactions,4,Practice Problems
Advanced Pharmacology,Introduction to Clinical Pharmacology,Beginner,15,Mastering Drug Interactions,1,Video
Advanced Pharmacology,Fundamentals of Clinical Pharmacology,Beginner,23,Introduction to Clinical Pharmacology,1,Quiz
Advanced Pharmacology,Quick Revision of Clinical Pharmacology,Beginner,21,Fundamentals of Clinical Pharmacology,1,Video
Advanced Pharmacology,Essential Terminology of Clinical Pharmacology,Beginner,25,Quick Revision of Clinical Pharmacology,2,PDF Notes
Advanced Pharmacology,Clinical Pharmacology: Core Concepts,Intermediate,44,Essential Terminology of Clinical Pharmacology,3,Case Study
Advanced Pharmacology,Clinical Pharmacology: Practical Applications,Intermediate,51,Clinical Pharmacology: Core Concepts,4,Video
Advanced Pharmacology,Problem Solving using Clinical Pharmacology,Intermediate,32,Clinical Pharmacology: Practical Applications,2,Practice Problems
Advanced Pharmacology,Common Mistakes in Clinical Pharmacology,Intermediate,41,Problem Solving using Clinical Pharmacology,2,Quiz
Advanced Pharmacology,Hands-on Practice for Clinical Pharmacology,Intermediate,44,Common Mistakes in Clinical Pharmacology,2,Video
Advanced Pharmacology,Advanced Clinical Pharmacology Techniques,Advanced,79,Hands-on Practice for Clinical Pharmacology,5,Case Study
Advanced Pharmacology,Clinical Pharmacology: Case Study & Project Work,Advanced,116,Advanced Clinical Pharmacology Techniques,4,Case Study
Advanced Pharmacology,Mini Project on Clinical Pharmacology,Advanced,118,Clinical Pharmacology: Case Study & Project Work,4,Mini Project
Advanced Pharmacology,Real-world Applications of Clinical Pharmacology,Advanced,119,Mini Project on Clinical Pharmacology,5,Case Study
Advanced Pharmacology,Interview Questions on Clinical Pharmacology,Advanced,93,Real-world Applications of Clinical Pharmacology,4,Case Study
Advanced Pharmacology,Mastering Clinical Pharmacology,Advanced,108,Interview Questions on Clinical Pharmacology,4,Practice Problems
Advanced Pharmacology,Introduction to Pharmacogenomics,Beginner,26,Mastering Clinical Pharmacology,2,Quiz
Advanced Pharmacology,Fundamentals of Pharmacogenomics,Beginner,26,Introduction to Pharmacogenomics,2,Quiz
Advanced Pharmacology,Quick Revision of Pharmacogenomics,Beginner,22,Fundamentals of Pharmacogenomics,2,PDF Notes
Advanced Pharmacology,Essential Terminology of Pharmacogenomics,Beginner,23,Quick Revision of Pharmacogenomics,1,Video
Advanced Pharmacology,Pharmacogenomics: Core Concepts,Intermediate,50,Essential Terminology of Pharmacogenomics,4,Video
Advanced Pharmacology,Pharmacogenomics: Practical Applications,Intermediate,43,Pharmacogenomics: Core Concepts,3,Case Study
Advanced Pharmacology,Problem Solving using Pharmacogenomics,Intermediate,36,Pharmacogenomics: Practical Applications,4,Quiz
Advanced Pharmacology,Common Mistakes in Pharmacogenomics,Intermediate,41,Problem Solving using Pharmacogenomics,2,Case Study
Advanced Pharmacology,Hands-on Practice for Pharmacogenomics,Intermediate,57,Common Mistakes in Pharmacogenomics,3,Video
Advanced Pharmacology,Advanced Pharmacogenomics Techniques,Advanced,79,Hands-on Practice for Pharmacogenomics,5,Case Study
Advanced Pharmacology,Pharmacogenomics: Case Study & Project Work,Advanced,84,Advanced Pharmacogenomics Techniques,5,Mini Project
Advanced Pharmacology,Mini Project on Pharmacogenomics,Advanced,66,Pharmacogenomics: Case Study & Project Work,4,Mini Project
Advanced Pharmacology,Real-world Applications of Pharmacogenomics,Advanced,103,Mini Project on Pharmacogenomics,5,Practice Problems
Advanced Pharmacology,Interview Questions on Pharmacogenomics,Advanced,68,Real-world Applications of Pharmacogenomics,5,Practice Problems
Advanced Pharmacology,Mastering Pharmacogenomics,Advanced,116,Interview Questions on Pharmacogenomics,5,Case Study
Advanced Pharmacology,Introduction to Adverse Drug Reactions,Beginner,20,Mastering Pharmacogenomics,2,Video
Advanced Pharmacology,Fundamentals of Adverse Drug Reactions,Beginner,19,Introduction to Adverse Drug Reactions,2,Quiz
Advanced Pharmacology,Quick Revision of Adverse Drug Reactions,Beginner,30,Fundamentals of Adverse Drug Reactions,1,Video
Advanced Pharmacology,Essential Terminology of Adverse Drug Reactions,Beginner,22,Quick Revision of Adverse Drug Reactions,1,PDF Notes
Advanced Pharmacology,Adverse Drug Reactions: Core Concepts,Intermediate,59,Essential Terminology of Adverse Drug Reactions,3,Practice Problems
Advanced Pharmacology,Adverse Drug Reactions: Practical Applications,Intermediate,44,Adverse Drug Reactions: Core Concepts,4,Practice Problems
Advanced Pharmacology,Problem Solving using Adverse Drug Reactions,Intermediate,40,Adverse Drug Reactions: Practical Applications,2,Quiz
Advanced Pharmacology,Common Mistakes in Adverse Drug Reactions,Intermediate,30,Problem Solving using Adverse Drug Reactions,3,Quiz
Advanced Pharmacology,Hands-on Practice for Adverse Drug Reactions,Intermediate,37,Common Mistakes in Adverse Drug Reactions,4,Practice Problems
Advanced Pharmacology,Advanced Adverse Drug Reactions Techniques,Advanced,110,Hands-on Practice for Adverse Drug Reactions,5,Interactive Lab
Advanced Pharmacology,Adverse Drug Reactions: Case Study & Project Work,Advanced,76,Advanced Adverse Drug Reactions Techniques,5,Interactive Lab
Advanced Pharmacology,Mini Project on Adverse Drug Reactions,Advanced,105,Adverse Drug Reactions: Case Study & Project Work,5,Case Study
Advanced Pharmacology,Real-world Applications of Adverse Drug Reactions,Advanced,75,Mini Project on Adverse Drug Reactions,5,Mini Project
Advanced Pharmacology,Interview Questions on Adverse Drug Reactions,Advanced,87,Real-world Applications of Adverse Drug Reactions,5,Interactive Lab
Advanced Pharmacology,Mastering Adverse Drug Reactions,Advanced,69,Interview Questions on Adverse Drug Reactions,5,Practice Problems
Advanced Physics,Introduction to Quantum Mechanics,Beginner,16,None,2,Video
Advanced Physics,Fundamentals of Quantum Mechanics,Beginner,16,Introduction to Quantum Mechanics,1,Video
Advanced Physics,Quick Revision of Quantum Mechanics,Beginner,23,Fundamentals of Quantum Mechanics,1,PDF Notes
Advanced Physics,Essential Terminology of Quantum Mechanics,Beginner,15,Quick Revision of Quantum Mechanics,1,PDF Notes
Advanced Physics,Quantum Mechanics: Core Concepts,Intermediate,51,Essential Terminology of Quantum Mechanics,4,Practice Problems
Advanced Physics,Quantum Mechanics: Practical Applications,Intermediate,35,Quantum Mechanics: Core Concepts,4,Practice Problems
Advanced Physics,Problem Solving using Quantum Mechanics,Intermediate,43,Quantum Mechanics: Practical Applications,3,Practice Problems
Advanced Physics,Common Mistakes in Quantum Mechanics,Intermediate,44,Problem Solving using Quantum Mechanics,3,Practice Problems
Advanced Physics,Hands-on Practice for Quantum Mechanics,Intermediate,52,Common Mistakes in Quantum Mechanics,2,Case Study
Advanced Physics,Advanced Quantum Mechanics Techniques,Advanced,70,Hands-on Practice for Quantum Mechanics,4,Case Study
Advanced Physics,Quantum Mechanics: Case Study & Project Work,Advanced,118,Advanced Quantum Mechanics Techniques,5,Interactive Lab
Advanced Physics,Mini Project on Quantum Mechanics,Advanced,65,Quantum Mechanics: Case Study & Project Work,4,Case Study
Advanced Physics,Real-world Applications of Quantum Mechanics,Advanced,90,Mini Project on Quantum Mechanics,5,Interactive Lab
Advanced Physics,Interview Questions on Quantum Mechanics,Advanced,109,Real-world Applications of Quantum Mechanics,5,Practice Problems
Advanced Physics,Mastering Quantum Mechanics,Advanced,67,Interview Questions on Quantum Mechanics,5,Practice Problems
Advanced Physics,Introduction to Statistical Mechanics,Beginner,28,Mastering Quantum Mechanics,2,PDF Notes
Advanced Physics,Fundamentals of Statistical Mechanics,Beginner,29,Introduction to Statistical Mechanics,1,Quiz
Advanced Physics,Quick Revision of Statistical Mechanics,Beginner,21,Fundamentals of Statistical Mechanics,1,PDF Notes
Advanced Physics,Essential Terminology of Statistical Mechanics,Beginner,24,Quick Revision of Statistical Mechanics,2,PDF Notes
Advanced Physics,Statistical Mechanics: Core Concepts,Intermediate,60,Essential Terminology of Statistical Mechanics,4,Video
Advanced Physics,Statistical Mechanics: Practical Applications,Intermediate,38,Statistical Mechanics: Core Concepts,3,Practice Problems
Advanced Physics,Problem Solving using Statistical Mechanics,Intermediate,40,Statistical Mechanics: Practical Applications,3,Practice Problems
Advanced Physics,Common Mistakes in Statistical Mechanics,Intermediate,41,Problem Solving using Statistical Mechanics,4,Case Study
Advanced Physics,Hands-on Practice for Statistical Mechanics,Intermediate,42,Common Mistakes in Statistical Mechanics,2,Quiz
Advanced Physics,Advanced Statistical Mechanics Techniques,Advanced,110,Hands-on Practice for Statistical Mechanics,5,Case Study
Advanced Physics,Statistical Mechanics: Case Study & Project Work,Advanced,114,Advanced Statistical Mechanics Techniques,5,Practice Problems
Advanced Physics,Mini Project on Statistical Mechanics,Advanced,104,Statistical Mechanics: Case Study & Project Work,5,Interactive Lab
Advanced Physics,Real-world Applications of Statistical Mechanics,Advanced,114,Mini Project on Statistical Mechanics,4,Case Study
Advanced Physics,Interview Questions on Statistical Mechanics,Advanced,91,Real-world Applications of Statistical Mechanics,4,Practice Problems
Advanced Physics,Mastering Statistical Mechanics,Advanced,77,Interview Questions on Statistical Mechanics,5,Mini Project
Advanced Physics,Introduction to Relativity,Beginner,17,Mastering Statistical Mechanics,2,Video
Advanced Physics,Fundamentals of Relativity,Beginner,30,Introduction to Relativity,2,Video
Advanced Physics,Quick Revision of Relativity,Beginner,25,Fundamentals of Relativity,1,PDF Notes
Advanced Physics,Essential Terminology of Relativity,Beginner,17,Quick Revision of Relativity,1,Video
Advanced Physics,Relativity: Core Concepts,Intermediate,58,Essential Terminology of Relativity,3,Video
Advanced Physics,Relativity: Practical Applications,Intermediate,44,Relativity: Core Concepts,2,Video
Advanced Physics,Problem Solving using Relativity,Intermediate,41,Relativity: Practical Applications,2,Practice Problems
Advanced Physics,Common Mistakes in Relativity,Intermediate,50,Problem Solving using Relativity,4,Practice Problems
Advanced Physics,Hands-on Practice for Relativity,Intermediate,58,Common Mistakes in Relativity,2,Case Study
Advanced Physics,Advanced Relativity Techniques,Advanced,87,Hands-on Practice for Relativity,5,Mini Project
Advanced Physics,Relativity: Case Study & Project Work,Advanced,79,Advanced Relativity Techniques,5,Practice Problems
Advanced Physics,Mini Project on Relativity,Advanced,109,Relativity: Case Study & Project Work,4,Case Study
Advanced Physics,Real-world Applications of Relativity,Advanced,91,Mini Project on Relativity,4,Practice Problems
Advanced Physics,Interview Questions on Relativity,Advanced,117,Real-world Applications of Relativity,4,Mini Project
Advanced Physics,Mastering Relativity,Advanced,95,Interview Questions on Relativity,5,Case Study
Advanced Physics,Introduction to Nuclear Physics,Beginner,16,Mastering Relativity,2,PDF Notes
Advanced Physics,Fundamentals of Nuclear Physics,Beginner,21,Introduction to Nuclear Physics,2,Quiz
Advanced Physics,Quick Revision of Nuclear Physics,Beginner,17,Fundamentals of Nuclear Physics,2,PDF Notes
Advanced Physics,Essential Terminology of Nuclear Physics,Beginner,27,Quick Revision of Nuclear Physics,2,Quiz
Advanced Physics,Nuclear Physics: Core Concepts,Intermediate,42,Essential Terminology of Nuclear Physics,3,Case Study
Advanced Physics,Nuclear Physics: Practical Applications,Intermediate,50,Nuclear Physics: Core Concepts,4,Quiz
Advanced Physics,Problem Solving using Nuclear Physics,Intermediate,32,Nuclear Physics: Practical Applications,3,Case Study
Advanced Physics,Common Mistakes in Nuclear Physics,Intermediate,33,Problem Solving using Nuclear Physics,3,Video
Advanced Physics,Hands-on Practice for Nuclear Physics,Intermediate,39,Common Mistakes in Nuclear Physics,3,Practice Problems
Advanced Physics,Advanced Nuclear Physics Techniques,Advanced,61,Hands-on Practice for Nuclear Physics,4,Interactive Lab
Advanced Physics,Nuclear Physics: Case Study & Project Work,Advanced,64,Advanced Nuclear Physics Techniques,5,Interactive Lab
Advanced Physics,Mini Project on Nuclear Physics,Advanced,100,Nuclear Physics: Case Study & Project Work,5,Mini Project
Advanced Physics,Real-world Applications of Nuclear Physics,Advanced,119,Mini Project on Nuclear Physics,4,Case Study
Advanced Physics,Interview Questions on Nuclear Physics,Advanced,73,Real-world Applications of Nuclear Physics,5,Case Study
Advanced Physics,Mastering Nuclear Physics,Advanced,84,Interview Questions on Nuclear Physics,5,Mini Project
Algorithms,Introduction to Sorting Algorithms,Beginner,21,None,2,Video
Algorithms,Fundamentals of Sorting Algorithms,Beginner,25,Introduction to Sorting Algorithms,1,Video
Algorithms,Quick Revision of Sorting Algorithms,Beginner,26,Fundamentals of Sorting Algorithms,2,Quiz
Algorithms,Essential Terminology of Sorting Algorithms,Beginner,19,Quick Revision of Sorting Algorithms,1,Quiz
Algorithms,Sorting Algorithms: Core Concepts,Intermediate,30,Essential Terminology of Sorting Algorithms,2,Video
Algorithms,Sorting Algorithms: Practical Applications,Intermediate,44,Sorting Algorithms: Core Concepts,4,Video
Algorithms,Problem Solving using Sorting Algorithms,Intermediate,39,Sorting Algorithms: Practical Applications,4,Practice Problems
Algorithms,Common Mistakes in Sorting Algorithms,Intermediate,43,Problem Solving using Sorting Algorithms,3,Quiz
Algorithms,Hands-on Practice for Sorting Algorithms,Intermediate,39,Common Mistakes in Sorting Algorithms,3,Quiz
Algorithms,Advanced Sorting Algorithms Techniques,Advanced,60,Hands-on Practice for Sorting Algorithms,4,Practice Problems
Algorithms,Sorting Algorithms: Case Study & Project Work,Advanced,67,Advanced Sorting Algorithms Techniques,4,Practice Problems
Algorithms,Mini Project on Sorting Algorithms,Advanced,60,Sorting Algorithms: Case Study & Project Work,4,Practice Problems
Algorithms,Real-world Applications of Sorting Algorithms,Advanced,113,Mini Project on Sorting Algorithms,5,Practice Problems
Algorithms,Interview Questions on Sorting Algorithms,Advanced,116,Real-world Applications of Sorting Algorithms,4,Interactive Lab
Algorithms,Mastering Sorting Algorithms,Advanced,106,Interview Questions on Sorting Algorithms,4,Practice Problems
Algorithms,Introduction to Searching Algorithms,Beginner,19,Mastering Sorting Algorithms,1,Video
Algorithms,Fundamentals of Searching Algorithms,Beginner,22,Introduction to Searching Algorithms,2,Quiz
Algorithms,Quick Revision of Searching Algorithms,Beginner,29,Fundamentals of Searching Algorithms,2,Quiz
Algorithms,Essential Terminology of Searching Algorithms,Beginner,27,Quick Revision of Searching Algorithms,2,PDF Notes
Algorithms,Searching Algorithms: Core Concepts,Intermediate,43,Essential Terminology of Searching Algorithms,3,Quiz
Algorithms,Searching Algorithms: Practical Applications,Intermediate,60,Searching Algorithms: Core Concepts,2,Case Study
Algorithms,Problem Solving using Searching Algorithms,Intermediate,55,Searching Algorithms: Practical Applications,2,Quiz
Algorithms,Common Mistakes in Searching Algorithms,Intermediate,52,Problem Solving using Searching Algorithms,4,Practice Problems
Algorithms,Hands-on Practice for Searching Algorithms,Intermediate,34,Common Mistakes in Searching Algorithms,2,Video
Algorithms,Advanced Searching Algorithms Techniques,Advanced,64,Hands-on Practice for Searching Algorithms,4,Interactive Lab
Algorithms,Searching Algorithms: Case Study & Project Work,Advanced,110,Advanced Searching Algorithms Techniques,5,Practice Problems
Algorithms,Mini Project on Searching Algorithms,Advanced,101,Searching Algorithms: Case Study & Project Work,5,Interactive Lab
Algorithms,Real-world Applications of Searching Algorithms,Advanced,109,Mini Project on Searching Algorithms,5,Case Study
Algorithms,Interview Questions on Searching Algorithms,Advanced,102,Real-world Applications of Searching Algorithms,5,Mini Project
Algorithms,Mastering Searching Algorithms,Advanced,84,Interview Questions on Searching Algorithms,5,Interactive Lab
Algorithms,Introduction to Dynamic Programming,Beginner,23,Mastering Searching Algorithms,1,Quiz
Algorithms,Fundamentals of Dynamic Programming,Beginner,22,Introduction to Dynamic Programming,1,Quiz
Algorithms,Quick Revision of Dynamic Programming,Beginner,16,Fundamentals of Dynamic Programming,1,PDF Notes
Algorithms,Essential Terminology of Dynamic Programming,Beginner,18,Quick Revision of Dynamic Programming,1,PDF Notes
Algorithms,Dynamic Programming: Core Concepts,Intermediate,42,Essential Terminology of Dynamic Programming,3,Practice Problems
Algorithms,Dynamic Programming: Practical Applications,Intermediate,57,Dynamic Programming: Core Concepts,4,Case Study
Algorithms,Problem Solving using Dynamic Programming,Intermediate,47,Dynamic Programming: Practical Applications,2,Quiz
Algorithms,Common Mistakes in Dynamic Programming,Intermediate,52,Problem Solving using Dynamic Programming,2,Case Study
Algorithms,Hands-on Practice for Dynamic Programming,Intermediate,35,Common Mistakes in Dynamic Programming,2,Video
Algorithms,Advanced Dynamic Programming Techniques,Advanced,81,Hands-on Practice for Dynamic Programming,4,Mini Project
Algorithms,Dynamic Programming: Case Study & Project Work,Advanced,60,Advanced Dynamic Programming Techniques,4,Case Study
Algorithms,Mini Project on Dynamic Programming,Advanced,85,Dynamic Programming: Case Study & Project Work,4,Mini Project
Algorithms,Real-world Applications of Dynamic Programming,Advanced,89,Mini Project on Dynamic Programming,5,Mini Project
Algorithms,Interview Questions on Dynamic Programming,Advanced,76,Real-world Applications of Dynamic Programming,5,Practice Problems
Algorithms,Mastering Dynamic Programming,Advanced,106,Interview Questions on Dynamic Programming,5,Interactive Lab
Algorithms,Introduction to Greedy Algorithms,Beginner,26,Mastering Dynamic Programming,1,Video
Algorithms,Fundamentals of Greedy Algorithms,Beginner,28,Introduction to Greedy Algorithms,2,Video
Algorithms,Quick Revision of Greedy Algorithms,Beginner,15,Fundamentals of Greedy Algorithms,1,Quiz
Algorithms,Essential Terminology of Greedy Algorithms,Beginner,30,Quick Revision of Greedy Algorithms,2,Video
Algorithms,Greedy Algorithms: Core Concepts,Intermediate,45,Essential Terminology of Greedy Algorithms,2,Quiz
Algorithms,Greedy Algorithms: Practical Applications,Intermediate,55,Greedy Algorithms: Core Concepts,3,Case Study
Algorithms,Problem Solving using Greedy Algorithms,Intermediate,31,Greedy Algorithms: Practical Applications,3,Case Study
Algorithms,Common Mistakes in Greedy Algorithms,Intermediate,35,Problem Solving using Greedy Algorithms,4,Quiz
Algorithms,Hands-on Practice for Greedy Algorithms,Intermediate,30,Common Mistakes in Greedy Algorithms,2,Quiz
Algorithms,Advanced Greedy Algorithms Techniques,Advanced,107,Hands-on Practice for Greedy Algorithms,4,Interactive Lab
Algorithms,Greedy Algorithms: Case Study & Project Work,Advanced,112,Advanced Greedy Algorithms Techniques,4,Case Study
Algorithms,Mini Project on Greedy Algorithms,Advanced,100,Greedy Algorithms: Case Study & Project Work,4,Practice Problems
Algorithms,Real-world Applications of Greedy Algorithms,Advanced,93,Mini Project on Greedy Algorithms,4,Mini Project
Algorithms,Interview Questions on Greedy Algorithms,Advanced,105,Real-world Applications of Greedy Algorithms,5,Mini Project
Algorithms,Mastering Greedy Algorithms,Advanced,78,Interview Questions on Greedy Algorithms,5,Mini Project
Algorithms,Introduction to Graph Algorithms,Beginner,16,Mastering Greedy Algorithms,1,Video
Algorithms,Fundamentals of Graph Algorithms,Beginner,21,Introduction to Graph Algorithms,1,Video
Algorithms,Quick Revision of Graph Algorithms,Beginner,25,Fundamentals of Graph Algorithms,1,PDF Notes
Algorithms,Essential Terminology of Graph Algorithms,Beginner,20,Quick Revision of Graph Algorithms,1,Video
Algorithms,Graph Algorithms: Core Concepts,Intermediate,50,Essential Terminology of Graph Algorithms,4,Quiz
Algorithms,Graph Algorithms: Practical Applications,Intermediate,41,Graph Algorithms: Core Concepts,3,Video
Algorithms,Problem Solving using Graph Algorithms,Intermediate,44,Graph Algorithms: Practical Applications,2,Video
Algorithms,Common Mistakes in Graph Algorithms,Intermediate,57,Problem Solving using Graph Algorithms,2,Quiz
Algorithms,Hands-on Practice for Graph Algorithms,Intermediate,30,Common Mistakes in Graph Algorithms,2,Case Study
Algorithms,Advanced Graph Algorithms Techniques,Advanced,108,Hands-on Practice for Graph Algorithms,4,Practice Problems
Algorithms,Graph Algorithms: Case Study & Project Work,Advanced,97,Advanced Graph Algorithms Techniques,5,Case Study
Algorithms,Mini Project on Graph Algorithms,Advanced,94,Graph Algorithms: Case Study & Project Work,5,Mini Project
Algorithms,Real-world Applications of Graph Algorithms,Advanced,73,Mini Project on Graph Algorithms,5,Mini Project
Algorithms,Interview Questions on Graph Algorithms,Advanced,105,Real-world Applications of Graph Algorithms,4,Case Study
Algorithms,Mastering Graph Algorithms,Advanced,80,Interview Questions on Graph Algorithms,5,Practice Problems
Anatomy,Introduction to Skeletal System,Beginner,30,None,2,PDF Notes
Anatomy,Fundamentals of Skeletal System,Beginner,26,Introduction to Skeletal System,1,Video
Anatomy,Quick Revision of Skeletal System,Beginner,24,Fundamentals of Skeletal System,1,Video
Anatomy,Essential Terminology of Skeletal System,Beginner,16,Quick Revision of Skeletal System,2,Video
Anatomy,Skeletal System: Core Concepts,Intermediate,44,Essential Terminology of Skeletal System,4,Video
Anatomy,Skeletal System: Practical Applications,Intermediate,45,Skeletal System: Core Concepts,4,Practice Problems
Anatomy,Problem Solving using Skeletal System,Intermediate,43,Skeletal System: Practical Applications,3,Case Study
Anatomy,Common Mistakes in Skeletal System,Intermediate,56,Problem Solving using Skeletal System,4,Quiz
Anatomy,Hands-on Practice for Skeletal System,Intermediate,50,Common Mistakes in Skeletal System,4,Video
Anatomy,Advanced Skeletal System Techniques,Advanced,114,Hands-on Practice for Skeletal System,5,Case Study
Anatomy,Skeletal System: Case Study & Project Work,Advanced,112,Advanced Skeletal System Techniques,5,Case Study
Anatomy,Mini Project on Skeletal System,Advanced,84,Skeletal System: Case Study & Project Work,5,Case Study
Anatomy,Real-world Applications of Skeletal System,Advanced,110,Mini Project on Skeletal System,4,Practice Problems
Anatomy,Interview Questions on Skeletal System,Advanced,80,Real-world Applications of Skeletal System,4,Mini Project
Anatomy,Mastering Skeletal System,Advanced,78,Interview Questions on Skeletal System,5,Mini Project
Anatomy,Introduction to Muscular System,Beginner,27,Mastering Skeletal System,2,Video
Anatomy,Fundamentals of Muscular System,Beginner,18,Introduction to Muscular System,2,Quiz
Anatomy,Quick Revision of Muscular System,Beginner,27,Fundamentals of Muscular System,1,Quiz
Anatomy,Essential Terminology of Muscular System,Beginner,22,Quick Revision of Muscular System,2,PDF Notes
Anatomy,Muscular System: Core Concepts,Intermediate,33,Essential Terminology of Muscular System,3,Practice Problems
Anatomy,Muscular System: Practical Applications,Intermediate,31,Muscular System: Core Concepts,2,Quiz
Anatomy,Problem Solving using Muscular System,Intermediate,33,Muscular System: Practical Applications,3,Quiz
Anatomy,Common Mistakes in Muscular System,Intermediate,59,Problem Solving using Muscular System,4,Video
Anatomy,Hands-on Practice for Muscular System,Intermediate,60,Common Mistakes in Muscular System,3,Video
Anatomy,Advanced Muscular System Techniques,Advanced,72,Hands-on Practice for Muscular System,4,Case Study
Anatomy,Muscular System: Case Study & Project Work,Advanced,115,Advanced Muscular System Techniques,4,Mini Project
Anatomy,Mini Project on Muscular System,Advanced,120,Muscular System: Case Study & Project Work,5,Practice Problems
Anatomy,Real-world Applications of Muscular System,Advanced,95,Mini Project on Muscular System,5,Practice Problems
Anatomy,Interview Questions on Muscular System,Advanced,113,Real-world Applications of Muscular System,4,Mini Project
Anatomy,Mastering Muscular System,Advanced,60,Interview Questions on Muscular System,5,Practice Problems
Anatomy,Introduction to Nervous System,Beginner,27,Mastering Muscular System,2,Quiz
Anatomy,Fundamentals of Nervous System,Beginner,25,Introduction to Nervous System,1,Quiz
Anatomy,Quick Revision of Nervous System,Beginner,20,Fundamentals of Nervous System,2,Video
Anatomy,Essential Terminology of Nervous System,Beginner,20,Quick Revision of Nervous System,2,Video
Anatomy,Nervous System: Core Concepts,Intermediate,55,Essential Terminology of Nervous System,2,Video
Anatomy,Nervous System: Practical Applications,Intermediate,39,Nervous System: Core Concepts,3,Quiz
Anatomy,Problem Solving using Nervous System,Intermediate,58,Nervous System: Practical Applications,3,Case Study
Anatomy,Common Mistakes in Nervous System,Intermediate,53,Problem Solving using Nervous System,2,Practice Problems
Anatomy,Hands-on Practice for Nervous System,Intermediate,56,Common Mistakes in Nervous System,2,Case Study
Anatomy,Advanced Nervous System Techniques,Advanced,109,Hands-on Practice for Nervous System,5,Case Study
Anatomy,Nervous System: Case Study & Project Work,Advanced,95,Advanced Nervous System Techniques,5,Case Study
Anatomy,Mini Project on Nervous System,Advanced,69,Nervous System: Case Study & Project Work,4,Mini Project
Anatomy,Real-world Applications of Nervous System,Advanced,78,Mini Project on Nervous System,5,Mini Project
Anatomy,Interview Questions on Nervous System,Advanced,92,Real-world Applications of Nervous System,4,Mini Project
Anatomy,Mastering Nervous System,Advanced,64,Interview Questions on Nervous System,4,Interactive Lab
Anatomy,Introduction to Cardiovascular System,Beginner,17,Mastering Nervous System,2,PDF Notes
Anatomy,Fundamentals of Cardiovascular System,Beginner,15,Introduction to Cardiovascular System,1,Video
Anatomy,Quick Revision of Cardiovascular System,Beginner,15,Fundamentals of Cardiovascular System,2,Video
Anatomy,Essential Terminology of Cardiovascular System,Beginner,29,Quick Revision of Cardiovascular System,1,Quiz
Anatomy,Cardiovascular System: Core Concepts,Intermediate,40,Essential Terminology of Cardiovascular System,3,Quiz
Anatomy,Cardiovascular System: Practical Applications,Intermediate,43,Cardiovascular System: Core Concepts,2,Quiz
Anatomy,Problem Solving using Cardiovascular System,Intermediate,54,Cardiovascular System: Practical Applications,3,Quiz
Anatomy,Common Mistakes in Cardiovascular System,Intermediate,31,Problem Solving using Cardiovascular System,4,Video
Anatomy,Hands-on Practice for Cardiovascular System,Intermediate,50,Common Mistakes in Cardiovascular System,3,Video
Anatomy,Advanced Cardiovascular System Techniques,Advanced,101,Hands-on Practice for Cardiovascular System,5,Interactive Lab
Anatomy,Cardiovascular System: Case Study & Project Work,Advanced,98,Advanced Cardiovascular System Techniques,4,Interactive Lab
Anatomy,Mini Project on Cardiovascular System,Advanced,70,Cardiovascular System: Case Study & Project Work,4,Practice Problems
Anatomy,Real-world Applications of Cardiovascular System,Advanced,119,Mini Project on Cardiovascular System,5,Case Study
Anatomy,Interview Questions on Cardiovascular System,Advanced,63,Real-world Applications of Cardiovascular System,5,Mini Project
Anatomy,Mastering Cardiovascular System,Advanced,101,Interview Questions on Cardiovascular System,5,Case Study
Anatomy,Introduction to Respiratory System,Beginner,27,Mastering Cardiovascular System,2,Video
Anatomy,Fundamentals of Respiratory System,Beginner,15,Introduction to Respiratory System,2,Quiz
Anatomy,Quick Revision of Respiratory System,Beginner,23,Fundamentals of Respiratory System,2,Video
Anatomy,Essential Terminology of Respiratory System,Beginner,25,Quick Revision of Respiratory System,2,Video
Anatomy,Respiratory System: Core Concepts,Intermediate,36,Essential Terminology of Respiratory System,2,Quiz
Anatomy,Respiratory System: Practical Applications,Intermediate,57,Respiratory System: Core Concepts,3,Case Study
Anatomy,Problem Solving using Respiratory System,Intermediate,34,Respiratory System: Practical Applications,4,Case Study
Anatomy,Common Mistakes in Respiratory System,Intermediate,50,Problem Solving using Respiratory System,3,Case Study
Anatomy,Hands-on Practice for Respiratory System,Intermediate,47,Common Mistakes in Respiratory System,4,Practice Problems
Anatomy,Advanced Respiratory System Techniques,Advanced,103,Hands-on Practice for Respiratory System,4,Mini Project
Anatomy,Respiratory System: Case Study & Project Work,Advanced,62,Advanced Respiratory System Techniques,5,Mini Project
Anatomy,Mini Project on Respiratory System,Advanced,61,Respiratory System: Case Study & Project Work,4,Practice Problems
Anatomy,Real-world Applications of Respiratory System,Advanced,61,Mini Project on Respiratory System,5,Interactive Lab
Anatomy,Interview Questions on Respiratory System,Advanced,94,Real-world Applications of Respiratory System,5,Case Study
Anatomy,Mastering Respiratory System,Advanced,89,Interview Questions on Respiratory System,5,Practice Problems
Auditing,Introduction to Audit Principles,Beginner,20,None,2,PDF Notes
Auditing,Fundamentals of Audit Principles,Beginner,18,Introduction to Audit Principles,1,Video
Auditing,Quick Revision of Audit Principles,Beginner,27,Fundamentals of Audit Principles,1,Quiz
Auditing,Essential Terminology of Audit Principles,Beginner,23,Quick Revision of Audit Principles,1,PDF Notes
Auditing,Audit Principles: Core Concepts,Intermediate,59,Essential Terminology of Audit Principles,3,Quiz
Auditing,Audit Principles: Practical Applications,Intermediate,52,Audit Principles: Core Concepts,2,Case Study
Auditing,Problem Solving using Audit Principles,Intermediate,41,Audit Principles: Practical Applications,4,Case Study
Auditing,Common Mistakes in Audit Principles,Intermediate,59,Problem Solving using Audit Principles,2,Video
Auditing,Hands-on Practice for Audit Principles,Intermediate,57,Common Mistakes in Audit Principles,4,Case Study
Auditing,Advanced Audit Principles Techniques,Advanced,113,Hands-on Practice for Audit Principles,4,Practice Problems
Auditing,Audit Principles: Case Study & Project Work,Advanced,99,Advanced Audit Principles Techniques,5,Practice Problems
Auditing,Mini Project on Audit Principles,Advanced,60,Audit Principles: Case Study & Project Work,4,Mini Project
Auditing,Real-world Applications of Audit Principles,Advanced,80,Mini Project on Audit Principles,5,Mini Project
Auditing,Interview Questions on Audit Principles,Advanced,81,Real-world Applications of Audit Principles,5,Practice Problems
Auditing,Mastering Audit Principles,Advanced,98,Interview Questions on Audit Principles,5,Interactive Lab
Auditing,Introduction to Internal Control,Beginner,19,Mastering Audit Principles,2,PDF Notes
Auditing,Fundamentals of Internal Control,Beginner,18,Introduction to Internal Control,2,Video
Auditing,Quick Revision of Internal Control,Beginner,28,Fundamentals of Internal Control,2,Video
Auditing,Essential Terminology of Internal Control,Beginner,21,Quick Revision of Internal Control,2,Video
Auditing,Internal Control: Core Concepts,Intermediate,31,Essential Terminology of Internal Control,2,Quiz
Auditing,Internal Control: Practical Applications,Intermediate,31,Internal Control: Core Concepts,4,Quiz
Auditing,Problem Solving using Internal Control,Intermediate,38,Internal Control: Practical Applications,2,Video
Auditing,Common Mistakes in Internal Control,Intermediate,32,Problem Solving using Internal Control,3,Video
Auditing,Hands-on Practice for Internal Control,Intermediate,55,Common Mistakes in Internal Control,3,Video
Auditing,Advanced Internal Control Techniques,Advanced,65,Hands-on Practice for Internal Control,4,Mini Project
Auditing,Internal Control: Case Study & Project Work,Advanced,102,Advanced Internal Control Techniques,4,Mini Project
Auditing,Mini Project on Internal Control,Advanced,119,Internal Control: Case Study & Project Work,4,Practice Problems
Auditing,Real-world Applications of Internal Control,Advanced,101,Mini Project on Internal Control,5,Case Study
Auditing,Interview Questions on Internal Control,Advanced,108,Real-world Applications of Internal Control,5,Mini Project
Auditing,Mastering Internal Control,Advanced,77,Interview Questions on Internal Control,4,Case Study
Auditing,Introduction to Vouching,Beginner,28,Mastering Internal Control,2,PDF Notes
Auditing,Fundamentals of Vouching,Beginner,28,Introduction to Vouching,2,PDF Notes
Auditing,Quick Revision of Vouching,Beginner,17,Fundamentals of Vouching,2,Quiz
Auditing,Essential Terminology of Vouching,Beginner,18,Quick Revision of Vouching,2,Video
Auditing,Vouching: Core Concepts,Intermediate,44,Essential Terminology of Vouching,2,Video
Auditing,Vouching: Practical Applications,Intermediate,31,Vouching: Core Concepts,4,Practice Problems
Auditing,Problem Solving using Vouching,Intermediate,32,Vouching: Practical Applications,3,Practice Problems
Auditing,Common Mistakes in Vouching,Intermediate,49,Problem Solving using Vouching,3,Case Study
Auditing,Hands-on Practice for Vouching,Intermediate,39,Common Mistakes in Vouching,2,Practice Problems
Auditing,Advanced Vouching Techniques,Advanced,84,Hands-on Practice for Vouching,4,Mini Project
Auditing,Vouching: Case Study & Project Work,Advanced,92,Advanced Vouching Techniques,5,Case Study
Auditing,Mini Project on Vouching,Advanced,73,Vouching: Case Study & Project Work,4,Mini Project
Auditing,Real-world Applications of Vouching,Advanced,75,Mini Project on Vouching,5,Mini Project
Auditing,Interview Questions on Vouching,Advanced,120,Real-world Applications of Vouching,5,Case Study
Auditing,Mastering Vouching,Advanced,94,Interview Questions on Vouching,4,Mini Project
Auditing,Introduction to Audit Report Writing,Beginner,23,Mastering Vouching,1,Video
Auditing,Fundamentals of Audit Report Writing,Beginner,16,Introduction to Audit Report Writing,2,Video
Auditing,Quick Revision of Audit Report Writing,Beginner,16,Fundamentals of Audit Report Writing,2,Video
Auditing,Essential Terminology of Audit Report Writing,Beginner,29,Quick Revision of Audit Report Writing,2,Video
Auditing,Audit Report Writing: Core Concepts,Intermediate,57,Essential Terminology of Audit Report Writing,2,Video
Auditing,Audit Report Writing: Practical Applications,Intermediate,43,Audit Report Writing: Core Concepts,3,Quiz
Auditing,Problem Solving using Audit Report Writing,Intermediate,57,Audit Report Writing: Practical Applications,4,Practice Problems
Auditing,Common Mistakes in Audit Report Writing,Intermediate,58,Problem Solving using Audit Report Writing,4,Practice Problems
Auditing,Hands-on Practice for Audit Report Writing,Intermediate,31,Common Mistakes in Audit Report Writing,4,Video
Auditing,Advanced Audit Report Writing Techniques,Advanced,90,Hands-on Practice for Audit Report Writing,4,Interactive Lab
Auditing,Audit Report Writing: Case Study & Project Work,Advanced,78,Advanced Audit Report Writing Techniques,5,Mini Project
Auditing,Mini Project on Audit Report Writing,Advanced,84,Audit Report Writing: Case Study & Project Work,5,Mini Project
Auditing,Real-world Applications of Audit Report Writing,Advanced,70,Mini Project on Audit Report Writing,5,Interactive Lab
Auditing,Interview Questions on Audit Report Writing,Advanced,90,Real-world Applications of Audit Report Writing,5,Case Study
Auditing,Mastering Audit Report Writing,Advanced,68,Interview Questions on Audit Report Writing,4,Case Study
Biochemistry,Introduction to Carbohydrates,Beginner,23,None,1,Video
Biochemistry,Fundamentals of Carbohydrates,Beginner,23,Introduction to Carbohydrates,2,PDF Notes
Biochemistry,Quick Revision of Carbohydrates,Beginner,28,Fundamentals of Carbohydrates,1,Quiz
Biochemistry,Essential Terminology of Carbohydrates,Beginner,30,Quick Revision of Carbohydrates,2,Video
Biochemistry,Carbohydrates: Core Concepts,Intermediate,33,Essential Terminology of Carbohydrates,4,Case Study
Biochemistry,Carbohydrates: Practical Applications,Intermediate,46,Carbohydrates: Core Concepts,2,Video
Biochemistry,Problem Solving using Carbohydrates,Intermediate,57,Carbohydrates: Practical Applications,2,Case Study
Biochemistry,Common Mistakes in Carbohydrates,Intermediate,33,Problem Solving using Carbohydrates,3,Video
Biochemistry,Hands-on Practice for Carbohydrates,Intermediate,47,Common Mistakes in Carbohydrates,4,Quiz
Biochemistry,Advanced Carbohydrates Techniques,Advanced,111,Hands-on Practice for Carbohydrates,4,Mini Project
Biochemistry,Carbohydrates: Case Study & Project Work,Advanced,120,Advanced Carbohydrates Techniques,4,Case Study
Biochemistry,Mini Project on Carbohydrates,Advanced,86,Carbohydrates: Case Study & Project Work,5,Mini Project
Biochemistry,Real-world Applications of Carbohydrates,Advanced,73,Mini Project on Carbohydrates,4,Interactive Lab
Biochemistry,Interview Questions on Carbohydrates,Advanced,120,Real-world Applications of Carbohydrates,5,Interactive Lab
Biochemistry,Mastering Carbohydrates,Advanced,114,Interview Questions on Carbohydrates,5,Mini Project
Biochemistry,Introduction to Proteins and Enzymes,Beginner,25,Mastering Carbohydrates,1,PDF Notes
Biochemistry,Fundamentals of Proteins and Enzymes,Beginner,20,Introduction to Proteins and Enzymes,1,Video
Biochemistry,Quick Revision of Proteins and Enzymes,Beginner,24,Fundamentals of Proteins and Enzymes,1,PDF Notes
Biochemistry,Essential Terminology of Proteins and Enzymes,Beginner,22,Quick Revision of Proteins and Enzymes,1,Video
Biochemistry,Proteins and Enzymes: Core Concepts,Intermediate,30,Essential Terminology of Proteins and Enzymes,2,Quiz
Biochemistry,Proteins and Enzymes: Practical Applications,Intermediate,55,Proteins and Enzymes: Core Concepts,3,Quiz
Biochemistry,Problem Solving using Proteins and Enzymes,Intermediate,50,Proteins and Enzymes: Practical Applications,2,Practice Problems
Biochemistry,Common Mistakes in Proteins and Enzymes,Intermediate,34,Problem Solving using Proteins and Enzymes,2,Case Study
Biochemistry,Hands-on Practice for Proteins and Enzymes,Intermediate,33,Common Mistakes in Proteins and Enzymes,2,Video
Biochemistry,Advanced Proteins and Enzymes Techniques,Advanced,108,Hands-on Practice for Proteins and Enzymes,5,Case Study
Biochemistry,Proteins and Enzymes: Case Study & Project Work,Advanced,80,Advanced Proteins and Enzymes Techniques,5,Practice Problems
Biochemistry,Mini Project on Proteins and Enzymes,Advanced,114,Proteins and Enzymes: Case Study & Project Work,4,Mini Project
Biochemistry,Real-world Applications of Proteins and Enzymes,Advanced,63,Mini Project on Proteins and Enzymes,5,Practice Problems
Biochemistry,Interview Questions on Proteins and Enzymes,Advanced,107,Real-world Applications of Proteins and Enzymes,5,Mini Project
Biochemistry,Mastering Proteins and Enzymes,Advanced,99,Interview Questions on Proteins and Enzymes,4,Interactive Lab
Biochemistry,Introduction to Lipids,Beginner,27,Mastering Proteins and Enzymes,2,Video
Biochemistry,Fundamentals of Lipids,Beginner,20,Introduction to Lipids,2,Video
Biochemistry,Quick Revision of Lipids,Beginner,24,Fundamentals of Lipids,1,Video
Biochemistry,Essential Terminology of Lipids,Beginner,23,Quick Revision of Lipids,2,Video
Biochemistry,Lipids: Core Concepts,Intermediate,53,Essential Terminology of Lipids,2,Quiz
Biochemistry,Lipids: Practical Applications,Intermediate,30,Lipids: Core Concepts,3,Case Study
Biochemistry,Problem Solving using Lipids,Intermediate,45,Lipids: Practical Applications,2,Quiz
Biochemistry,Common Mistakes in Lipids,Intermediate,39,Problem Solving using Lipids,3,Practice Problems
Biochemistry,Hands-on Practice for Lipids,Intermediate,57,Common Mistakes in Lipids,2,Case Study
Biochemistry,Advanced Lipids Techniques,Advanced,70,Hands-on Practice for Lipids,4,Mini Project
Biochemistry,Lipids: Case Study & Project Work,Advanced,67,Advanced Lipids Techniques,4,Mini Project
Biochemistry,Mini Project on Lipids,Advanced,67,Lipids: Case Study & Project Work,4,Case Study
Biochemistry,Real-world Applications of Lipids,Advanced,76,Mini Project on Lipids,5,Case Study
Biochemistry,Interview Questions on Lipids,Advanced,83,Real-world Applications of Lipids,4,Case Study
Biochemistry,Mastering Lipids,Advanced,64,Interview Questions on Lipids,5,Practice Problems
Biochemistry,Introduction to Metabolism,Beginner,15,Mastering Lipids,1,Video
Biochemistry,Fundamentals of Metabolism,Beginner,22,Introduction to Metabolism,1,Video
Biochemistry,Quick Revision of Metabolism,Beginner,21,Fundamentals of Metabolism,1,Video
Biochemistry,Essential Terminology of Metabolism,Beginner,27,Quick Revision of Metabolism,1,Quiz
Biochemistry,Metabolism: Core Concepts,Intermediate,53,Essential Terminology of Metabolism,2,Quiz
Biochemistry,Metabolism: Practical Applications,Intermediate,49,Metabolism: Core Concepts,2,Case Study
Biochemistry,Problem Solving using Metabolism,Intermediate,55,Metabolism: Practical Applications,4,Practice Problems
Biochemistry,Common Mistakes in Metabolism,Intermediate,33,Problem Solving using Metabolism,4,Case Study
Biochemistry,Hands-on Practice for Metabolism,Intermediate,44,Common Mistakes in Metabolism,4,Video
Biochemistry,Advanced Metabolism Techniques,Advanced,110,Hands-on Practice for Metabolism,5,Case Study
Biochemistry,Metabolism: Case Study & Project Work,Advanced,102,Advanced Metabolism Techniques,5,Interactive Lab
Biochemistry,Mini Project on Metabolism,Advanced,64,Metabolism: Case Study & Project Work,5,Mini Project
Biochemistry,Real-world Applications of Metabolism,Advanced,91,Mini Project on Metabolism,5,Practice Problems
Biochemistry,Interview Questions on Metabolism,Advanced,69,Real-world Applications of Metabolism,5,Case Study
Biochemistry,Mastering Metabolism,Advanced,91,Interview Questions on Metabolism,5,Practice Problems
Biochemistry,Introduction to Molecular Biology Basics,Beginner,15,Mastering Metabolism,1,Video
Biochemistry,Fundamentals of Molecular Biology Basics,Beginner,23,Introduction to Molecular Biology Basics,2,Quiz
Biochemistry,Quick Revision of Molecular Biology Basics,Beginner,16,Fundamentals of Molecular Biology Basics,1,Video
Biochemistry,Essential Terminology of Molecular Biology Basics,Beginner,18,Quick Revision of Molecular Biology Basics,2,PDF Notes
Biochemistry,Molecular Biology Basics: Core Concepts,Intermediate,38,Essential Terminology of Molecular Biology Basics,2,Quiz
Biochemistry,Molecular Biology Basics: Practical Applications,Intermediate,55,Molecular Biology Basics: Core Concepts,4,Practice Problems
Biochemistry,Problem Solving using Molecular Biology Basics,Intermediate,60,Molecular Biology Basics: Practical Applications,3,Practice Problems
Biochemistry,Common Mistakes in Molecular Biology Basics,Intermediate,50,Problem Solving using Molecular Biology Basics,4,Case Study
Biochemistry,Hands-on Practice for Molecular Biology Basics,Intermediate,31,Common Mistakes in Molecular Biology Basics,3,Quiz
Biochemistry,Advanced Molecular Biology Basics Techniques,Advanced,112,Hands-on Practice for Molecular Biology Basics,5,Case Study
Biochemistry,Molecular Biology Basics: Case Study & Project Work,Advanced,75,Advanced Molecular Biology Basics Techniques,5,Practice Problems
Biochemistry,Mini Project on Molecular Biology Basics,Advanced,119,Molecular Biology Basics: Case Study & Project Work,5,Case Study
Biochemistry,Real-world Applications of Molecular Biology Basics,Advanced,69,Mini Project on Molecular Biology Basics,4,Interactive Lab
Biochemistry,Interview Questions on Molecular Biology Basics,Advanced,99,Real-world Applications of Molecular Biology Basics,5,Case Study
Biochemistry,Mastering Molecular Biology Basics,Advanced,68,Interview Questions on Molecular Biology Basics,4,Practice Problems
Biology,Introduction to Cell Biology,Beginner,25,None,2,PDF Notes
Biology,Fundamentals of Cell Biology,Beginner,23,Introduction to Cell Biology,2,PDF Notes
Biology,Quick Revision of Cell Biology,Beginner,18,Fundamentals of Cell Biology,2,Video
Biology,Essential Terminology of Cell Biology,Beginner,26,Quick Revision of Cell Biology,2,Quiz
Biology,Cell Biology: Core Concepts,Intermediate,43,Essential Terminology of Cell Biology,2,Case Study
Biology,Cell Biology: Practical Applications,Intermediate,50,Cell Biology: Core Concepts,4,Practice Problems
Biology,Problem Solving using Cell Biology,Intermediate,59,Cell Biology: Practical Applications,4,Video
Biology,Common Mistakes in Cell Biology,Intermediate,46,Problem Solving using Cell Biology,2,Video
Biology,Hands-on Practice for Cell Biology,Intermediate,47,Common Mistakes in Cell Biology,2,Quiz
Biology,Advanced Cell Biology Techniques,Advanced,80,Hands-on Practice for Cell Biology,5,Practice Problems
Biology,Cell Biology: Case Study & Project Work,Advanced,105,Advanced Cell Biology Techniques,5,Mini Project
Biology,Mini Project on Cell Biology,Advanced,66,Cell Biology: Case Study & Project Work,4,Practice Problems
Biology,Real-world Applications of Cell Biology,Advanced,91,Mini Project on Cell Biology,4,Practice Problems
Biology,Interview Questions on Cell Biology,Advanced,81,Real-world Applications of Cell Biology,5,Case Study
Biology,Mastering Cell Biology,Advanced,84,Interview Questions on Cell Biology,5,Practice Problems
Biology,Introduction to Genetics,Beginner,27,Mastering Cell Biology,1,PDF Notes
Biology,Fundamentals of Genetics,Beginner,16,Introduction to Genetics,1,Video
Biology,Quick Revision of Genetics,Beginner,29,Fundamentals of Genetics,2,Quiz
Biology,Essential Terminology of Genetics,Beginner,16,Quick Revision of Genetics,1,Quiz
Biology,Genetics: Core Concepts,Intermediate,48,Essential Terminology of Genetics,4,Case Study
Biology,Genetics: Practical Applications,Intermediate,41,Genetics: Core Concepts,2,Practice Problems
Biology,Problem Solving using Genetics,Intermediate,40,Genetics: Practical Applications,2,Quiz
Biology,Common Mistakes in Genetics,Intermediate,30,Problem Solving using Genetics,4,Video
Biology,Hands-on Practice for Genetics,Intermediate,51,Common Mistakes in Genetics,4,Video
Biology,Advanced Genetics Techniques,Advanced,88,Hands-on Practice for Genetics,5,Case Study
Biology,Genetics: Case Study & Project Work,Advanced,103,Advanced Genetics Techniques,4,Interactive Lab
Biology,Mini Project on Genetics,Advanced,96,Genetics: Case Study & Project Work,4,Practice Problems
Biology,Real-world Applications of Genetics,Advanced,101,Mini Project on Genetics,5,Practice Problems
Biology,Interview Questions on Genetics,Advanced,67,Real-world Applications of Genetics,4,Practice Problems
Biology,Mastering Genetics,Advanced,64,Interview Questions on Genetics,4,Interactive Lab
Biology,Introduction to Human Physiology,Beginner,18,Mastering Genetics,2,Quiz
Biology,Fundamentals of Human Physiology,Beginner,30,Introduction to Human Physiology,2,PDF Notes
Biology,Quick Revision of Human Physiology,Beginner,16,Fundamentals of Human Physiology,1,Video
Biology,Essential Terminology of Human Physiology,Beginner,24,Quick Revision of Human Physiology,1,PDF Notes
Biology,Human Physiology: Core Concepts,Intermediate,36,Essential Terminology of Human Physiology,4,Video
Biology,Human Physiology: Practical Applications,Intermediate,31,Human Physiology: Core Concepts,2,Case Study
Biology,Problem Solving using Human Physiology,Intermediate,42,Human Physiology: Practical Applications,2,Case Study
Biology,Common Mistakes in Human Physiology,Intermediate,33,Problem Solving using Human Physiology,3,Practice Problems
Biology,Hands-on Practice for Human Physiology,Intermediate,55,Common Mistakes in Human Physiology,3,Practice Problems
Biology,Advanced Human Physiology Techniques,Advanced,71,Hands-on Practice for Human Physiology,4,Mini Project
Biology,Human Physiology: Case Study & Project Work,Advanced,73,Advanced Human Physiology Techniques,4,Mini Project
Biology,Mini Project on Human Physiology,Advanced,112,Human Physiology: Case Study & Project Work,4,Practice Problems
Biology,Real-world Applications of Human Physiology,Advanced,70,Mini Project on Human Physiology,5,Case Study
Biology,Interview Questions on Human Physiology,Advanced,90,Real-world Applications of Human Physiology,4,Mini Project
Biology,Mastering Human Physiology,Advanced,115,Interview Questions on Human Physiology,4,Interactive Lab
Biology,Introduction to Plant Biology,Beginner,24,Mastering Human Physiology,2,Quiz
Biology,Fundamentals of Plant Biology,Beginner,27,Introduction to Plant Biology,2,PDF Notes
Biology,Quick Revision of Plant Biology,Beginner,22,Fundamentals of Plant Biology,2,Quiz
Biology,Essential Terminology of Plant Biology,Beginner,24,Quick Revision of Plant Biology,1,PDF Notes
Biology,Plant Biology: Core Concepts,Intermediate,50,Essential Terminology of Plant Biology,3,Case Study
Biology,Plant Biology: Practical Applications,Intermediate,36,Plant Biology: Core Concepts,2,Practice Problems
Biology,Problem Solving using Plant Biology,Intermediate,35,Plant Biology: Practical Applications,3,Case Study
Biology,Common Mistakes in Plant Biology,Intermediate,57,Problem Solving using Plant Biology,2,Quiz
Biology,Hands-on Practice for Plant Biology,Intermediate,49,Common Mistakes in Plant Biology,2,Video
Biology,Advanced Plant Biology Techniques,Advanced,66,Hands-on Practice for Plant Biology,5,Interactive Lab
Biology,Plant Biology: Case Study & Project Work,Advanced,73,Advanced Plant Biology Techniques,4,Practice Problems
Biology,Mini Project on Plant Biology,Advanced,96,Plant Biology: Case Study & Project Work,5,Mini Project
Biology,Real-world Applications of Plant Biology,Advanced,114,Mini Project on Plant Biology,5,Practice Problems
Biology,Interview Questions on Plant Biology,Advanced,115,Real-world Applications of Plant Biology,5,Practice Problems
Biology,Mastering Plant Biology,Advanced,93,Interview Questions on Plant Biology,5,Mini Project
Biology,Introduction to Ecology,Beginner,17,Mastering Plant Biology,1,Quiz
Biology,Fundamentals of Ecology,Beginner,15,Introduction to Ecology,1,PDF Notes
Biology,Quick Revision of Ecology,Beginner,17,Fundamentals of Ecology,2,Video
Biology,Essential Terminology of Ecology,Beginner,26,Quick Revision of Ecology,2,PDF Notes
Biology,Ecology: Core Concepts,Intermediate,35,Essential Terminology of Ecology,2,Video
Biology,Ecology: Practical Applications,Intermediate,33,Ecology: Core Concepts,4,Case Study
Biology,Problem Solving using Ecology,Intermediate,42,Ecology: Practical Applications,3,Video
Biology,Common Mistakes in Ecology,Intermediate,46,Problem Solving using Ecology,4,Quiz
Biology,Hands-on Practice for Ecology,Intermediate,47,Common Mistakes in Ecology,4,Case Study
Biology,Advanced Ecology Techniques,Advanced,108,Hands-on Practice for Ecology,4,Practice Problems
Biology,Ecology: Case Study & Project Work,Advanced,118,Advanced Ecology Techniques,4,Case Study
Biology,Mini Project on Ecology,Advanced,116,Ecology: Case Study & Project Work,5,Mini Project
Biology,Real-world Applications of Ecology,Advanced,104,Mini Project on Ecology,4,Interactive Lab
Biology,Interview Questions on Ecology,Advanced,65,Real-world Applications of Ecology,5,Practice Problems
Biology,Mastering Ecology,Advanced,107,Interview Questions on Ecology,4,Case Study
Biology,Introduction to Evolution,Beginner,29,Mastering Ecology,2,Quiz
Biology,Fundamentals of Evolution,Beginner,28,Introduction to Evolution,2,Quiz
Biology,Quick Revision of Evolution,Beginner,21,Fundamentals of Evolution,1,PDF Notes
Biology,Essential Terminology of Evolution,Beginner,30,Quick Revision of Evolution,1,Video
Biology,Evolution: Core Concepts,Intermediate,49,Essential Terminology of Evolution,2,Practice Problems
Biology,Evolution: Practical Applications,Intermediate,47,Evolution: Core Concepts,4,Quiz
Biology,Problem Solving using Evolution,Intermediate,40,Evolution: Practical Applications,2,Practice Problems
Biology,Common Mistakes in Evolution,Intermediate,59,Problem Solving using Evolution,3,Quiz
Biology,Hands-on Practice for Evolution,Intermediate,35,Common Mistakes in Evolution,2,Video
Biology,Advanced Evolution Techniques,Advanced,104,Hands-on Practice for Evolution,4,Interactive Lab
Biology,Evolution: Case Study & Project Work,Advanced,78,Advanced Evolution Techniques,5,Case Study
Biology,Mini Project on Evolution,Advanced,105,Evolution: Case Study & Project Work,5,Case Study
Biology,Real-world Applications of Evolution,Advanced,64,Mini Project on Evolution,4,Practice Problems
Biology,Interview Questions on Evolution,Advanced,96,Real-world Applications of Evolution,5,Interactive Lab
Biology,Mastering Evolution,Advanced,80,Interview Questions on Evolution,5,Practice Problems
Botany,Introduction to Plant Morphology,Beginner,19,None,2,PDF Notes
Botany,Fundamentals of Plant Morphology,Beginner,24,Introduction to Plant Morphology,2,PDF Notes
Botany,Quick Revision of Plant Morphology,Beginner,21,Fundamentals of Plant Morphology,1,PDF Notes
Botany,Essential Terminology of Plant Morphology,Beginner,17,Quick Revision of Plant Morphology,1,Video
Botany,Plant Morphology: Core Concepts,Intermediate,33,Essential Terminology of Plant Morphology,3,Quiz
Botany,Plant Morphology: Practical Applications,Intermediate,51,Plant Morphology: Core Concepts,3,Case Study
Botany,Problem Solving using Plant Morphology,Intermediate,41,Plant Morphology: Practical Applications,2,Video
Botany,Common Mistakes in Plant Morphology,Intermediate,49,Problem Solving using Plant Morphology,2,Case Study
Botany,Hands-on Practice for Plant Morphology,Intermediate,50,Common Mistakes in Plant Morphology,3,Case Study
Botany,Advanced Plant Morphology Techniques,Advanced,103,Hands-on Practice for Plant Morphology,5,Mini Project
Botany,Plant Morphology: Case Study & Project Work,Advanced,81,Advanced Plant Morphology Techniques,5,Case Study
Botany,Mini Project on Plant Morphology,Advanced,94,Plant Morphology: Case Study & Project Work,4,Practice Problems
Botany,Real-world Applications of Plant Morphology,Advanced,73,Mini Project on Plant Morphology,5,Mini Project
Botany,Interview Questions on Plant Morphology,Advanced,75,Real-world Applications of Plant Morphology,5,Mini Project
Botany,Mastering Plant Morphology,Advanced,90,Interview Questions on Plant Morphology,5,Interactive Lab
Botany,Introduction to Plant Physiology,Beginner,27,Mastering Plant Morphology,2,Video
Botany,Fundamentals of Plant Physiology,Beginner,27,Introduction to Plant Physiology,2,Quiz
Botany,Quick Revision of Plant Physiology,Beginner,18,Fundamentals of Plant Physiology,2,PDF Notes
Botany,Essential Terminology of Plant Physiology,Beginner,25,Quick Revision of Plant Physiology,1,Video
Botany,Plant Physiology: Core Concepts,Intermediate,33,Essential Terminology of Plant Physiology,3,Quiz
Botany,Plant Physiology: Practical Applications,Intermediate,56,Plant Physiology: Core Concepts,4,Practice Problems
Botany,Problem Solving using Plant Physiology,Intermediate,60,Plant Physiology: Practical Applications,4,Practice Problems
Botany,Common Mistakes in Plant Physiology,Intermediate,53,Problem Solving using Plant Physiology,4,Case Study
Botany,Hands-on Practice for Plant Physiology,Intermediate,53,Common Mistakes in Plant Physiology,4,Case Study
Botany,Advanced Plant Physiology Techniques,Advanced,66,Hands-on Practice for Plant Physiology,4,Mini Project
Botany,Plant Physiology: Case Study & Project Work,Advanced,85,Advanced Plant Physiology Techniques,5,Practice Problems
Botany,Mini Project on Plant Physiology,Advanced,73,Plant Physiology: Case Study & Project Work,4,Interactive Lab
Botany,Real-world Applications of Plant Physiology,Advanced,117,Mini Project on Plant Physiology,4,Mini Project
Botany,Interview Questions on Plant Physiology,Advanced,64,Real-world Applications of Plant Physiology,4,Case Study
Botany,Mastering Plant Physiology,Advanced,85,Interview Questions on Plant Physiology,4,Practice Problems
Botany,Introduction to Plant Taxonomy,Beginner,15,Mastering Plant Physiology,1,Quiz
Botany,Fundamentals of Plant Taxonomy,Beginner,23,Introduction to Plant Taxonomy,1,Video
Botany,Quick Revision of Plant Taxonomy,Beginner,27,Fundamentals of Plant Taxonomy,1,Video
Botany,Essential Terminology of Plant Taxonomy,Beginner,16,Quick Revision of Plant Taxonomy,1,Quiz
Botany,Plant Taxonomy: Core Concepts,Intermediate,39,Essential Terminology of Plant Taxonomy,2,Video
Botany,Plant Taxonomy: Practical Applications,Intermediate,51,Plant Taxonomy: Core Concepts,4,Quiz
Botany,Problem Solving using Plant Taxonomy,Intermediate,46,Plant Taxonomy: Practical Applications,2,Quiz
Botany,Common Mistakes in Plant Taxonomy,Intermediate,31,Problem Solving using Plant Taxonomy,3,Video
Botany,Hands-on Practice for Plant Taxonomy,Intermediate,38,Common Mistakes in Plant Taxonomy,4,Practice Problems
Botany,Advanced Plant Taxonomy Techniques,Advanced,108,Hands-on Practice for Plant Taxonomy,4,Mini Project
Botany,Plant Taxonomy: Case Study & Project Work,Advanced,65,Advanced Plant Taxonomy Techniques,5,Mini Project
Botany,Mini Project on Plant Taxonomy,Advanced,93,Plant Taxonomy: Case Study & Project Work,4,Mini Project
Botany,Real-world Applications of Plant Taxonomy,Advanced,80,Mini Project on Plant Taxonomy,4,Mini Project
Botany,Interview Questions on Plant Taxonomy,Advanced,81,Real-world Applications of Plant Taxonomy,5,Interactive Lab
Botany,Mastering Plant Taxonomy,Advanced,61,Interview Questions on Plant Taxonomy,5,Mini Project
Botany,Introduction to Plant Ecology,Beginner,30,Mastering Plant Taxonomy,2,Quiz
Botany,Fundamentals of Plant Ecology,Beginner,27,Introduction to Plant Ecology,1,PDF Notes
Botany,Quick Revision of Plant Ecology,Beginner,26,Fundamentals of Plant Ecology,2,Quiz
Botany,Essential Terminology of Plant Ecology,Beginner,22,Quick Revision of Plant Ecology,2,Quiz
Botany,Plant Ecology: Core Concepts,Intermediate,39,Essential Terminology of Plant Ecology,4,Case Study
Botany,Plant Ecology: Practical Applications,Intermediate,48,Plant Ecology: Core Concepts,4,Quiz
Botany,Problem Solving using Plant Ecology,Intermediate,36,Plant Ecology: Practical Applications,2,Case Study
Botany,Common Mistakes in Plant Ecology,Intermediate,55,Problem Solving using Plant Ecology,4,Case Study
Botany,Hands-on Practice for Plant Ecology,Intermediate,43,Common Mistakes in Plant Ecology,3,Video
Botany,Advanced Plant Ecology Techniques,Advanced,115,Hands-on Practice for Plant Ecology,5,Interactive Lab
Botany,Plant Ecology: Case Study & Project Work,Advanced,74,Advanced Plant Ecology Techniques,5,Practice Problems
Botany,Mini Project on Plant Ecology,Advanced,87,Plant Ecology: Case Study & Project Work,5,Case Study
Botany,Real-world Applications of Plant Ecology,Advanced,120,Mini Project on Plant Ecology,4,Practice Problems
Botany,Interview Questions on Plant Ecology,Advanced,117,Real-world Applications of Plant Ecology,5,Mini Project
Botany,Mastering Plant Ecology,Advanced,108,Interview Questions on Plant Ecology,4,Mini Project
Building Materials,Introduction to Cement and Concrete,Beginner,23,None,2,PDF Notes
Building Materials,Fundamentals of Cement and Concrete,Beginner,17,Introduction to Cement and Concrete,2,Video
Building Materials,Quick Revision of Cement and Concrete,Beginner,24,Fundamentals of Cement and Concrete,2,Quiz
Building Materials,Essential Terminology of Cement and Concrete,Beginner,20,Quick Revision of Cement and Concrete,1,Quiz
Building Materials,Cement and Concrete: Core Concepts,Intermediate,54,Essential Terminology of Cement and Concrete,4,Practice Problems
Building Materials,Cement and Concrete: Practical Applications,Intermediate,40,Cement and Concrete: Core Concepts,4,Quiz
Building Materials,Problem Solving using Cement and Concrete,Intermediate,48,Cement and Concrete: Practical Applications,4,Case Study
Building Materials,Common Mistakes in Cement and Concrete,Intermediate,41,Problem Solving using Cement and Concrete,3,Case Study
Building Materials,Hands-on Practice for Cement and Concrete,Intermediate,53,Common Mistakes in Cement and Concrete,2,Case Study
Building Materials,Advanced Cement and Concrete Techniques,Advanced,96,Hands-on Practice for Cement and Concrete,4,Practice Problems
Building Materials,Cement and Concrete: Case Study & Project Work,Advanced,114,Advanced Cement and Concrete Techniques,4,Case Study
Building Materials,Mini Project on Cement and Concrete,Advanced,74,Cement and Concrete: Case Study & Project Work,5,Mini Project
Building Materials,Real-world Applications of Cement and Concrete,Advanced,99,Mini Project on Cement and Concrete,5,Mini Project
Building Materials,Interview Questions on Cement and Concrete,Advanced,119,Real-world Applications of Cement and Concrete,5,Mini Project
Building Materials,Mastering Cement and Concrete,Advanced,71,Interview Questions on Cement and Concrete,5,Case Study
Building Materials,Introduction to Bricks and Blocks,Beginner,30,Mastering Cement and Concrete,1,Video
Building Materials,Fundamentals of Bricks and Blocks,Beginner,17,Introduction to Bricks and Blocks,1,PDF Notes
Building Materials,Quick Revision of Bricks and Blocks,Beginner,25,Fundamentals of Bricks and Blocks,2,PDF Notes
Building Materials,Essential Terminology of Bricks and Blocks,Beginner,15,Quick Revision of Bricks and Blocks,2,Video
Building Materials,Bricks and Blocks: Core Concepts,Intermediate,52,Essential Terminology of Bricks and Blocks,2,Case Study
Building Materials,Bricks and Blocks: Practical Applications,Intermediate,57,Bricks and Blocks: Core Concepts,4,Quiz
Building Materials,Problem Solving using Bricks and Blocks,Intermediate,33,Bricks and Blocks: Practical Applications,3,Practice Problems
Building Materials,Common Mistakes in Bricks and Blocks,Intermediate,43,Problem Solving using Bricks and Blocks,3,Video
Building Materials,Hands-on Practice for Bricks and Blocks,Intermediate,38,Common Mistakes in Bricks and Blocks,4,Practice Problems
Building Materials,Advanced Bricks and Blocks Techniques,Advanced,114,Hands-on Practice for Bricks and Blocks,5,Interactive Lab
Building Materials,Bricks and Blocks: Case Study & Project Work,Advanced,104,Advanced Bricks and Blocks Techniques,4,Interactive Lab
Building Materials,Mini Project on Bricks and Blocks,Advanced,80,Bricks and Blocks: Case Study & Project Work,5,Interactive Lab
Building Materials,Real-world Applications of Bricks and Blocks,Advanced,93,Mini Project on Bricks and Blocks,5,Practice Problems
Building Materials,Interview Questions on Bricks and Blocks,Advanced,97,Real-world Applications of Bricks and Blocks,5,Case Study
Building Materials,Mastering Bricks and Blocks,Advanced,118,Interview Questions on Bricks and Blocks,4,Practice Problems
Building Materials,Introduction to Steel,Beginner,25,Mastering Bricks and Blocks,1,Video
Building Materials,Fundamentals of Steel,Beginner,17,Introduction to Steel,1,Video
Building Materials,Quick Revision of Steel,Beginner,18,Fundamentals of Steel,2,PDF Notes
Building Materials,Essential Terminology of Steel,Beginner,28,Quick Revision of Steel,2,Video
Building Materials,Steel: Core Concepts,Intermediate,32,Essential Terminology of Steel,2,Case Study
Building Materials,Steel: Practical Applications,Intermediate,58,Steel: Core Concepts,2,Case Study
Building Materials,Problem Solving using Steel,Intermediate,35,Steel: Practical Applications,3,Practice Problems
Building Materials,Common Mistakes in Steel,Intermediate,48,Problem Solving using Steel,2,Video
Building Materials,Hands-on Practice for Steel,Intermediate,31,Common Mistakes in Steel,4,Case Study
Building Materials,Advanced Steel Techniques,Advanced,103,Hands-on Practice for Steel,4,Interactive Lab
Building Materials,Steel: Case Study & Project Work,Advanced,83,Advanced Steel Techniques,5,Mini Project
Building Materials,Mini Project on Steel,Advanced,62,Steel: Case Study & Project Work,5,Practice Problems
Building Materials,Real-world Applications of Steel,Advanced,89,Mini Project on Steel,5,Practice Problems
Building Materials,Interview Questions on Steel,Advanced,80,Real-world Applications of Steel,5,Practice Problems
Building Materials,Mastering Steel,Advanced,85,Interview Questions on Steel,5,Interactive Lab
Building Materials,Introduction to Timber,Beginner,19,Mastering Steel,1,PDF Notes
Building Materials,Fundamentals of Timber,Beginner,23,Introduction to Timber,1,Quiz
Building Materials,Quick Revision of Timber,Beginner,16,Fundamentals of Timber,2,Quiz
Building Materials,Essential Terminology of Timber,Beginner,23,Quick Revision of Timber,1,PDF Notes
Building Materials,Timber: Core Concepts,Intermediate,46,Essential Terminology of Timber,2,Case Study
Building Materials,Timber: Practical Applications,Intermediate,40,Timber: Core Concepts,3,Video
Building Materials,Problem Solving using Timber,Intermediate,56,Timber: Practical Applications,4,Quiz
Building Materials,Common Mistakes in Timber,Intermediate,49,Problem Solving using Timber,2,Case Study
Building Materials,Hands-on Practice for Timber,Intermediate,31,Common Mistakes in Timber,3,Video
Building Materials,Advanced Timber Techniques,Advanced,99,Hands-on Practice for Timber,5,Practice Problems
Building Materials,Timber: Case Study & Project Work,Advanced,106,Advanced Timber Techniques,4,Mini Project
Building Materials,Mini Project on Timber,Advanced,68,Timber: Case Study & Project Work,5,Practice Problems
Building Materials,Real-world Applications of Timber,Advanced,60,Mini Project on Timber,5,Case Study
Building Materials,Interview Questions on Timber,Advanced,82,Real-world Applications of Timber,5,Case Study
Building Materials,Mastering Timber,Advanced,62,Interview Questions on Timber,5,Mini Project
Building Materials,Introduction to Sustainable Materials,Beginner,23,Mastering Timber,1,PDF Notes
Building Materials,Fundamentals of Sustainable Materials,Beginner,29,Introduction to Sustainable Materials,1,Video
Building Materials,Quick Revision of Sustainable Materials,Beginner,17,Fundamentals of Sustainable Materials,1,Video
Building Materials,Essential Terminology of Sustainable Materials,Beginner,19,Quick Revision of Sustainable Materials,2,PDF Notes
Building Materials,Sustainable Materials: Core Concepts,Intermediate,33,Essential Terminology of Sustainable Materials,2,Video
Building Materials,Sustainable Materials: Practical Applications,Intermediate,38,Sustainable Materials: Core Concepts,4,Case Study
Building Materials,Problem Solving using Sustainable Materials,Intermediate,42,Sustainable Materials: Practical Applications,4,Practice Problems
Building Materials,Common Mistakes in Sustainable Materials,Intermediate,48,Problem Solving using Sustainable Materials,2,Practice Problems
Building Materials,Hands-on Practice for Sustainable Materials,Intermediate,56,Common Mistakes in Sustainable Materials,4,Video
Building Materials,Advanced Sustainable Materials Techniques,Advanced,118,Hands-on Practice for Sustainable Materials,4,Mini Project
Building Materials,Sustainable Materials: Case Study & Project Work,Advanced,115,Advanced Sustainable Materials Techniques,5,Mini Project
Building Materials,Mini Project on Sustainable Materials,Advanced,73,Sustainable Materials: Case Study & Project Work,5,Interactive Lab
Building Materials,Real-world Applications of Sustainable Materials,Advanced,67,Mini Project on Sustainable Materials,5,Case Study
Building Materials,Interview Questions on Sustainable Materials,Advanced,78,Real-world Applications of Sustainable Materials,5,Case Study
Building Materials,Mastering Sustainable Materials,Advanced,73,Interview Questions on Sustainable Materials,4,Practice Problems
Business Economics,Introduction to Demand Analysis,Beginner,15,None,1,PDF Notes
Business Economics,Fundamentals of Demand Analysis,Beginner,24,Introduction to Demand Analysis,2,Quiz
Business Economics,Quick Revision of Demand Analysis,Beginner,20,Fundamentals of Demand Analysis,2,Video
Business Economics,Essential Terminology of Demand Analysis,Beginner,17,Quick Revision of Demand Analysis,2,Quiz
Business Economics,Demand Analysis: Core Concepts,Intermediate,32,Essential Terminology of Demand Analysis,3,Video
Business Economics,Demand Analysis: Practical Applications,Intermediate,38,Demand Analysis: Core Concepts,2,Video
Business Economics,Problem Solving using Demand Analysis,Intermediate,43,Demand Analysis: Practical Applications,4,Quiz
Business Economics,Common Mistakes in Demand Analysis,Intermediate,56,Problem Solving using Demand Analysis,4,Quiz
Business Economics,Hands-on Practice for Demand Analysis,Intermediate,57,Common Mistakes in Demand Analysis,4,Video
Business Economics,Advanced Demand Analysis Techniques,Advanced,111,Hands-on Practice for Demand Analysis,5,Practice Problems
Business Economics,Demand Analysis: Case Study & Project Work,Advanced,97,Advanced Demand Analysis Techniques,4,Interactive Lab
Business Economics,Mini Project on Demand Analysis,Advanced,95,Demand Analysis: Case Study & Project Work,5,Interactive Lab
Business Economics,Real-world Applications of Demand Analysis,Advanced,89,Mini Project on Demand Analysis,4,Practice Problems
Business Economics,Interview Questions on Demand Analysis,Advanced,92,Real-world Applications of Demand Analysis,5,Practice Problems
Business Economics,Mastering Demand Analysis,Advanced,84,Interview Questions on Demand Analysis,5,Case Study
Business Economics,Introduction to Cost Analysis,Beginner,19,Mastering Demand Analysis,1,Video
Business Economics,Fundamentals of Cost Analysis,Beginner,25,Introduction to Cost Analysis,2,PDF Notes
Business Economics,Quick Revision of Cost Analysis,Beginner,23,Fundamentals of Cost Analysis,2,Quiz
Business Economics,Essential Terminology of Cost Analysis,Beginner,18,Quick Revision of Cost Analysis,2,PDF Notes
Business Economics,Cost Analysis: Core Concepts,Intermediate,38,Essential Terminology of Cost Analysis,2,Practice Problems
Business Economics,Cost Analysis: Practical Applications,Intermediate,51,Cost Analysis: Core Concepts,2,Case Study
Business Economics,Problem Solving using Cost Analysis,Intermediate,60,Cost Analysis: Practical Applications,4,Video
Business Economics,Common Mistakes in Cost Analysis,Intermediate,45,Problem Solving using Cost Analysis,2,Practice Problems
Business Economics,Hands-on Practice for Cost Analysis,Intermediate,46,Common Mistakes in Cost Analysis,3,Case Study
Business Economics,Advanced Cost Analysis Techniques,Advanced,94,Hands-on Practice for Cost Analysis,4,Practice Problems
Business Economics,Cost Analysis: Case Study & Project Work,Advanced,105,Advanced Cost Analysis Techniques,5,Interactive Lab
Business Economics,Mini Project on Cost Analysis,Advanced,80,Cost Analysis: Case Study & Project Work,4,Practice Problems
Business Economics,Real-world Applications of Cost Analysis,Advanced,79,Mini Project on Cost Analysis,4,Case Study
Business Economics,Interview Questions on Cost Analysis,Advanced,103,Real-world Applications of Cost Analysis,4,Interactive Lab
Business Economics,Mastering Cost Analysis,Advanced,120,Interview Questions on Cost Analysis,4,Interactive Lab
Business Economics,Introduction to Market Structures,Beginner,23,Mastering Cost Analysis,2,Quiz
Business Economics,Fundamentals of Market Structures,Beginner,15,Introduction to Market Structures,2,Video
Business Economics,Quick Revision of Market Structures,Beginner,22,Fundamentals of Market Structures,1,Quiz
Business Economics,Essential Terminology of Market Structures,Beginner,29,Quick Revision of Market Structures,2,PDF Notes
Business Economics,Market Structures: Core Concepts,Intermediate,41,Essential Terminology of Market Structures,3,Video
Business Economics,Market Structures: Practical Applications,Intermediate,44,Market Structures: Core Concepts,2,Video
Business Economics,Problem Solving using Market Structures,Intermediate,55,Market Structures: Practical Applications,2,Practice Problems
Business Economics,Common Mistakes in Market Structures,Intermediate,37,Problem Solving using Market Structures,2,Video
Business Economics,Hands-on Practice for Market Structures,Intermediate,35,Common Mistakes in Market Structures,2,Quiz
Business Economics,Advanced Market Structures Techniques,Advanced,110,Hands-on Practice for Market Structures,5,Case Study
Business Economics,Market Structures: Case Study & Project Work,Advanced,66,Advanced Market Structures Techniques,5,Practice Problems
Business Economics,Mini Project on Market Structures,Advanced,63,Market Structures: Case Study & Project Work,5,Practice Problems
Business Economics,Real-world Applications of Market Structures,Advanced,104,Mini Project on Market Structures,4,Mini Project
Business Economics,Interview Questions on Market Structures,Advanced,103,Real-world Applications of Market Structures,5,Practice Problems
Business Economics,Mastering Market Structures,Advanced,93,Interview Questions on Market Structures,4,Case Study
Business Economics,Introduction to Pricing Strategies,Beginner,23,Mastering Market Structures,1,Quiz
Business Economics,Fundamentals of Pricing Strategies,Beginner,20,Introduction to Pricing Strategies,2,PDF Notes
Business Economics,Quick Revision of Pricing Strategies,Beginner,23,Fundamentals of Pricing Strategies,2,Video
Business Economics,Essential Terminology of Pricing Strategies,Beginner,27,Quick Revision of Pricing Strategies,2,PDF Notes
Business Economics,Pricing Strategies: Core Concepts,Intermediate,55,Essential Terminology of Pricing Strategies,4,Case Study
Business Economics,Pricing Strategies: Practical Applications,Intermediate,48,Pricing Strategies: Core Concepts,3,Quiz
Business Economics,Problem Solving using Pricing Strategies,Intermediate,54,Pricing Strategies: Practical Applications,2,Quiz
Business Economics,Common Mistakes in Pricing Strategies,Intermediate,46,Problem Solving using Pricing Strategies,4,Case Study
Business Economics,Hands-on Practice for Pricing Strategies,Intermediate,43,Common Mistakes in Pricing Strategies,4,Case Study
Business Economics,Advanced Pricing Strategies Techniques,Advanced,104,Hands-on Practice for Pricing Strategies,5,Practice Problems
Business Economics,Pricing Strategies: Case Study & Project Work,Advanced,108,Advanced Pricing Strategies Techniques,4,Interactive Lab
Business Economics,Mini Project on Pricing Strategies,Advanced,97,Pricing Strategies: Case Study & Project Work,4,Mini Project
Business Economics,Real-world Applications of Pricing Strategies,Advanced,108,Mini Project on Pricing Strategies,5,Practice Problems
Business Economics,Interview Questions on Pricing Strategies,Advanced,102,Real-world Applications of Pricing Strategies,5,Practice Problems
Business Economics,Mastering Pricing Strategies,Advanced,92,Interview Questions on Pricing Strategies,5,Case Study
Business Law,Introduction to Contract Act Basics,Beginner,19,None,1,Video
Business Law,Fundamentals of Contract Act Basics,Beginner,30,Introduction to Contract Act Basics,2,PDF Notes
Business Law,Quick Revision of Contract Act Basics,Beginner,25,Fundamentals of Contract Act Basics,2,PDF Notes
Business Law,Essential Terminology of Contract Act Basics,Beginner,23,Quick Revision of Contract Act Basics,1,Video
Business Law,Contract Act Basics: Core Concepts,Intermediate,46,Essential Terminology of Contract Act Basics,2,Quiz
Business Law,Contract Act Basics: Practical Applications,Intermediate,53,Contract Act Basics: Core Concepts,2,Video
Business Law,Problem Solving using Contract Act Basics,Intermediate,56,Contract Act Basics: Practical Applications,4,Video
Business Law,Common Mistakes in Contract Act Basics,Intermediate,38,Problem Solving using Contract Act Basics,4,Quiz
Business Law,Hands-on Practice for Contract Act Basics,Intermediate,40,Common Mistakes in Contract Act Basics,3,Video
Business Law,Advanced Contract Act Basics Techniques,Advanced,70,Hands-on Practice for Contract Act Basics,4,Case Study
Business Law,Contract Act Basics: Case Study & Project Work,Advanced,105,Advanced Contract Act Basics Techniques,4,Interactive Lab
Business Law,Mini Project on Contract Act Basics,Advanced,99,Contract Act Basics: Case Study & Project Work,5,Case Study
Business Law,Real-world Applications of Contract Act Basics,Advanced,71,Mini Project on Contract Act Basics,5,Practice Problems
Business Law,Interview Questions on Contract Act Basics,Advanced,120,Real-world Applications of Contract Act Basics,4,Interactive Lab
Business Law,Mastering Contract Act Basics,Advanced,71,Interview Questions on Contract Act Basics,4,Practice Problems
Business Law,Introduction to Sale of Goods Act,Beginner,15,Mastering Contract Act Basics,1,PDF Notes
Business Law,Fundamentals of Sale of Goods Act,Beginner,21,Introduction to Sale of Goods Act,2,PDF Notes
Business Law,Quick Revision of Sale of Goods Act,Beginner,19,Fundamentals of Sale of Goods Act,2,Video
Business Law,Essential Terminology of Sale of Goods Act,Beginner,25,Quick Revision of Sale of Goods Act,2,Quiz
Business Law,Sale of Goods Act: Core Concepts,Intermediate,59,Essential Terminology of Sale of Goods Act,2,Video
Business Law,Sale of Goods Act: Practical Applications,Intermediate,52,Sale of Goods Act: Core Concepts,2,Video
Business Law,Problem Solving using Sale of Goods Act,Intermediate,49,Sale of Goods Act: Practical Applications,3,Practice Problems
Business Law,Common Mistakes in Sale of Goods Act,Intermediate,31,Problem Solving using Sale of Goods Act,3,Quiz
Business Law,Hands-on Practice for Sale of Goods Act,Intermediate,60,Common Mistakes in Sale of Goods Act,3,Quiz
Business Law,Advanced Sale of Goods Act Techniques,Advanced,78,Hands-on Practice for Sale of Goods Act,4,Practice Problems
Business Law,Sale of Goods Act: Case Study & Project Work,Advanced,99,Advanced Sale of Goods Act Techniques,5,Interactive Lab
Business Law,Mini Project on Sale of Goods Act,Advanced,92,Sale of Goods Act: Case Study & Project Work,5,Mini Project
Business Law,Real-world Applications of Sale of Goods Act,Advanced,110,Mini Project on Sale of Goods Act,4,Interactive Lab
Business Law,Interview Questions on Sale of Goods Act,Advanced,98,Real-world Applications of Sale of Goods Act,5,Case Study
Business Law,Mastering Sale of Goods Act,Advanced,88,Interview Questions on Sale of Goods Act,4,Mini Project
Business Law,Introduction to Company Law Basics,Beginner,16,Mastering Sale of Goods Act,1,Quiz
Business Law,Fundamentals of Company Law Basics,Beginner,27,Introduction to Company Law Basics,2,PDF Notes
Business Law,Quick Revision of Company Law Basics,Beginner,16,Fundamentals of Company Law Basics,1,PDF Notes
Business Law,Essential Terminology of Company Law Basics,Beginner,23,Quick Revision of Company Law Basics,1,Quiz
Business Law,Company Law Basics: Core Concepts,Intermediate,57,Essential Terminology of Company Law Basics,4,Case Study
Business Law,Company Law Basics: Practical Applications,Intermediate,35,Company Law Basics: Core Concepts,4,Quiz
Business Law,Problem Solving using Company Law Basics,Intermediate,31,Company Law Basics: Practical Applications,2,Practice Problems
Business Law,Common Mistakes in Company Law Basics,Intermediate,32,Problem Solving using Company Law Basics,3,Case Study
Business Law,Hands-on Practice for Company Law Basics,Intermediate,31,Common Mistakes in Company Law Basics,2,Quiz
Business Law,Advanced Company Law Basics Techniques,Advanced,71,Hands-on Practice for Company Law Basics,4,Case Study
Business Law,Company Law Basics: Case Study & Project Work,Advanced,60,Advanced Company Law Basics Techniques,4,Interactive Lab
Business Law,Mini Project on Company Law Basics,Advanced,74,Company Law Basics: Case Study & Project Work,5,Interactive Lab
Business Law,Real-world Applications of Company Law Basics,Advanced,80,Mini Project on Company Law Basics,5,Interactive Lab
Business Law,Interview Questions on Company Law Basics,Advanced,90,Real-world Applications of Company Law Basics,4,Case Study
Business Law,Mastering Company Law Basics,Advanced,83,Interview Questions on Company Law Basics,4,Mini Project
Business Law,Introduction to Negotiable Instruments,Beginner,26,Mastering Company Law Basics,1,PDF Notes
Business Law,Fundamentals of Negotiable Instruments,Beginner,25,Introduction to Negotiable Instruments,2,Quiz
Business Law,Quick Revision of Negotiable Instruments,Beginner,27,Fundamentals of Negotiable Instruments,1,Video
Business Law,Essential Terminology of Negotiable Instruments,Beginner,19,Quick Revision of Negotiable Instruments,2,PDF Notes
Business Law,Negotiable Instruments: Core Concepts,Intermediate,59,Essential Terminology of Negotiable Instruments,3,Case Study
Business Law,Negotiable Instruments: Practical Applications,Intermediate,32,Negotiable Instruments: Core Concepts,4,Case Study
Business Law,Problem Solving using Negotiable Instruments,Intermediate,41,Negotiable Instruments: Practical Applications,4,Quiz
Business Law,Common Mistakes in Negotiable Instruments,Intermediate,60,Problem Solving using Negotiable Instruments,4,Case Study
Business Law,Hands-on Practice for Negotiable Instruments,Intermediate,40,Common Mistakes in Negotiable Instruments,3,Video
Business Law,Advanced Negotiable Instruments Techniques,Advanced,116,Hands-on Practice for Negotiable Instruments,5,Practice Problems
Business Law,Negotiable Instruments: Case Study & Project Work,Advanced,119,Advanced Negotiable Instruments Techniques,4,Practice Problems
Business Law,Mini Project on Negotiable Instruments,Advanced,98,Negotiable Instruments: Case Study & Project Work,5,Practice Problems
Business Law,Real-world Applications of Negotiable Instruments,Advanced,87,Mini Project on Negotiable Instruments,4,Case Study
Business Law,Interview Questions on Negotiable Instruments,Advanced,63,Real-world Applications of Negotiable Instruments,4,Practice Problems
Business Law,Mastering Negotiable Instruments,Advanced,60,Interview Questions on Negotiable Instruments,4,Case Study
Business Statistics,Introduction to Data Collection,Beginner,18,None,1,Video
Business Statistics,Fundamentals of Data Collection,Beginner,24,Introduction to Data Collection,2,PDF Notes
Business Statistics,Quick Revision of Data Collection,Beginner,26,Fundamentals of Data Collection,1,Quiz
Business Statistics,Essential Terminology of Data Collection,Beginner,29,Quick Revision of Data Collection,1,Quiz
Business Statistics,Data Collection: Core Concepts,Intermediate,59,Essential Terminology of Data Collection,4,Quiz
Business Statistics,Data Collection: Practical Applications,Intermediate,46,Data Collection: Core Concepts,3,Case Study
Business Statistics,Problem Solving using Data Collection,Intermediate,34,Data Collection: Practical Applications,3,Case Study
Business Statistics,Common Mistakes in Data Collection,Intermediate,49,Problem Solving using Data Collection,3,Quiz
Business Statistics,Hands-on Practice for Data Collection,Intermediate,60,Common Mistakes in Data Collection,2,Quiz
Business Statistics,Advanced Data Collection Techniques,Advanced,109,Hands-on Practice for Data Collection,4,Mini Project
Business Statistics,Data Collection: Case Study & Project Work,Advanced,115,Advanced Data Collection Techniques,5,Case Study
Business Statistics,Mini Project on Data Collection,Advanced,62,Data Collection: Case Study & Project Work,4,Interactive Lab
Business Statistics,Real-world Applications of Data Collection,Advanced,63,Mini Project on Data Collection,5,Case Study
Business Statistics,Interview Questions on Data Collection,Advanced,105,Real-world Applications of Data Collection,5,Case Study
Business Statistics,Mastering Data Collection,Advanced,86,Interview Questions on Data Collection,5,Case Study
Business Statistics,Introduction to Measures of Central Tendency,Beginner,16,Mastering Data Collection,2,Quiz
Business Statistics,Fundamentals of Measures of Central Tendency,Beginner,27,Introduction to Measures of Central Tendency,1,Video
Business Statistics,Quick Revision of Measures of Central Tendency,Beginner,28,Fundamentals of Measures of Central Tendency,2,Video
Business Statistics,Essential Terminology of Measures of Central Tendency,Beginner,24,Quick Revision of Measures of Central Tendency,1,Video
Business Statistics,Measures of Central Tendency: Core Concepts,Intermediate,39,Essential Terminology of Measures of Central Tendency,2,Video
Business Statistics,Measures of Central Tendency: Practical Applications,Intermediate,52,Measures of Central Tendency: Core Concepts,3,Case Study
Business Statistics,Problem Solving using Measures of Central Tendency,Intermediate,47,Measures of Central Tendency: Practical Applications,2,Quiz
Business Statistics,Common Mistakes in Measures of Central Tendency,Intermediate,58,Problem Solving using Measures of Central Tendency,2,Video
Business Statistics,Hands-on Practice for Measures of Central Tendency,Intermediate,44,Common Mistakes in Measures of Central Tendency,3,Case Study
Business Statistics,Advanced Measures of Central Tendency Techniques,Advanced,76,Hands-on Practice for Measures of Central Tendency,4,Practice Problems
Business Statistics,Measures of Central Tendency: Case Study & Project Work,Advanced,107,Advanced Measures of Central Tendency Techniques,5,Practice Problems
Business Statistics,Mini Project on Measures of Central Tendency,Advanced,64,Measures of Central Tendency: Case Study & Project Work,4,Interactive Lab
Business Statistics,Real-world Applications of Measures of Central Tendency,Advanced,108,Mini Project on Measures of Central Tendency,4,Mini Project
Business Statistics,Interview Questions on Measures of Central Tendency,Advanced,104,Real-world Applications of Measures of Central Tendency,5,Interactive Lab
Business Statistics,Mastering Measures of Central Tendency,Advanced,118,Interview Questions on Measures of Central Tendency,4,Case Study
Business Statistics,Introduction to Correlation and Regression,Beginner,17,Mastering Measures of Central Tendency,2,PDF Notes
Business Statistics,Fundamentals of Correlation and Regression,Beginner,30,Introduction to Correlation and Regression,1,Quiz
Business Statistics,Quick Revision of Correlation and Regression,Beginner,24,Fundamentals of Correlation and Regression,1,Video
Business Statistics,Essential Terminology of Correlation and Regression,Beginner,28,Quick Revision of Correlation and Regression,1,Video
Business Statistics,Correlation and Regression: Core Concepts,Intermediate,41,Essential Terminology of Correlation and Regression,4,Video
Business Statistics,Correlation and Regression: Practical Applications,Intermediate,33,Correlation and Regression: Core Concepts,4,Quiz
Business Statistics,Problem Solving using Correlation and Regression,Intermediate,57,Correlation and Regression: Practical Applications,4,Case Study
Business Statistics,Common Mistakes in Correlation and Regression,Intermediate,58,Problem Solving using Correlation and Regression,4,Quiz
Business Statistics,Hands-on Practice for Correlation and Regression,Intermediate,44,Common Mistakes in Correlation and Regression,3,Video
Business Statistics,Advanced Correlation and Regression Techniques,Advanced,95,Hands-on Practice for Correlation and Regression,4,Interactive Lab
Business Statistics,Correlation and Regression: Case Study & Project Work,Advanced,76,Advanced Correlation and Regression Techniques,4,Practice Problems
Business Statistics,Mini Project on Correlation and Regression,Advanced,77,Correlation and Regression: Case Study & Project Work,5,Mini Project
Business Statistics,Real-world Applications of Correlation and Regression,Advanced,116,Mini Project on Correlation and Regression,5,Mini Project
Business Statistics,Interview Questions on Correlation and Regression,Advanced,78,Real-world Applications of Correlation and Regression,4,Case Study
Business Statistics,Mastering Correlation and Regression,Advanced,80,Interview Questions on Correlation and Regression,5,Practice Problems
Business Statistics,Introduction to Index Numbers,Beginner,19,Mastering Correlation and Regression,1,Video
Business Statistics,Fundamentals of Index Numbers,Beginner,18,Introduction to Index Numbers,2,Quiz
Business Statistics,Quick Revision of Index Numbers,Beginner,29,Fundamentals of Index Numbers,2,Quiz
Business Statistics,Essential Terminology of Index Numbers,Beginner,19,Quick Revision of Index Numbers,2,Quiz
Business Statistics,Index Numbers: Core Concepts,Intermediate,51,Essential Terminology of Index Numbers,2,Video
Business Statistics,Index Numbers: Practical Applications,Intermediate,41,Index Numbers: Core Concepts,3,Quiz
Business Statistics,Problem Solving using Index Numbers,Intermediate,51,Index Numbers: Practical Applications,4,Video
Business Statistics,Common Mistakes in Index Numbers,Intermediate,57,Problem Solving using Index Numbers,2,Quiz
Business Statistics,Hands-on Practice for Index Numbers,Intermediate,53,Common Mistakes in Index Numbers,2,Practice Problems
Business Statistics,Advanced Index Numbers Techniques,Advanced,117,Hands-on Practice for Index Numbers,5,Mini Project
Business Statistics,Index Numbers: Case Study & Project Work,Advanced,76,Advanced Index Numbers Techniques,4,Case Study
Business Statistics,Mini Project on Index Numbers,Advanced,85,Index Numbers: Case Study & Project Work,5,Practice Problems
Business Statistics,Real-world Applications of Index Numbers,Advanced,103,Mini Project on Index Numbers,5,Practice Problems
Business Statistics,Interview Questions on Index Numbers,Advanced,65,Real-world Applications of Index Numbers,4,Case Study
Business Statistics,Mastering Index Numbers,Advanced,117,Interview Questions on Index Numbers,5,Mini Project
Business Studies,Introduction to Business Environment,Beginner,25,None,1,PDF Notes
Business Studies,Fundamentals of Business Environment,Beginner,22,Introduction to Business Environment,1,Quiz
Business Studies,Quick Revision of Business Environment,Beginner,25,Fundamentals of Business Environment,1,Video
Business Studies,Essential Terminology of Business Environment,Beginner,17,Quick Revision of Business Environment,2,Video
Business Studies,Business Environment: Core Concepts,Intermediate,48,Essential Terminology of Business Environment,2,Practice Problems
Business Studies,Business Environment: Practical Applications,Intermediate,56,Business Environment: Core Concepts,3,Case Study
Business Studies,Problem Solving using Business Environment,Intermediate,48,Business Environment: Practical Applications,4,Video
Business Studies,Common Mistakes in Business Environment,Intermediate,44,Problem Solving using Business Environment,4,Quiz
Business Studies,Hands-on Practice for Business Environment,Intermediate,32,Common Mistakes in Business Environment,4,Quiz
Business Studies,Advanced Business Environment Techniques,Advanced,67,Hands-on Practice for Business Environment,5,Interactive Lab
Business Studies,Business Environment: Case Study & Project Work,Advanced,76,Advanced Business Environment Techniques,4,Interactive Lab
Business Studies,Mini Project on Business Environment,Advanced,92,Business Environment: Case Study & Project Work,5,Practice Problems
Business Studies,Real-world Applications of Business Environment,Advanced,78,Mini Project on Business Environment,4,Mini Project
Business Studies,Interview Questions on Business Environment,Advanced,62,Real-world Applications of Business Environment,4,Interactive Lab
Business Studies,Mastering Business Environment,Advanced,72,Interview Questions on Business Environment,4,Mini Project
Business Studies,Introduction to Forms of Business,Beginner,27,Mastering Business Environment,1,Quiz
Business Studies,Fundamentals of Forms of Business,Beginner,30,Introduction to Forms of Business,2,PDF Notes
Business Studies,Quick Revision of Forms of Business,Beginner,27,Fundamentals of Forms of Business,2,Quiz
Business Studies,Essential Terminology of Forms of Business,Beginner,17,Quick Revision of Forms of Business,2,PDF Notes
Business Studies,Forms of Business: Core Concepts,Intermediate,39,Essential Terminology of Forms of Business,3,Quiz
Business Studies,Forms of Business: Practical Applications,Intermediate,45,Forms of Business: Core Concepts,3,Quiz
Business Studies,Problem Solving using Forms of Business,Intermediate,53,Forms of Business: Practical Applications,4,Case Study
Business Studies,Common Mistakes in Forms of Business,Intermediate,59,Problem Solving using Forms of Business,2,Practice Problems
Business Studies,Hands-on Practice for Forms of Business,Intermediate,44,Common Mistakes in Forms of Business,4,Video
Business Studies,Advanced Forms of Business Techniques,Advanced,109,Hands-on Practice for Forms of Business,5,Mini Project
Business Studies,Forms of Business: Case Study & Project Work,Advanced,108,Advanced Forms of Business Techniques,5,Case Study
Business Studies,Mini Project on Forms of Business,Advanced,89,Forms of Business: Case Study & Project Work,4,Case Study
Business Studies,Real-world Applications of Forms of Business,Advanced,60,Mini Project on Forms of Business,5,Interactive Lab
Business Studies,Interview Questions on Forms of Business,Advanced,96,Real-world Applications of Forms of Business,4,Case Study
Business Studies,Mastering Forms of Business,Advanced,96,Interview Questions on Forms of Business,4,Practice Problems
Business Studies,Introduction to Marketing Basics,Beginner,22,Mastering Forms of Business,1,Video
Business Studies,Fundamentals of Marketing Basics,Beginner,29,Introduction to Marketing Basics,1,Quiz
Business Studies,Quick Revision of Marketing Basics,Beginner,16,Fundamentals of Marketing Basics,1,Quiz
Business Studies,Essential Terminology of Marketing Basics,Beginner,23,Quick Revision of Marketing Basics,2,PDF Notes
Business Studies,Marketing Basics: Core Concepts,Intermediate,43,Essential Terminology of Marketing Basics,3,Video
Business Studies,Marketing Basics: Practical Applications,Intermediate,35,Marketing Basics: Core Concepts,4,Video
Business Studies,Problem Solving using Marketing Basics,Intermediate,37,Marketing Basics: Practical Applications,4,Practice Problems
Business Studies,Common Mistakes in Marketing Basics,Intermediate,57,Problem Solving using Marketing Basics,2,Quiz
Business Studies,Hands-on Practice for Marketing Basics,Intermediate,31,Common Mistakes in Marketing Basics,2,Quiz
Business Studies,Advanced Marketing Basics Techniques,Advanced,78,Hands-on Practice for Marketing Basics,4,Mini Project
Business Studies,Marketing Basics: Case Study & Project Work,Advanced,75,Advanced Marketing Basics Techniques,5,Practice Problems
Business Studies,Mini Project on Marketing Basics,Advanced,76,Marketing Basics: Case Study & Project Work,4,Mini Project
Business Studies,Real-world Applications of Marketing Basics,Advanced,101,Mini Project on Marketing Basics,5,Practice Problems
Business Studies,Interview Questions on Marketing Basics,Advanced,97,Real-world Applications of Marketing Basics,5,Mini Project
Business Studies,Mastering Marketing Basics,Advanced,61,Interview Questions on Marketing Basics,5,Interactive Lab
Business Studies,Introduction to Business Finance,Beginner,22,Mastering Marketing Basics,1,Quiz
Business Studies,Fundamentals of Business Finance,Beginner,26,Introduction to Business Finance,2,Quiz
Business Studies,Quick Revision of Business Finance,Beginner,17,Fundamentals of Business Finance,2,Quiz
Business Studies,Essential Terminology of Business Finance,Beginner,28,Quick Revision of Business Finance,2,PDF Notes
Business Studies,Business Finance: Core Concepts,Intermediate,52,Essential Terminology of Business Finance,4,Practice Problems
Business Studies,Business Finance: Practical Applications,Intermediate,58,Business Finance: Core Concepts,4,Quiz
Business Studies,Problem Solving using Business Finance,Intermediate,36,Business Finance: Practical Applications,2,Quiz
Business Studies,Common Mistakes in Business Finance,Intermediate,38,Problem Solving using Business Finance,3,Quiz
Business Studies,Hands-on Practice for Business Finance,Intermediate,42,Common Mistakes in Business Finance,2,Video
Business Studies,Advanced Business Finance Techniques,Advanced,112,Hands-on Practice for Business Finance,4,Interactive Lab
Business Studies,Business Finance: Case Study & Project Work,Advanced,84,Advanced Business Finance Techniques,5,Case Study
Business Studies,Mini Project on Business Finance,Advanced,76,Business Finance: Case Study & Project Work,4,Case Study
Business Studies,Real-world Applications of Business Finance,Advanced,91,Mini Project on Business Finance,5,Mini Project
Business Studies,Interview Questions on Business Finance,Advanced,69,Real-world Applications of Business Finance,5,Practice Problems
Business Studies,Mastering Business Finance,Advanced,113,Interview Questions on Business Finance,5,Practice Problems
Chemistry,Introduction to Atomic Structure,Beginner,30,None,2,PDF Notes
Chemistry,Fundamentals of Atomic Structure,Beginner,16,Introduction to Atomic Structure,2,PDF Notes
Chemistry,Quick Revision of Atomic Structure,Beginner,18,Fundamentals of Atomic Structure,1,Quiz
Chemistry,Essential Terminology of Atomic Structure,Beginner,20,Quick Revision of Atomic Structure,2,Quiz
Chemistry,Atomic Structure: Core Concepts,Intermediate,33,Essential Terminology of Atomic Structure,2,Video
Chemistry,Atomic Structure: Practical Applications,Intermediate,52,Atomic Structure: Core Concepts,3,Case Study
Chemistry,Problem Solving using Atomic Structure,Intermediate,52,Atomic Structure: Practical Applications,4,Practice Problems
Chemistry,Common Mistakes in Atomic Structure,Intermediate,31,Problem Solving using Atomic Structure,3,Case Study
Chemistry,Hands-on Practice for Atomic Structure,Intermediate,31,Common Mistakes in Atomic Structure,4,Video
Chemistry,Advanced Atomic Structure Techniques,Advanced,100,Hands-on Practice for Atomic Structure,5,Interactive Lab
Chemistry,Atomic Structure: Case Study & Project Work,Advanced,74,Advanced Atomic Structure Techniques,4,Case Study
Chemistry,Mini Project on Atomic Structure,Advanced,108,Atomic Structure: Case Study & Project Work,5,Interactive Lab
Chemistry,Real-world Applications of Atomic Structure,Advanced,85,Mini Project on Atomic Structure,5,Practice Problems
Chemistry,Interview Questions on Atomic Structure,Advanced,81,Real-world Applications of Atomic Structure,5,Interactive Lab
Chemistry,Mastering Atomic Structure,Advanced,82,Interview Questions on Atomic Structure,5,Mini Project
Chemistry,Introduction to Chemical Bonding,Beginner,22,Mastering Atomic Structure,1,PDF Notes
Chemistry,Fundamentals of Chemical Bonding,Beginner,19,Introduction to Chemical Bonding,2,Video
Chemistry,Quick Revision of Chemical Bonding,Beginner,30,Fundamentals of Chemical Bonding,1,Quiz
Chemistry,Essential Terminology of Chemical Bonding,Beginner,23,Quick Revision of Chemical Bonding,1,Quiz
Chemistry,Chemical Bonding: Core Concepts,Intermediate,48,Essential Terminology of Chemical Bonding,2,Video
Chemistry,Chemical Bonding: Practical Applications,Intermediate,31,Chemical Bonding: Core Concepts,3,Video
Chemistry,Problem Solving using Chemical Bonding,Intermediate,48,Chemical Bonding: Practical Applications,2,Video
Chemistry,Common Mistakes in Chemical Bonding,Intermediate,46,Problem Solving using Chemical Bonding,3,Case Study
Chemistry,Hands-on Practice for Chemical Bonding,Intermediate,53,Common Mistakes in Chemical Bonding,4,Quiz
Chemistry,Advanced Chemical Bonding Techniques,Advanced,76,Hands-on Practice for Chemical Bonding,5,Case Study
Chemistry,Chemical Bonding: Case Study & Project Work,Advanced,85,Advanced Chemical Bonding Techniques,4,Interactive Lab
Chemistry,Mini Project on Chemical Bonding,Advanced,119,Chemical Bonding: Case Study & Project Work,4,Interactive Lab
Chemistry,Real-world Applications of Chemical Bonding,Advanced,115,Mini Project on Chemical Bonding,4,Mini Project
Chemistry,Interview Questions on Chemical Bonding,Advanced,106,Real-world Applications of Chemical Bonding,4,Interactive Lab
Chemistry,Mastering Chemical Bonding,Advanced,80,Interview Questions on Chemical Bonding,4,Interactive Lab
Chemistry,Introduction to Organic Chemistry,Beginner,19,Mastering Chemical Bonding,1,Quiz
Chemistry,Fundamentals of Organic Chemistry,Beginner,15,Introduction to Organic Chemistry,2,Quiz
Chemistry,Quick Revision of Organic Chemistry,Beginner,23,Fundamentals of Organic Chemistry,2,Video
Chemistry,Essential Terminology of Organic Chemistry,Beginner,19,Quick Revision of Organic Chemistry,2,Quiz
Chemistry,Organic Chemistry: Core Concepts,Intermediate,48,Essential Terminology of Organic Chemistry,2,Practice Problems
Chemistry,Organic Chemistry: Practical Applications,Intermediate,46,Organic Chemistry: Core Concepts,2,Practice Problems
Chemistry,Problem Solving using Organic Chemistry,Intermediate,45,Organic Chemistry: Practical Applications,4,Case Study
Chemistry,Common Mistakes in Organic Chemistry,Intermediate,38,Problem Solving using Organic Chemistry,4,Video
Chemistry,Hands-on Practice for Organic Chemistry,Intermediate,45,Common Mistakes in Organic Chemistry,3,Case Study
Chemistry,Advanced Organic Chemistry Techniques,Advanced,73,Hands-on Practice for Organic Chemistry,4,Practice Problems
Chemistry,Organic Chemistry: Case Study & Project Work,Advanced,100,Advanced Organic Chemistry Techniques,5,Case Study
Chemistry,Mini Project on Organic Chemistry,Advanced,100,Organic Chemistry: Case Study & Project Work,4,Mini Project
Chemistry,Real-world Applications of Organic Chemistry,Advanced,96,Mini Project on Organic Chemistry,4,Practice Problems
Chemistry,Interview Questions on Organic Chemistry,Advanced,90,Real-world Applications of Organic Chemistry,5,Practice Problems
Chemistry,Mastering Organic Chemistry,Advanced,68,Interview Questions on Organic Chemistry,4,Mini Project
Chemistry,Introduction to Periodic Table,Beginner,25,Mastering Organic Chemistry,2,PDF Notes
Chemistry,Fundamentals of Periodic Table,Beginner,15,Introduction to Periodic Table,2,Video
Chemistry,Quick Revision of Periodic Table,Beginner,21,Fundamentals of Periodic Table,1,Video
Chemistry,Essential Terminology of Periodic Table,Beginner,16,Quick Revision of Periodic Table,1,Quiz
Chemistry,Periodic Table: Core Concepts,Intermediate,33,Essential Terminology of Periodic Table,3,Video
Chemistry,Periodic Table: Practical Applications,Intermediate,57,Periodic Table: Core Concepts,3,Case Study
Chemistry,Problem Solving using Periodic Table,Intermediate,41,Periodic Table: Practical Applications,2,Case Study
Chemistry,Common Mistakes in Periodic Table,Intermediate,37,Problem Solving using Periodic Table,3,Practice Problems
Chemistry,Hands-on Practice for Periodic Table,Intermediate,30,Common Mistakes in Periodic Table,2,Case Study
Chemistry,Advanced Periodic Table Techniques,Advanced,102,Hands-on Practice for Periodic Table,4,Interactive Lab
Chemistry,Periodic Table: Case Study & Project Work,Advanced,116,Advanced Periodic Table Techniques,4,Mini Project
Chemistry,Mini Project on Periodic Table,Advanced,113,Periodic Table: Case Study & Project Work,5,Interactive Lab
Chemistry,Real-world Applications of Periodic Table,Advanced,103,Mini Project on Periodic Table,4,Interactive Lab
Chemistry,Interview Questions on Periodic Table,Advanced,69,Real-world Applications of Periodic Table,5,Interactive Lab
Chemistry,Mastering Periodic Table,Advanced,96,Interview Questions on Periodic Table,5,Practice Problems
Chemistry,Introduction to Chemical Reactions,Beginner,16,Mastering Periodic Table,2,Video
Chemistry,Fundamentals of Chemical Reactions,Beginner,18,Introduction to Chemical Reactions,2,PDF Notes
Chemistry,Quick Revision of Chemical Reactions,Beginner,17,Fundamentals of Chemical Reactions,1,Quiz
Chemistry,Essential Terminology of Chemical Reactions,Beginner,29,Quick Revision of Chemical Reactions,2,Video
Chemistry,Chemical Reactions: Core Concepts,Intermediate,41,Essential Terminology of Chemical Reactions,3,Case Study
Chemistry,Chemical Reactions: Practical Applications,Intermediate,53,Chemical Reactions: Core Concepts,2,Video
Chemistry,Problem Solving using Chemical Reactions,Intermediate,54,Chemical Reactions: Practical Applications,3,Case Study
Chemistry,Common Mistakes in Chemical Reactions,Intermediate,55,Problem Solving using Chemical Reactions,3,Quiz
Chemistry,Hands-on Practice for Chemical Reactions,Intermediate,49,Common Mistakes in Chemical Reactions,4,Case Study
Chemistry,Advanced Chemical Reactions Techniques,Advanced,75,Hands-on Practice for Chemical Reactions,4,Interactive Lab
Chemistry,Chemical Reactions: Case Study & Project Work,Advanced,99,Advanced Chemical Reactions Techniques,5,Mini Project
Chemistry,Mini Project on Chemical Reactions,Advanced,71,Chemical Reactions: Case Study & Project Work,4,Mini Project
Chemistry,Real-world Applications of Chemical Reactions,Advanced,112,Mini Project on Chemical Reactions,5,Case Study
Chemistry,Interview Questions on Chemical Reactions,Advanced,106,Real-world Applications of Chemical Reactions,5,Interactive Lab
Chemistry,Mastering Chemical Reactions,Advanced,93,Interview Questions on Chemical Reactions,4,Mini Project
Chemistry,Introduction to Electrochemistry,Beginner,21,Mastering Chemical Reactions,2,Video
Chemistry,Fundamentals of Electrochemistry,Beginner,23,Introduction to Electrochemistry,1,Quiz
Chemistry,Quick Revision of Electrochemistry,Beginner,24,Fundamentals of Electrochemistry,1,Video
Chemistry,Essential Terminology of Electrochemistry,Beginner,28,Quick Revision of Electrochemistry,2,Quiz
Chemistry,Electrochemistry: Core Concepts,Intermediate,50,Essential Terminology of Electrochemistry,2,Video
Chemistry,Electrochemistry: Practical Applications,Intermediate,33,Electrochemistry: Core Concepts,4,Video
Chemistry,Problem Solving using Electrochemistry,Intermediate,38,Electrochemistry: Practical Applications,4,Case Study
Chemistry,Common Mistakes in Electrochemistry,Intermediate,30,Problem Solving using Electrochemistry,4,Quiz
Chemistry,Hands-on Practice for Electrochemistry,Intermediate,53,Common Mistakes in Electrochemistry,2,Practice Problems
Chemistry,Advanced Electrochemistry Techniques,Advanced,118,Hands-on Practice for Electrochemistry,5,Practice Problems
Chemistry,Electrochemistry: Case Study & Project Work,Advanced,62,Advanced Electrochemistry Techniques,4,Interactive Lab
Chemistry,Mini Project on Electrochemistry,Advanced,88,Electrochemistry: Case Study & Project Work,5,Mini Project
Chemistry,Real-world Applications of Electrochemistry,Advanced,87,Mini Project on Electrochemistry,4,Case Study
Chemistry,Interview Questions on Electrochemistry,Advanced,119,Real-world Applications of Electrochemistry,4,Practice Problems
Chemistry,Mastering Electrochemistry,Advanced,85,Interview Questions on Electrochemistry,5,Mini Project
Circuit Theory,Introduction to Circuit Laws,Beginner,22,None,1,Quiz
Circuit Theory,Fundamentals of Circuit Laws,Beginner,19,Introduction to Circuit Laws,2,PDF Notes
Circuit Theory,Quick Revision of Circuit Laws,Beginner,25,Fundamentals of Circuit Laws,1,PDF Notes
Circuit Theory,Essential Terminology of Circuit Laws,Beginner,23,Quick Revision of Circuit Laws,1,Quiz
Circuit Theory,Circuit Laws: Core Concepts,Intermediate,55,Essential Terminology of Circuit Laws,4,Practice Problems
Circuit Theory,Circuit Laws: Practical Applications,Intermediate,54,Circuit Laws: Core Concepts,3,Quiz
Circuit Theory,Problem Solving using Circuit Laws,Intermediate,39,Circuit Laws: Practical Applications,4,Quiz
Circuit Theory,Common Mistakes in Circuit Laws,Intermediate,48,Problem Solving using Circuit Laws,4,Quiz
Circuit Theory,Hands-on Practice for Circuit Laws,Intermediate,50,Common Mistakes in Circuit Laws,4,Video
Circuit Theory,Advanced Circuit Laws Techniques,Advanced,87,Hands-on Practice for Circuit Laws,4,Case Study
Circuit Theory,Circuit Laws: Case Study & Project Work,Advanced,60,Advanced Circuit Laws Techniques,4,Case Study
Circuit Theory,Mini Project on Circuit Laws,Advanced,111,Circuit Laws: Case Study & Project Work,5,Practice Problems
Circuit Theory,Real-world Applications of Circuit Laws,Advanced,113,Mini Project on Circuit Laws,5,Interactive Lab
Circuit Theory,Interview Questions on Circuit Laws,Advanced,106,Real-world Applications of Circuit Laws,4,Interactive Lab
Circuit Theory,Mastering Circuit Laws,Advanced,105,Interview Questions on Circuit Laws,5,Mini Project
Circuit Theory,Introduction to AC Circuits,Beginner,15,Mastering Circuit Laws,2,Video
Circuit Theory,Fundamentals of AC Circuits,Beginner,18,Introduction to AC Circuits,2,Video
Circuit Theory,Quick Revision of AC Circuits,Beginner,25,Fundamentals of AC Circuits,2,PDF Notes
Circuit Theory,Essential Terminology of AC Circuits,Beginner,15,Quick Revision of AC Circuits,2,PDF Notes
Circuit Theory,AC Circuits: Core Concepts,Intermediate,56,Essential Terminology of AC Circuits,3,Video
Circuit Theory,AC Circuits: Practical Applications,Intermediate,58,AC Circuits: Core Concepts,3,Quiz
Circuit Theory,Problem Solving using AC Circuits,Intermediate,43,AC Circuits: Practical Applications,2,Practice Problems
Circuit Theory,Common Mistakes in AC Circuits,Intermediate,35,Problem Solving using AC Circuits,3,Practice Problems
Circuit Theory,Hands-on Practice for AC Circuits,Intermediate,59,Common Mistakes in AC Circuits,3,Practice Problems
Circuit Theory,Advanced AC Circuits Techniques,Advanced,69,Hands-on Practice for AC Circuits,5,Interactive Lab
Circuit Theory,AC Circuits: Case Study & Project Work,Advanced,90,Advanced AC Circuits Techniques,5,Case Study
Circuit Theory,Mini Project on AC Circuits,Advanced,89,AC Circuits: Case Study & Project Work,5,Interactive Lab
Circuit Theory,Real-world Applications of AC Circuits,Advanced,67,Mini Project on AC Circuits,5,Interactive Lab
Circuit Theory,Interview Questions on AC Circuits,Advanced,102,Real-world Applications of AC Circuits,5,Interactive Lab
Circuit Theory,Mastering AC Circuits,Advanced,76,Interview Questions on AC Circuits,5,Case Study
Circuit Theory,Introduction to DC Circuits,Beginner,27,Mastering AC Circuits,2,Quiz
Circuit Theory,Fundamentals of DC Circuits,Beginner,29,Introduction to DC Circuits,2,PDF Notes
Circuit Theory,Quick Revision of DC Circuits,Beginner,23,Fundamentals of DC Circuits,2,Quiz
Circuit Theory,Essential Terminology of DC Circuits,Beginner,26,Quick Revision of DC Circuits,2,Quiz
Circuit Theory,DC Circuits: Core Concepts,Intermediate,55,Essential Terminology of DC Circuits,3,Quiz
Circuit Theory,DC Circuits: Practical Applications,Intermediate,41,DC Circuits: Core Concepts,4,Quiz
Circuit Theory,Problem Solving using DC Circuits,Intermediate,54,DC Circuits: Practical Applications,3,Video
Circuit Theory,Common Mistakes in DC Circuits,Intermediate,52,Problem Solving using DC Circuits,4,Practice Problems
Circuit Theory,Hands-on Practice for DC Circuits,Intermediate,51,Common Mistakes in DC Circuits,3,Practice Problems
Circuit Theory,Advanced DC Circuits Techniques,Advanced,65,Hands-on Practice for DC Circuits,5,Practice Problems
Circuit Theory,DC Circuits: Case Study & Project Work,Advanced,110,Advanced DC Circuits Techniques,4,Case Study
Circuit Theory,Mini Project on DC Circuits,Advanced,120,DC Circuits: Case Study & Project Work,5,Interactive Lab
Circuit Theory,Real-world Applications of DC Circuits,Advanced,102,Mini Project on DC Circuits,4,Interactive Lab
Circuit Theory,Interview Questions on DC Circuits,Advanced,75,Real-world Applications of DC Circuits,5,Mini Project
Circuit Theory,Mastering DC Circuits,Advanced,114,Interview Questions on DC Circuits,5,Interactive Lab
Circuit Theory,Introduction to Network Theorems,Beginner,24,Mastering DC Circuits,2,PDF Notes
Circuit Theory,Fundamentals of Network Theorems,Beginner,30,Introduction to Network Theorems,2,Quiz
Circuit Theory,Quick Revision of Network Theorems,Beginner,28,Fundamentals of Network Theorems,1,Quiz
Circuit Theory,Essential Terminology of Network Theorems,Beginner,21,Quick Revision of Network Theorems,1,Quiz
Circuit Theory,Network Theorems: Core Concepts,Intermediate,49,Essential Terminology of Network Theorems,3,Practice Problems
Circuit Theory,Network Theorems: Practical Applications,Intermediate,58,Network Theorems: Core Concepts,3,Case Study
Circuit Theory,Problem Solving using Network Theorems,Intermediate,38,Network Theorems: Practical Applications,2,Practice Problems
Circuit Theory,Common Mistakes in Network Theorems,Intermediate,33,Problem Solving using Network Theorems,2,Case Study
Circuit Theory,Hands-on Practice for Network Theorems,Intermediate,57,Common Mistakes in Network Theorems,3,Video
Circuit Theory,Advanced Network Theorems Techniques,Advanced,102,Hands-on Practice for Network Theorems,4,Practice Problems
Circuit Theory,Network Theorems: Case Study & Project Work,Advanced,101,Advanced Network Theorems Techniques,5,Practice Problems
Circuit Theory,Mini Project on Network Theorems,Advanced,61,Network Theorems: Case Study & Project Work,4,Practice Problems
Circuit Theory,Real-world Applications of Network Theorems,Advanced,107,Mini Project on Network Theorems,4,Mini Project
Circuit Theory,Interview Questions on Network Theorems,Advanced,96,Real-world Applications of Network Theorems,4,Interactive Lab
Circuit Theory,Mastering Network Theorems,Advanced,88,Interview Questions on Network Theorems,4,Practice Problems
Circuit Theory,Introduction to Resonance,Beginner,27,Mastering Network Theorems,1,PDF Notes
Circuit Theory,Fundamentals of Resonance,Beginner,18,Introduction to Resonance,1,PDF Notes
Circuit Theory,Quick Revision of Resonance,Beginner,22,Fundamentals of Resonance,1,Quiz
Circuit Theory,Essential Terminology of Resonance,Beginner,16,Quick Revision of Resonance,1,Video
Circuit Theory,Resonance: Core Concepts,Intermediate,54,Essential Terminology of Resonance,2,Video
Circuit Theory,Resonance: Practical Applications,Intermediate,46,Resonance: Core Concepts,4,Case Study
Circuit Theory,Problem Solving using Resonance,Intermediate,49,Resonance: Practical Applications,2,Practice Problems
Circuit Theory,Common Mistakes in Resonance,Intermediate,32,Problem Solving using Resonance,4,Quiz
Circuit Theory,Hands-on Practice for Resonance,Intermediate,36,Common Mistakes in Resonance,4,Practice Problems
Circuit Theory,Advanced Resonance Techniques,Advanced,73,Hands-on Practice for Resonance,4,Mini Project
Circuit Theory,Resonance: Case Study & Project Work,Advanced,104,Advanced Resonance Techniques,5,Interactive Lab
Circuit Theory,Mini Project on Resonance,Advanced,79,Resonance: Case Study & Project Work,4,Case Study
Circuit Theory,Real-world Applications of Resonance,Advanced,77,Mini Project on Resonance,5,Interactive Lab
Circuit Theory,Interview Questions on Resonance,Advanced,109,Real-world Applications of Resonance,4,Mini Project
Circuit Theory,Mastering Resonance,Advanced,85,Interview Questions on Resonance,4,Practice Problems
Clinical Medicine,Introduction to Cardiology Basics,Beginner,18,None,1,PDF Notes
Clinical Medicine,Fundamentals of Cardiology Basics,Beginner,25,Introduction to Cardiology Basics,1,Video
Clinical Medicine,Quick Revision of Cardiology Basics,Beginner,23,Fundamentals of Cardiology Basics,1,PDF Notes
Clinical Medicine,Essential Terminology of Cardiology Basics,Beginner,15,Quick Revision of Cardiology Basics,1,PDF Notes
Clinical Medicine,Cardiology Basics: Core Concepts,Intermediate,31,Essential Terminology of Cardiology Basics,2,Quiz
Clinical Medicine,Cardiology Basics: Practical Applications,Intermediate,58,Cardiology Basics: Core Concepts,2,Case Study
Clinical Medicine,Problem Solving using Cardiology Basics,Intermediate,40,Cardiology Basics: Practical Applications,4,Quiz
Clinical Medicine,Common Mistakes in Cardiology Basics,Intermediate,32,Problem Solving using Cardiology Basics,3,Video
Clinical Medicine,Hands-on Practice for Cardiology Basics,Intermediate,48,Common Mistakes in Cardiology Basics,2,Case Study
Clinical Medicine,Advanced Cardiology Basics Techniques,Advanced,66,Hands-on Practice for Cardiology Basics,4,Case Study
Clinical Medicine,Cardiology Basics: Case Study & Project Work,Advanced,66,Advanced Cardiology Basics Techniques,5,Practice Problems
Clinical Medicine,Mini Project on Cardiology Basics,Advanced,64,Cardiology Basics: Case Study & Project Work,4,Mini Project
Clinical Medicine,Real-world Applications of Cardiology Basics,Advanced,63,Mini Project on Cardiology Basics,4,Mini Project
Clinical Medicine,Interview Questions on Cardiology Basics,Advanced,79,Real-world Applications of Cardiology Basics,4,Mini Project
Clinical Medicine,Mastering Cardiology Basics,Advanced,111,Interview Questions on Cardiology Basics,4,Interactive Lab
Clinical Medicine,Introduction to Respiratory Medicine,Beginner,22,Mastering Cardiology Basics,1,Quiz
Clinical Medicine,Fundamentals of Respiratory Medicine,Beginner,30,Introduction to Respiratory Medicine,1,PDF Notes
Clinical Medicine,Quick Revision of Respiratory Medicine,Beginner,26,Fundamentals of Respiratory Medicine,2,Video
Clinical Medicine,Essential Terminology of Respiratory Medicine,Beginner,25,Quick Revision of Respiratory Medicine,2,PDF Notes
Clinical Medicine,Respiratory Medicine: Core Concepts,Intermediate,44,Essential Terminology of Respiratory Medicine,4,Quiz
Clinical Medicine,Respiratory Medicine: Practical Applications,Intermediate,30,Respiratory Medicine: Core Concepts,4,Video
Clinical Medicine,Problem Solving using Respiratory Medicine,Intermediate,53,Respiratory Medicine: Practical Applications,4,Case Study
Clinical Medicine,Common Mistakes in Respiratory Medicine,Intermediate,60,Problem Solving using Respiratory Medicine,2,Case Study
Clinical Medicine,Hands-on Practice for Respiratory Medicine,Intermediate,31,Common Mistakes in Respiratory Medicine,2,Case Study
Clinical Medicine,Advanced Respiratory Medicine Techniques,Advanced,83,Hands-on Practice for Respiratory Medicine,5,Practice Problems
Clinical Medicine,Respiratory Medicine: Case Study & Project Work,Advanced,62,Advanced Respiratory Medicine Techniques,5,Interactive Lab
Clinical Medicine,Mini Project on Respiratory Medicine,Advanced,108,Respiratory Medicine: Case Study & Project Work,4,Interactive Lab
Clinical Medicine,Real-world Applications of Respiratory Medicine,Advanced,115,Mini Project on Respiratory Medicine,5,Case Study
Clinical Medicine,Interview Questions on Respiratory Medicine,Advanced,104,Real-world Applications of Respiratory Medicine,4,Case Study
Clinical Medicine,Mastering Respiratory Medicine,Advanced,112,Interview Questions on Respiratory Medicine,5,Interactive Lab
Clinical Medicine,Introduction to Gastroenterology,Beginner,23,Mastering Respiratory Medicine,1,Video
Clinical Medicine,Fundamentals of Gastroenterology,Beginner,26,Introduction to Gastroenterology,2,PDF Notes
Clinical Medicine,Quick Revision of Gastroenterology,Beginner,19,Fundamentals of Gastroenterology,1,PDF Notes
Clinical Medicine,Essential Terminology of Gastroenterology,Beginner,22,Quick Revision of Gastroenterology,1,Quiz
Clinical Medicine,Gastroenterology: Core Concepts,Intermediate,35,Essential Terminology of Gastroenterology,2,Quiz
Clinical Medicine,Gastroenterology: Practical Applications,Intermediate,49,Gastroenterology: Core Concepts,4,Case Study
Clinical Medicine,Problem Solving using Gastroenterology,Intermediate,48,Gastroenterology: Practical Applications,3,Video
Clinical Medicine,Common Mistakes in Gastroenterology,Intermediate,33,Problem Solving using Gastroenterology,3,Video
Clinical Medicine,Hands-on Practice for Gastroenterology,Intermediate,60,Common Mistakes in Gastroenterology,4,Quiz
Clinical Medicine,Advanced Gastroenterology Techniques,Advanced,64,Hands-on Practice for Gastroenterology,4,Case Study
Clinical Medicine,Gastroenterology: Case Study & Project Work,Advanced,117,Advanced Gastroenterology Techniques,5,Mini Project
Clinical Medicine,Mini Project on Gastroenterology,Advanced,96,Gastroenterology: Case Study & Project Work,4,Practice Problems
Clinical Medicine,Real-world Applications of Gastroenterology,Advanced,86,Mini Project on Gastroenterology,4,Mini Project
Clinical Medicine,Interview Questions on Gastroenterology,Advanced,116,Real-world Applications of Gastroenterology,5,Practice Problems
Clinical Medicine,Mastering Gastroenterology,Advanced,118,Interview Questions on Gastroenterology,4,Mini Project
Clinical Medicine,Introduction to Endocrinology,Beginner,18,Mastering Gastroenterology,1,PDF Notes
Clinical Medicine,Fundamentals of Endocrinology,Beginner,19,Introduction to Endocrinology,2,Video
Clinical Medicine,Quick Revision of Endocrinology,Beginner,22,Fundamentals of Endocrinology,1,Quiz
Clinical Medicine,Essential Terminology of Endocrinology,Beginner,21,Quick Revision of Endocrinology,1,PDF Notes
Clinical Medicine,Endocrinology: Core Concepts,Intermediate,39,Essential Terminology of Endocrinology,4,Practice Problems
Clinical Medicine,Endocrinology: Practical Applications,Intermediate,60,Endocrinology: Core Concepts,3,Quiz
Clinical Medicine,Problem Solving using Endocrinology,Intermediate,46,Endocrinology: Practical Applications,4,Case Study
Clinical Medicine,Common Mistakes in Endocrinology,Intermediate,39,Problem Solving using Endocrinology,3,Quiz
Clinical Medicine,Hands-on Practice for Endocrinology,Intermediate,46,Common Mistakes in Endocrinology,4,Quiz
Clinical Medicine,Advanced Endocrinology Techniques,Advanced,118,Hands-on Practice for Endocrinology,4,Interactive Lab
Clinical Medicine,Endocrinology: Case Study & Project Work,Advanced,97,Advanced Endocrinology Techniques,4,Interactive Lab
Clinical Medicine,Mini Project on Endocrinology,Advanced,84,Endocrinology: Case Study & Project Work,4,Practice Problems
Clinical Medicine,Real-world Applications of Endocrinology,Advanced,76,Mini Project on Endocrinology,4,Case Study
Clinical Medicine,Interview Questions on Endocrinology,Advanced,83,Real-world Applications of Endocrinology,5,Practice Problems
Clinical Medicine,Mastering Endocrinology,Advanced,74,Interview Questions on Endocrinology,5,Case Study
Cloud Computing,Introduction to Cloud Service Models,Beginner,25,None,2,Video
Cloud Computing,Fundamentals of Cloud Service Models,Beginner,29,Introduction to Cloud Service Models,1,PDF Notes
Cloud Computing,Quick Revision of Cloud Service Models,Beginner,21,Fundamentals of Cloud Service Models,1,PDF Notes
Cloud Computing,Essential Terminology of Cloud Service Models,Beginner,23,Quick Revision of Cloud Service Models,1,PDF Notes
Cloud Computing,Cloud Service Models: Core Concepts,Intermediate,56,Essential Terminology of Cloud Service Models,2,Quiz
Cloud Computing,Cloud Service Models: Practical Applications,Intermediate,38,Cloud Service Models: Core Concepts,2,Practice Problems
Cloud Computing,Problem Solving using Cloud Service Models,Intermediate,35,Cloud Service Models: Practical Applications,2,Video
Cloud Computing,Common Mistakes in Cloud Service Models,Intermediate,46,Problem Solving using Cloud Service Models,4,Quiz
Cloud Computing,Hands-on Practice for Cloud Service Models,Intermediate,41,Common Mistakes in Cloud Service Models,4,Quiz
Cloud Computing,Advanced Cloud Service Models Techniques,Advanced,114,Hands-on Practice for Cloud Service Models,5,Interactive Lab
Cloud Computing,Cloud Service Models: Case Study & Project Work,Advanced,76,Advanced Cloud Service Models Techniques,4,Mini Project
Cloud Computing,Mini Project on Cloud Service Models,Advanced,74,Cloud Service Models: Case Study & Project Work,5,Practice Problems
Cloud Computing,Real-world Applications of Cloud Service Models,Advanced,91,Mini Project on Cloud Service Models,5,Practice Problems
Cloud Computing,Interview Questions on Cloud Service Models,Advanced,77,Real-world Applications of Cloud Service Models,4,Case Study
Cloud Computing,Mastering Cloud Service Models,Advanced,102,Interview Questions on Cloud Service Models,5,Case Study
Cloud Computing,Introduction to Virtualization,Beginner,22,Mastering Cloud Service Models,2,PDF Notes
Cloud Computing,Fundamentals of Virtualization,Beginner,15,Introduction to Virtualization,2,PDF Notes
Cloud Computing,Quick Revision of Virtualization,Beginner,27,Fundamentals of Virtualization,1,Quiz
Cloud Computing,Essential Terminology of Virtualization,Beginner,27,Quick Revision of Virtualization,1,PDF Notes
Cloud Computing,Virtualization: Core Concepts,Intermediate,54,Essential Terminology of Virtualization,2,Quiz
Cloud Computing,Virtualization: Practical Applications,Intermediate,37,Virtualization: Core Concepts,4,Quiz
Cloud Computing,Problem Solving using Virtualization,Intermediate,30,Virtualization: Practical Applications,2,Video
Cloud Computing,Common Mistakes in Virtualization,Intermediate,45,Problem Solving using Virtualization,3,Case Study
Cloud Computing,Hands-on Practice for Virtualization,Intermediate,42,Common Mistakes in Virtualization,3,Video
Cloud Computing,Advanced Virtualization Techniques,Advanced,78,Hands-on Practice for Virtualization,5,Practice Problems
Cloud Computing,Virtualization: Case Study & Project Work,Advanced,118,Advanced Virtualization Techniques,4,Mini Project
Cloud Computing,Mini Project on Virtualization,Advanced,84,Virtualization: Case Study & Project Work,5,Case Study
Cloud Computing,Real-world Applications of Virtualization,Advanced,63,Mini Project on Virtualization,5,Case Study
Cloud Computing,Interview Questions on Virtualization,Advanced,61,Real-world Applications of Virtualization,5,Mini Project
Cloud Computing,Mastering Virtualization,Advanced,110,Interview Questions on Virtualization,4,Interactive Lab
Cloud Computing,Introduction to Container Orchestration,Beginner,22,Mastering Virtualization,1,PDF Notes
Cloud Computing,Fundamentals of Container Orchestration,Beginner,22,Introduction to Container Orchestration,1,Quiz
Cloud Computing,Quick Revision of Container Orchestration,Beginner,16,Fundamentals of Container Orchestration,2,Quiz
Cloud Computing,Essential Terminology of Container Orchestration,Beginner,17,Quick Revision of Container Orchestration,1,PDF Notes
Cloud Computing,Container Orchestration: Core Concepts,Intermediate,49,Essential Terminology of Container Orchestration,2,Quiz
Cloud Computing,Container Orchestration: Practical Applications,Intermediate,41,Container Orchestration: Core Concepts,3,Quiz
Cloud Computing,Problem Solving using Container Orchestration,Intermediate,40,Container Orchestration: Practical Applications,2,Video
Cloud Computing,Common Mistakes in Container Orchestration,Intermediate,41,Problem Solving using Container Orchestration,2,Practice Problems
Cloud Computing,Hands-on Practice for Container Orchestration,Intermediate,30,Common Mistakes in Container Orchestration,2,Quiz
Cloud Computing,Advanced Container Orchestration Techniques,Advanced,87,Hands-on Practice for Container Orchestration,5,Interactive Lab
Cloud Computing,Container Orchestration: Case Study & Project Work,Advanced,113,Advanced Container Orchestration Techniques,5,Case Study
Cloud Computing,Mini Project on Container Orchestration,Advanced,92,Container Orchestration: Case Study & Project Work,5,Mini Project
Cloud Computing,Real-world Applications of Container Orchestration,Advanced,107,Mini Project on Container Orchestration,4,Case Study
Cloud Computing,Interview Questions on Container Orchestration,Advanced,81,Real-world Applications of Container Orchestration,4,Case Study
Cloud Computing,Mastering Container Orchestration,Advanced,61,Interview Questions on Container Orchestration,5,Case Study
Cloud Computing,Introduction to Cloud Security,Beginner,21,Mastering Container Orchestration,2,Video
Cloud Computing,Fundamentals of Cloud Security,Beginner,27,Introduction to Cloud Security,2,PDF Notes
Cloud Computing,Quick Revision of Cloud Security,Beginner,21,Fundamentals of Cloud Security,1,Quiz
Cloud Computing,Essential Terminology of Cloud Security,Beginner,28,Quick Revision of Cloud Security,1,Quiz
Cloud Computing,Cloud Security: Core Concepts,Intermediate,51,Essential Terminology of Cloud Security,2,Case Study
Cloud Computing,Cloud Security: Practical Applications,Intermediate,49,Cloud Security: Core Concepts,2,Case Study
Cloud Computing,Problem Solving using Cloud Security,Intermediate,47,Cloud Security: Practical Applications,4,Practice Problems
Cloud Computing,Common Mistakes in Cloud Security,Intermediate,38,Problem Solving using Cloud Security,2,Case Study
Cloud Computing,Hands-on Practice for Cloud Security,Intermediate,55,Common Mistakes in Cloud Security,3,Quiz
Cloud Computing,Advanced Cloud Security Techniques,Advanced,69,Hands-on Practice for Cloud Security,4,Mini Project
Cloud Computing,Cloud Security: Case Study & Project Work,Advanced,65,Advanced Cloud Security Techniques,5,Interactive Lab
Cloud Computing,Mini Project on Cloud Security,Advanced,87,Cloud Security: Case Study & Project Work,5,Interactive Lab
Cloud Computing,Real-world Applications of Cloud Security,Advanced,64,Mini Project on Cloud Security,5,Mini Project
Cloud Computing,Interview Questions on Cloud Security,Advanced,79,Real-world Applications of Cloud Security,4,Interactive Lab
Cloud Computing,Mastering Cloud Security,Advanced,86,Interview Questions on Cloud Security,4,Practice Problems
Communication Systems,Introduction to Modulation Techniques,Beginner,21,None,1,Quiz
Communication Systems,Fundamentals of Modulation Techniques,Beginner,24,Introduction to Modulation Techniques,2,Video
Communication Systems,Quick Revision of Modulation Techniques,Beginner,17,Fundamentals of Modulation Techniques,2,PDF Notes
Communication Systems,Essential Terminology of Modulation Techniques,Beginner,26,Quick Revision of Modulation Techniques,2,PDF Notes
Communication Systems,Modulation Techniques: Core Concepts,Intermediate,35,Essential Terminology of Modulation Techniques,3,Practice Problems
Communication Systems,Modulation Techniques: Practical Applications,Intermediate,40,Modulation Techniques: Core Concepts,4,Video
Communication Systems,Problem Solving using Modulation Techniques,Intermediate,56,Modulation Techniques: Practical Applications,2,Video
Communication Systems,Common Mistakes in Modulation Techniques,Intermediate,35,Problem Solving using Modulation Techniques,4,Quiz
Communication Systems,Hands-on Practice for Modulation Techniques,Intermediate,51,Common Mistakes in Modulation Techniques,4,Case Study
Communication Systems,Advanced Modulation Techniques Techniques,Advanced,94,Hands-on Practice for Modulation Techniques,4,Mini Project
Communication Systems,Modulation Techniques: Case Study & Project Work,Advanced,89,Advanced Modulation Techniques Techniques,4,Mini Project
Communication Systems,Mini Project on Modulation Techniques,Advanced,81,Modulation Techniques: Case Study & Project Work,4,Mini Project
Communication Systems,Real-world Applications of Modulation Techniques,Advanced,74,Mini Project on Modulation Techniques,4,Mini Project
Communication Systems,Interview Questions on Modulation Techniques,Advanced,68,Real-world Applications of Modulation Techniques,4,Practice Problems
Communication Systems,Mastering Modulation Techniques,Advanced,107,Interview Questions on Modulation Techniques,5,Interactive Lab
Communication Systems,Introduction to Analog Communication,Beginner,25,Mastering Modulation Techniques,2,Quiz
Communication Systems,Fundamentals of Analog Communication,Beginner,26,Introduction to Analog Communication,2,Video
Communication Systems,Quick Revision of Analog Communication,Beginner,18,Fundamentals of Analog Communication,1,Quiz
Communication Systems,Essential Terminology of Analog Communication,Beginner,24,Quick Revision of Analog Communication,1,PDF Notes
Communication Systems,Analog Communication: Core Concepts,Intermediate,50,Essential Terminology of Analog Communication,4,Video
Communication Systems,Analog Communication: Practical Applications,Intermediate,51,Analog Communication: Core Concepts,4,Case Study
Communication Systems,Problem Solving using Analog Communication,Intermediate,50,Analog Communication: Practical Applications,4,Case Study
Communication Systems,Common Mistakes in Analog Communication,Intermediate,51,Problem Solving using Analog Communication,3,Practice Problems
Communication Systems,Hands-on Practice for Analog Communication,Intermediate,54,Common Mistakes in Analog Communication,2,Case Study
Communication Systems,Advanced Analog Communication Techniques,Advanced,60,Hands-on Practice for Analog Communication,4,Interactive Lab
Communication Systems,Analog Communication: Case Study & Project Work,Advanced,63,Advanced Analog Communication Techniques,4,Interactive Lab
Communication Systems,Mini Project on Analog Communication,Advanced,68,Analog Communication: Case Study & Project Work,5,Case Study
Communication Systems,Real-world Applications of Analog Communication,Advanced,60,Mini Project on Analog Communication,5,Practice Problems
Communication Systems,Interview Questions on Analog Communication,Advanced,68,Real-world Applications of Analog Communication,4,Mini Project
Communication Systems,Mastering Analog Communication,Advanced,101,Interview Questions on Analog Communication,5,Practice Problems
Communication Systems,Introduction to Digital Communication,Beginner,20,Mastering Analog Communication,2,PDF Notes
Communication Systems,Fundamentals of Digital Communication,Beginner,15,Introduction to Digital Communication,2,PDF Notes
Communication Systems,Quick Revision of Digital Communication,Beginner,25,Fundamentals of Digital Communication,2,PDF Notes
Communication Systems,Essential Terminology of Digital Communication,Beginner,17,Quick Revision of Digital Communication,2,Quiz
Communication Systems,Digital Communication: Core Concepts,Intermediate,50,Essential Terminology of Digital Communication,4,Quiz
Communication Systems,Digital Communication: Practical Applications,Intermediate,57,Digital Communication: Core Concepts,4,Video
Communication Systems,Problem Solving using Digital Communication,Intermediate,33,Digital Communication: Practical Applications,2,Video
Communication Systems,Common Mistakes in Digital Communication,Intermediate,38,Problem Solving using Digital Communication,4,Practice Problems
Communication Systems,Hands-on Practice for Digital Communication,Intermediate,48,Common Mistakes in Digital Communication,2,Video
Communication Systems,Advanced Digital Communication Techniques,Advanced,116,Hands-on Practice for Digital Communication,4,Mini Project
Communication Systems,Digital Communication: Case Study & Project Work,Advanced,109,Advanced Digital Communication Techniques,5,Interactive Lab
Communication Systems,Mini Project on Digital Communication,Advanced,99,Digital Communication: Case Study & Project Work,4,Interactive Lab
Communication Systems,Real-world Applications of Digital Communication,Advanced,112,Mini Project on Digital Communication,4,Case Study
Communication Systems,Interview Questions on Digital Communication,Advanced,91,Real-world Applications of Digital Communication,5,Case Study
Communication Systems,Mastering Digital Communication,Advanced,92,Interview Questions on Digital Communication,4,Mini Project
Communication Systems,Introduction to Antennas,Beginner,19,Mastering Digital Communication,1,PDF Notes
Communication Systems,Fundamentals of Antennas,Beginner,22,Introduction to Antennas,1,Video
Communication Systems,Quick Revision of Antennas,Beginner,16,Fundamentals of Antennas,1,PDF Notes
Communication Systems,Essential Terminology of Antennas,Beginner,24,Quick Revision of Antennas,1,Quiz
Communication Systems,Antennas: Core Concepts,Intermediate,45,Essential Terminology of Antennas,3,Practice Problems
Communication Systems,Antennas: Practical Applications,Intermediate,45,Antennas: Core Concepts,4,Practice Problems
Communication Systems,Problem Solving using Antennas,Intermediate,47,Antennas: Practical Applications,3,Video
Communication Systems,Common Mistakes in Antennas,Intermediate,48,Problem Solving using Antennas,4,Video
Communication Systems,Hands-on Practice for Antennas,Intermediate,42,Common Mistakes in Antennas,3,Video
Communication Systems,Advanced Antennas Techniques,Advanced,69,Hands-on Practice for Antennas,5,Interactive Lab
Communication Systems,Antennas: Case Study & Project Work,Advanced,114,Advanced Antennas Techniques,5,Case Study
Communication Systems,Mini Project on Antennas,Advanced,105,Antennas: Case Study & Project Work,5,Case Study
Communication Systems,Real-world Applications of Antennas,Advanced,105,Mini Project on Antennas,5,Interactive Lab
Communication Systems,Interview Questions on Antennas,Advanced,68,Real-world Applications of Antennas,4,Mini Project
Communication Systems,Mastering Antennas,Advanced,102,Interview Questions on Antennas,4,Case Study
Computer Basics,Introduction to Computer Hardware,Beginner,15,None,2,Video
Computer Basics,Fundamentals of Computer Hardware,Beginner,20,Introduction to Computer Hardware,1,Video
Computer Basics,Quick Revision of Computer Hardware,Beginner,16,Fundamentals of Computer Hardware,2,Quiz
Computer Basics,Essential Terminology of Computer Hardware,Beginner,19,Quick Revision of Computer Hardware,2,Video
Computer Basics,Computer Hardware: Core Concepts,Intermediate,55,Essential Terminology of Computer Hardware,4,Video
Computer Basics,Computer Hardware: Practical Applications,Intermediate,57,Computer Hardware: Core Concepts,3,Practice Problems
Computer Basics,Problem Solving using Computer Hardware,Intermediate,37,Computer Hardware: Practical Applications,3,Case Study
Computer Basics,Common Mistakes in Computer Hardware,Intermediate,40,Problem Solving using Computer Hardware,2,Video
Computer Basics,Hands-on Practice for Computer Hardware,Intermediate,57,Common Mistakes in Computer Hardware,3,Practice Problems
Computer Basics,Advanced Computer Hardware Techniques,Advanced,81,Hands-on Practice for Computer Hardware,5,Case Study
Computer Basics,Computer Hardware: Case Study & Project Work,Advanced,117,Advanced Computer Hardware Techniques,4,Interactive Lab
Computer Basics,Mini Project on Computer Hardware,Advanced,63,Computer Hardware: Case Study & Project Work,5,Practice Problems
Computer Basics,Real-world Applications of Computer Hardware,Advanced,66,Mini Project on Computer Hardware,4,Case Study
Computer Basics,Interview Questions on Computer Hardware,Advanced,113,Real-world Applications of Computer Hardware,5,Practice Problems
Computer Basics,Mastering Computer Hardware,Advanced,87,Interview Questions on Computer Hardware,4,Interactive Lab
Computer Basics,Introduction to Operating System Basics,Beginner,21,Mastering Computer Hardware,1,PDF Notes
Computer Basics,Fundamentals of Operating System Basics,Beginner,20,Introduction to Operating System Basics,2,Video
Computer Basics,Quick Revision of Operating System Basics,Beginner,15,Fundamentals of Operating System Basics,2,PDF Notes
Computer Basics,Essential Terminology of Operating System Basics,Beginner,19,Quick Revision of Operating System Basics,2,Video
Computer Basics,Operating System Basics: Core Concepts,Intermediate,34,Essential Terminology of Operating System Basics,2,Practice Problems
Computer Basics,Operating System Basics: Practical Applications,Intermediate,57,Operating System Basics: Core Concepts,2,Practice Problems
Computer Basics,Problem Solving using Operating System Basics,Intermediate,36,Operating System Basics: Practical Applications,4,Quiz
Computer Basics,Common Mistakes in Operating System Basics,Intermediate,44,Problem Solving using Operating System Basics,4,Video
Computer Basics,Hands-on Practice for Operating System Basics,Intermediate,33,Common Mistakes in Operating System Basics,2,Quiz
Computer Basics,Advanced Operating System Basics Techniques,Advanced,63,Hands-on Practice for Operating System Basics,5,Practice Problems
Computer Basics,Operating System Basics: Case Study & Project Work,Advanced,86,Advanced Operating System Basics Techniques,5,Mini Project
Computer Basics,Mini Project on Operating System Basics,Advanced,82,Operating System Basics: Case Study & Project Work,4,Interactive Lab
Computer Basics,Real-world Applications of Operating System Basics,Advanced,120,Mini Project on Operating System Basics,4,Mini Project
Computer Basics,Interview Questions on Operating System Basics,Advanced,111,Real-world Applications of Operating System Basics,5,Interactive Lab
Computer Basics,Mastering Operating System Basics,Advanced,104,Interview Questions on Operating System Basics,4,Mini Project
Computer Basics,Introduction to Internet Basics,Beginner,30,Mastering Operating System Basics,1,Video
Computer Basics,Fundamentals of Internet Basics,Beginner,18,Introduction to Internet Basics,2,PDF Notes
Computer Basics,Quick Revision of Internet Basics,Beginner,15,Fundamentals of Internet Basics,2,PDF Notes
Computer Basics,Essential Terminology of Internet Basics,Beginner,21,Quick Revision of Internet Basics,2,Video
Computer Basics,Internet Basics: Core Concepts,Intermediate,46,Essential Terminology of Internet Basics,2,Quiz
Computer Basics,Internet Basics: Practical Applications,Intermediate,38,Internet Basics: Core Concepts,3,Video
Computer Basics,Problem Solving using Internet Basics,Intermediate,42,Internet Basics: Practical Applications,4,Video
Computer Basics,Common Mistakes in Internet Basics,Intermediate,51,Problem Solving using Internet Basics,2,Practice Problems
Computer Basics,Hands-on Practice for Internet Basics,Intermediate,34,Common Mistakes in Internet Basics,3,Video
Computer Basics,Advanced Internet Basics Techniques,Advanced,76,Hands-on Practice for Internet Basics,5,Case Study
Computer Basics,Internet Basics: Case Study & Project Work,Advanced,75,Advanced Internet Basics Techniques,4,Mini Project
Computer Basics,Mini Project on Internet Basics,Advanced,116,Internet Basics: Case Study & Project Work,4,Mini Project
Computer Basics,Real-world Applications of Internet Basics,Advanced,68,Mini Project on Internet Basics,4,Case Study
Computer Basics,Interview Questions on Internet Basics,Advanced,96,Real-world Applications of Internet Basics,4,Interactive Lab
Computer Basics,Mastering Internet Basics,Advanced,91,Interview Questions on Internet Basics,5,Practice Problems
Computer Basics,Introduction to Office Applications,Beginner,29,Mastering Internet Basics,2,Quiz
Computer Basics,Fundamentals of Office Applications,Beginner,27,Introduction to Office Applications,1,Quiz
Computer Basics,Quick Revision of Office Applications,Beginner,22,Fundamentals of Office Applications,1,PDF Notes
Computer Basics,Essential Terminology of Office Applications,Beginner,19,Quick Revision of Office Applications,2,PDF Notes
Computer Basics,Office Applications: Core Concepts,Intermediate,59,Essential Terminology of Office Applications,3,Practice Problems
Computer Basics,Office Applications: Practical Applications,Intermediate,30,Office Applications: Core Concepts,3,Quiz
Computer Basics,Problem Solving using Office Applications,Intermediate,59,Office Applications: Practical Applications,4,Case Study
Computer Basics,Common Mistakes in Office Applications,Intermediate,39,Problem Solving using Office Applications,4,Practice Problems
Computer Basics,Hands-on Practice for Office Applications,Intermediate,55,Common Mistakes in Office Applications,3,Video
Computer Basics,Advanced Office Applications Techniques,Advanced,119,Hands-on Practice for Office Applications,4,Practice Problems
Computer Basics,Office Applications: Case Study & Project Work,Advanced,93,Advanced Office Applications Techniques,4,Mini Project
Computer Basics,Mini Project on Office Applications,Advanced,87,Office Applications: Case Study & Project Work,4,Mini Project
Computer Basics,Real-world Applications of Office Applications,Advanced,98,Mini Project on Office Applications,4,Case Study
Computer Basics,Interview Questions on Office Applications,Advanced,113,Real-world Applications of Office Applications,4,Case Study
Computer Basics,Mastering Office Applications,Advanced,113,Interview Questions on Office Applications,4,Mini Project
Computer Networks,Introduction to Network Topologies,Beginner,26,None,2,Quiz
Computer Networks,Fundamentals of Network Topologies,Beginner,27,Introduction to Network Topologies,1,Quiz
Computer Networks,Quick Revision of Network Topologies,Beginner,15,Fundamentals of Network Topologies,2,Video
Computer Networks,Essential Terminology of Network Topologies,Beginner,17,Quick Revision of Network Topologies,1,PDF Notes
Computer Networks,Network Topologies: Core Concepts,Intermediate,37,Essential Terminology of Network Topologies,4,Practice Problems
Computer Networks,Network Topologies: Practical Applications,Intermediate,30,Network Topologies: Core Concepts,2,Practice Problems
Computer Networks,Problem Solving using Network Topologies,Intermediate,31,Network Topologies: Practical Applications,4,Quiz
Computer Networks,Common Mistakes in Network Topologies,Intermediate,51,Problem Solving using Network Topologies,2,Practice Problems
Computer Networks,Hands-on Practice for Network Topologies,Intermediate,58,Common Mistakes in Network Topologies,4,Quiz
Computer Networks,Advanced Network Topologies Techniques,Advanced,107,Hands-on Practice for Network Topologies,4,Interactive Lab
Computer Networks,Network Topologies: Case Study & Project Work,Advanced,120,Advanced Network Topologies Techniques,4,Case Study
Computer Networks,Mini Project on Network Topologies,Advanced,83,Network Topologies: Case Study & Project Work,5,Interactive Lab
Computer Networks,Real-world Applications of Network Topologies,Advanced,66,Mini Project on Network Topologies,4,Interactive Lab
Computer Networks,Interview Questions on Network Topologies,Advanced,85,Real-world Applications of Network Topologies,4,Case Study
Computer Networks,Mastering Network Topologies,Advanced,66,Interview Questions on Network Topologies,5,Interactive Lab
Computer Networks,Introduction to OSI Model,Beginner,21,Mastering Network Topologies,1,Video
Computer Networks,Fundamentals of OSI Model,Beginner,15,Introduction to OSI Model,2,Video
Computer Networks,Quick Revision of OSI Model,Beginner,25,Fundamentals of OSI Model,1,Quiz
Computer Networks,Essential Terminology of OSI Model,Beginner,27,Quick Revision of OSI Model,1,Quiz
Computer Networks,OSI Model: Core Concepts,Intermediate,58,Essential Terminology of OSI Model,2,Video
Computer Networks,OSI Model: Practical Applications,Intermediate,55,OSI Model: Core Concepts,2,Practice Problems
Computer Networks,Problem Solving using OSI Model,Intermediate,57,OSI Model: Practical Applications,2,Case Study
Computer Networks,Common Mistakes in OSI Model,Intermediate,53,Problem Solving using OSI Model,2,Quiz
Computer Networks,Hands-on Practice for OSI Model,Intermediate,54,Common Mistakes in OSI Model,3,Case Study
Computer Networks,Advanced OSI Model Techniques,Advanced,100,Hands-on Practice for OSI Model,4,Practice Problems
Computer Networks,OSI Model: Case Study & Project Work,Advanced,110,Advanced OSI Model Techniques,5,Interactive Lab
Computer Networks,Mini Project on OSI Model,Advanced,66,OSI Model: Case Study & Project Work,5,Interactive Lab
Computer Networks,Real-world Applications of OSI Model,Advanced,78,Mini Project on OSI Model,4,Mini Project
Computer Networks,Interview Questions on OSI Model,Advanced,100,Real-world Applications of OSI Model,4,Case Study
Computer Networks,Mastering OSI Model,Advanced,62,Interview Questions on OSI Model,4,Interactive Lab
Computer Networks,Introduction to TCP/IP,Beginner,28,Mastering OSI Model,2,Video
Computer Networks,Fundamentals of TCP/IP,Beginner,22,Introduction to TCP/IP,2,Quiz
Computer Networks,Quick Revision of TCP/IP,Beginner,30,Fundamentals of TCP/IP,2,PDF Notes
Computer Networks,Essential Terminology of TCP/IP,Beginner,30,Quick Revision of TCP/IP,2,PDF Notes
Computer Networks,TCP/IP: Core Concepts,Intermediate,35,Essential Terminology of TCP/IP,4,Quiz
Computer Networks,TCP/IP: Practical Applications,Intermediate,37,TCP/IP: Core Concepts,4,Case Study
Computer Networks,Problem Solving using TCP/IP,Intermediate,49,TCP/IP: Practical Applications,2,Quiz
Computer Networks,Common Mistakes in TCP/IP,Intermediate,42,Problem Solving using TCP/IP,3,Practice Problems
Computer Networks,Hands-on Practice for TCP/IP,Intermediate,42,Common Mistakes in TCP/IP,2,Practice Problems
Computer Networks,Advanced TCP/IP Techniques,Advanced,74,Hands-on Practice for TCP/IP,5,Practice Problems
Computer Networks,TCP/IP: Case Study & Project Work,Advanced,88,Advanced TCP/IP Techniques,4,Mini Project
Computer Networks,Mini Project on TCP/IP,Advanced,88,TCP/IP: Case Study & Project Work,4,Case Study
Computer Networks,Real-world Applications of TCP/IP,Advanced,62,Mini Project on TCP/IP,5,Mini Project
Computer Networks,Interview Questions on TCP/IP,Advanced,99,Real-world Applications of TCP/IP,4,Case Study
Computer Networks,Mastering TCP/IP,Advanced,63,Interview Questions on TCP/IP,4,Practice Problems
Computer Networks,Introduction to Routing,Beginner,18,Mastering TCP/IP,1,PDF Notes
Computer Networks,Fundamentals of Routing,Beginner,29,Introduction to Routing,1,Quiz
Computer Networks,Quick Revision of Routing,Beginner,28,Fundamentals of Routing,1,PDF Notes
Computer Networks,Essential Terminology of Routing,Beginner,28,Quick Revision of Routing,2,Video
Computer Networks,Routing: Core Concepts,Intermediate,38,Essential Terminology of Routing,4,Case Study
Computer Networks,Routing: Practical Applications,Intermediate,31,Routing: Core Concepts,2,Case Study
Computer Networks,Problem Solving using Routing,Intermediate,44,Routing: Practical Applications,2,Case Study
Computer Networks,Common Mistakes in Routing,Intermediate,37,Problem Solving using Routing,2,Practice Problems
Computer Networks,Hands-on Practice for Routing,Intermediate,55,Common Mistakes in Routing,2,Case Study
Computer Networks,Advanced Routing Techniques,Advanced,104,Hands-on Practice for Routing,5,Case Study
Computer Networks,Routing: Case Study & Project Work,Advanced,91,Advanced Routing Techniques,5,Practice Problems
Computer Networks,Mini Project on Routing,Advanced,76,Routing: Case Study & Project Work,4,Interactive Lab
Computer Networks,Real-world Applications of Routing,Advanced,78,Mini Project on Routing,5,Practice Problems
Computer Networks,Interview Questions on Routing,Advanced,88,Real-world Applications of Routing,4,Case Study
Computer Networks,Mastering Routing,Advanced,87,Interview Questions on Routing,4,Case Study
Computer Networks,Introduction to Network Security,Beginner,26,Mastering Routing,2,Video
Computer Networks,Fundamentals of Network Security,Beginner,24,Introduction to Network Security,1,Quiz
Computer Networks,Quick Revision of Network Security,Beginner,29,Fundamentals of Network Security,1,Video
Computer Networks,Essential Terminology of Network Security,Beginner,30,Quick Revision of Network Security,2,PDF Notes
Computer Networks,Network Security: Core Concepts,Intermediate,34,Essential Terminology of Network Security,2,Practice Problems
Computer Networks,Network Security: Practical Applications,Intermediate,59,Network Security: Core Concepts,3,Case Study
Computer Networks,Problem Solving using Network Security,Intermediate,39,Network Security: Practical Applications,2,Quiz
Computer Networks,Common Mistakes in Network Security,Intermediate,40,Problem Solving using Network Security,3,Case Study
Computer Networks,Hands-on Practice for Network Security,Intermediate,37,Common Mistakes in Network Security,4,Quiz
Computer Networks,Advanced Network Security Techniques,Advanced,99,Hands-on Practice for Network Security,4,Case Study
Computer Networks,Network Security: Case Study & Project Work,Advanced,61,Advanced Network Security Techniques,5,Mini Project
Computer Networks,Mini Project on Network Security,Advanced,71,Network Security: Case Study & Project Work,5,Practice Problems
Computer Networks,Real-world Applications of Network Security,Advanced,70,Mini Project on Network Security,4,Practice Problems
Computer Networks,Interview Questions on Network Security,Advanced,76,Real-world Applications of Network Security,5,Mini Project
Computer Networks,Mastering Network Security,Advanced,109,Interview Questions on Network Security,5,Case Study
Computer Vision,Introduction to Image Processing,Beginner,24,None,1,PDF Notes
Computer Vision,Fundamentals of Image Processing,Beginner,28,Introduction to Image Processing,2,Video
Computer Vision,Quick Revision of Image Processing,Beginner,30,Fundamentals of Image Processing,2,PDF Notes
Computer Vision,Essential Terminology of Image Processing,Beginner,23,Quick Revision of Image Processing,1,Quiz
Computer Vision,Image Processing: Core Concepts,Intermediate,35,Essential Terminology of Image Processing,4,Practice Problems
Computer Vision,Image Processing: Practical Applications,Intermediate,58,Image Processing: Core Concepts,2,Practice Problems
Computer Vision,Problem Solving using Image Processing,Intermediate,42,Image Processing: Practical Applications,2,Practice Problems
Computer Vision,Common Mistakes in Image Processing,Intermediate,43,Problem Solving using Image Processing,2,Video
Computer Vision,Hands-on Practice for Image Processing,Intermediate,33,Common Mistakes in Image Processing,4,Practice Problems
Computer Vision,Advanced Image Processing Techniques,Advanced,69,Hands-on Practice for Image Processing,4,Interactive Lab
Computer Vision,Image Processing: Case Study & Project Work,Advanced,74,Advanced Image Processing Techniques,4,Practice Problems
Computer Vision,Mini Project on Image Processing,Advanced,91,Image Processing: Case Study & Project Work,4,Case Study
Computer Vision,Real-world Applications of Image Processing,Advanced,65,Mini Project on Image Processing,5,Practice Problems
Computer Vision,Interview Questions on Image Processing,Advanced,117,Real-world Applications of Image Processing,4,Practice Problems
Computer Vision,Mastering Image Processing,Advanced,71,Interview Questions on Image Processing,4,Practice Problems
Computer Vision,Introduction to Feature Extraction,Beginner,22,Mastering Image Processing,1,Video
Computer Vision,Fundamentals of Feature Extraction,Beginner,29,Introduction to Feature Extraction,2,PDF Notes
Computer Vision,Quick Revision of Feature Extraction,Beginner,27,Fundamentals of Feature Extraction,1,Quiz
Computer Vision,Essential Terminology of Feature Extraction,Beginner,29,Quick Revision of Feature Extraction,1,PDF Notes
Computer Vision,Feature Extraction: Core Concepts,Intermediate,47,Essential Terminology of Feature Extraction,3,Quiz
Computer Vision,Feature Extraction: Practical Applications,Intermediate,53,Feature Extraction: Core Concepts,3,Video
Computer Vision,Problem Solving using Feature Extraction,Intermediate,53,Feature Extraction: Practical Applications,4,Quiz
Computer Vision,Common Mistakes in Feature Extraction,Intermediate,36,Problem Solving using Feature Extraction,2,Practice Problems
Computer Vision,Hands-on Practice for Feature Extraction,Intermediate,47,Common Mistakes in Feature Extraction,3,Case Study
Computer Vision,Advanced Feature Extraction Techniques,Advanced,70,Hands-on Practice for Feature Extraction,4,Mini Project
Computer Vision,Feature Extraction: Case Study & Project Work,Advanced,120,Advanced Feature Extraction Techniques,5,Mini Project
Computer Vision,Mini Project on Feature Extraction,Advanced,107,Feature Extraction: Case Study & Project Work,4,Practice Problems
Computer Vision,Real-world Applications of Feature Extraction,Advanced,71,Mini Project on Feature Extraction,4,Interactive Lab
Computer Vision,Interview Questions on Feature Extraction,Advanced,90,Real-world Applications of Feature Extraction,4,Practice Problems
Computer Vision,Mastering Feature Extraction,Advanced,120,Interview Questions on Feature Extraction,5,Case Study
Computer Vision,Introduction to Object Detection,Beginner,27,Mastering Feature Extraction,1,Quiz
Computer Vision,Fundamentals of Object Detection,Beginner,29,Introduction to Object Detection,1,Video
Computer Vision,Quick Revision of Object Detection,Beginner,27,Fundamentals of Object Detection,1,Quiz
Computer Vision,Essential Terminology of Object Detection,Beginner,18,Quick Revision of Object Detection,1,Quiz
Computer Vision,Object Detection: Core Concepts,Intermediate,50,Essential Terminology of Object Detection,4,Practice Problems
Computer Vision,Object Detection: Practical Applications,Intermediate,40,Object Detection: Core Concepts,3,Video
Computer Vision,Problem Solving using Object Detection,Intermediate,57,Object Detection: Practical Applications,2,Video
Computer Vision,Common Mistakes in Object Detection,Intermediate,51,Problem Solving using Object Detection,3,Video
Computer Vision,Hands-on Practice for Object Detection,Intermediate,43,Common Mistakes in Object Detection,3,Quiz
Computer Vision,Advanced Object Detection Techniques,Advanced,91,Hands-on Practice for Object Detection,5,Practice Problems
Computer Vision,Object Detection: Case Study & Project Work,Advanced,114,Advanced Object Detection Techniques,4,Practice Problems
Computer Vision,Mini Project on Object Detection,Advanced,102,Object Detection: Case Study & Project Work,5,Case Study
Computer Vision,Real-world Applications of Object Detection,Advanced,62,Mini Project on Object Detection,5,Interactive Lab
Computer Vision,Interview Questions on Object Detection,Advanced,80,Real-world Applications of Object Detection,4,Mini Project
Computer Vision,Mastering Object Detection,Advanced,78,Interview Questions on Object Detection,4,Practice Problems
Computer Vision,Introduction to Image Segmentation,Beginner,27,Mastering Object Detection,1,Quiz
Computer Vision,Fundamentals of Image Segmentation,Beginner,17,Introduction to Image Segmentation,1,PDF Notes
Computer Vision,Quick Revision of Image Segmentation,Beginner,24,Fundamentals of Image Segmentation,1,Quiz
Computer Vision,Essential Terminology of Image Segmentation,Beginner,23,Quick Revision of Image Segmentation,2,Quiz
Computer Vision,Image Segmentation: Core Concepts,Intermediate,52,Essential Terminology of Image Segmentation,4,Practice Problems
Computer Vision,Image Segmentation: Practical Applications,Intermediate,31,Image Segmentation: Core Concepts,4,Case Study
Computer Vision,Problem Solving using Image Segmentation,Intermediate,34,Image Segmentation: Practical Applications,4,Video
Computer Vision,Common Mistakes in Image Segmentation,Intermediate,34,Problem Solving using Image Segmentation,4,Quiz
Computer Vision,Hands-on Practice for Image Segmentation,Intermediate,41,Common Mistakes in Image Segmentation,3,Case Study
Computer Vision,Advanced Image Segmentation Techniques,Advanced,113,Hands-on Practice for Image Segmentation,4,Mini Project
Computer Vision,Image Segmentation: Case Study & Project Work,Advanced,79,Advanced Image Segmentation Techniques,5,Interactive Lab
Computer Vision,Mini Project on Image Segmentation,Advanced,73,Image Segmentation: Case Study & Project Work,4,Practice Problems
Computer Vision,Real-world Applications of Image Segmentation,Advanced,70,Mini Project on Image Segmentation,4,Mini Project
Computer Vision,Interview Questions on Image Segmentation,Advanced,86,Real-world Applications of Image Segmentation,4,Mini Project
Computer Vision,Mastering Image Segmentation,Advanced,77,Interview Questions on Image Segmentation,5,Case Study
Computer Vision,Introduction to CNN Architectures,Beginner,25,Mastering Image Segmentation,1,Video
Computer Vision,Fundamentals of CNN Architectures,Beginner,21,Introduction to CNN Architectures,1,Quiz
Computer Vision,Quick Revision of CNN Architectures,Beginner,29,Fundamentals of CNN Architectures,1,Video
Computer Vision,Essential Terminology of CNN Architectures,Beginner,20,Quick Revision of CNN Architectures,2,PDF Notes
Computer Vision,CNN Architectures: Core Concepts,Intermediate,48,Essential Terminology of CNN Architectures,2,Case Study
Computer Vision,CNN Architectures: Practical Applications,Intermediate,36,CNN Architectures: Core Concepts,2,Video
Computer Vision,Problem Solving using CNN Architectures,Intermediate,37,CNN Architectures: Practical Applications,3,Practice Problems
Computer Vision,Common Mistakes in CNN Architectures,Intermediate,47,Problem Solving using CNN Architectures,4,Quiz
Computer Vision,Hands-on Practice for CNN Architectures,Intermediate,58,Common Mistakes in CNN Architectures,3,Practice Problems
Computer Vision,Advanced CNN Architectures Techniques,Advanced,109,Hands-on Practice for CNN Architectures,5,Mini Project
Computer Vision,CNN Architectures: Case Study & Project Work,Advanced,107,Advanced CNN Architectures Techniques,4,Case Study
Computer Vision,Mini Project on CNN Architectures,Advanced,118,CNN Architectures: Case Study & Project Work,4,Case Study
Computer Vision,Real-world Applications of CNN Architectures,Advanced,71,Mini Project on CNN Architectures,5,Mini Project
Computer Vision,Interview Questions on CNN Architectures,Advanced,79,Real-world Applications of CNN Architectures,5,Mini Project
Computer Vision,Mastering CNN Architectures,Advanced,62,Interview Questions on CNN Architectures,5,Practice Problems
Concrete Technology,Introduction to Concrete Mix Design,Beginner,24,None,2,Video
Concrete Technology,Fundamentals of Concrete Mix Design,Beginner,27,Introduction to Concrete Mix Design,2,Video
Concrete Technology,Quick Revision of Concrete Mix Design,Beginner,15,Fundamentals of Concrete Mix Design,2,PDF Notes
Concrete Technology,Essential Terminology of Concrete Mix Design,Beginner,18,Quick Revision of Concrete Mix Design,2,PDF Notes
Concrete Technology,Concrete Mix Design: Core Concepts,Intermediate,40,Essential Terminology of Concrete Mix Design,4,Practice Problems
Concrete Technology,Concrete Mix Design: Practical Applications,Intermediate,49,Concrete Mix Design: Core Concepts,2,Case Study
Concrete Technology,Problem Solving using Concrete Mix Design,Intermediate,55,Concrete Mix Design: Practical Applications,3,Quiz
Concrete Technology,Common Mistakes in Concrete Mix Design,Intermediate,49,Problem Solving using Concrete Mix Design,4,Case Study
Concrete Technology,Hands-on Practice for Concrete Mix Design,Intermediate,43,Common Mistakes in Concrete Mix Design,3,Video
Concrete Technology,Advanced Concrete Mix Design Techniques,Advanced,66,Hands-on Practice for Concrete Mix Design,5,Interactive Lab
Concrete Technology,Concrete Mix Design: Case Study & Project Work,Advanced,118,Advanced Concrete Mix Design Techniques,4,Practice Problems
Concrete Technology,Mini Project on Concrete Mix Design,Advanced,107,Concrete Mix Design: Case Study & Project Work,4,Interactive Lab
Concrete Technology,Real-world Applications of Concrete Mix Design,Advanced,82,Mini Project on Concrete Mix Design,5,Practice Problems
Concrete Technology,Interview Questions on Concrete Mix Design,Advanced,68,Real-world Applications of Concrete Mix Design,4,Case Study
Concrete Technology,Mastering Concrete Mix Design,Advanced,79,Interview Questions on Concrete Mix Design,4,Mini Project
Concrete Technology,Introduction to Concrete Properties,Beginner,15,Mastering Concrete Mix Design,1,Quiz
Concrete Technology,Fundamentals of Concrete Properties,Beginner,21,Introduction to Concrete Properties,1,Quiz
Concrete Technology,Quick Revision of Concrete Properties,Beginner,29,Fundamentals of Concrete Properties,1,PDF Notes
Concrete Technology,Essential Terminology of Concrete Properties,Beginner,28,Quick Revision of Concrete Properties,2,Quiz
Concrete Technology,Concrete Properties: Core Concepts,Intermediate,50,Essential Terminology of Concrete Properties,4,Case Study
Concrete Technology,Concrete Properties: Practical Applications,Intermediate,46,Concrete Properties: Core Concepts,2,Case Study
Concrete Technology,Problem Solving using Concrete Properties,Intermediate,39,Concrete Properties: Practical Applications,3,Quiz
Concrete Technology,Common Mistakes in Concrete Properties,Intermediate,48,Problem Solving using Concrete Properties,3,Video
Concrete Technology,Hands-on Practice for Concrete Properties,Intermediate,31,Common Mistakes in Concrete Properties,3,Video
Concrete Technology,Advanced Concrete Properties Techniques,Advanced,103,Hands-on Practice for Concrete Properties,5,Mini Project
Concrete Technology,Concrete Properties: Case Study & Project Work,Advanced,118,Advanced Concrete Properties Techniques,5,Mini Project
Concrete Technology,Mini Project on Concrete Properties,Advanced,97,Concrete Properties: Case Study & Project Work,5,Mini Project
Concrete Technology,Real-world Applications of Concrete Properties,Advanced,91,Mini Project on Concrete Properties,5,Case Study
Concrete Technology,Interview Questions on Concrete Properties,Advanced,96,Real-world Applications of Concrete Properties,5,Case Study
Concrete Technology,Mastering Concrete Properties,Advanced,96,Interview Questions on Concrete Properties,5,Interactive Lab
Concrete Technology,Introduction to Curing Methods,Beginner,22,Mastering Concrete Properties,2,Quiz
Concrete Technology,Fundamentals of Curing Methods,Beginner,22,Introduction to Curing Methods,1,PDF Notes
Concrete Technology,Quick Revision of Curing Methods,Beginner,30,Fundamentals of Curing Methods,2,Video
Concrete Technology,Essential Terminology of Curing Methods,Beginner,28,Quick Revision of Curing Methods,2,PDF Notes
Concrete Technology,Curing Methods: Core Concepts,Intermediate,36,Essential Terminology of Curing Methods,2,Case Study
Concrete Technology,Curing Methods: Practical Applications,Intermediate,58,Curing Methods: Core Concepts,2,Case Study
Concrete Technology,Problem Solving using Curing Methods,Intermediate,33,Curing Methods: Practical Applications,2,Practice Problems
Concrete Technology,Common Mistakes in Curing Methods,Intermediate,51,Problem Solving using Curing Methods,4,Practice Problems
Concrete Technology,Hands-on Practice for Curing Methods,Intermediate,35,Common Mistakes in Curing Methods,4,Case Study
Concrete Technology,Advanced Curing Methods Techniques,Advanced,115,Hands-on Practice for Curing Methods,4,Mini Project
Concrete Technology,Curing Methods: Case Study & Project Work,Advanced,61,Advanced Curing Methods Techniques,4,Case Study
Concrete Technology,Mini Project on Curing Methods,Advanced,70,Curing Methods: Case Study & Project Work,5,Mini Project
Concrete Technology,Real-world Applications of Curing Methods,Advanced,91,Mini Project on Curing Methods,5,Interactive Lab
Concrete Technology,Interview Questions on Curing Methods,Advanced,97,Real-world Applications of Curing Methods,5,Practice Problems
Concrete Technology,Mastering Curing Methods,Advanced,105,Interview Questions on Curing Methods,5,Case Study
Concrete Technology,Introduction to Reinforced Concrete,Beginner,26,Mastering Curing Methods,2,PDF Notes
Concrete Technology,Fundamentals of Reinforced Concrete,Beginner,21,Introduction to Reinforced Concrete,1,Video
Concrete Technology,Quick Revision of Reinforced Concrete,Beginner,21,Fundamentals of Reinforced Concrete,1,Quiz
Concrete Technology,Essential Terminology of Reinforced Concrete,Beginner,24,Quick Revision of Reinforced Concrete,1,Quiz
Concrete Technology,Reinforced Concrete: Core Concepts,Intermediate,39,Essential Terminology of Reinforced Concrete,2,Case Study
Concrete Technology,Reinforced Concrete: Practical Applications,Intermediate,31,Reinforced Concrete: Core Concepts,2,Practice Problems
Concrete Technology,Problem Solving using Reinforced Concrete,Intermediate,42,Reinforced Concrete: Practical Applications,2,Case Study
Concrete Technology,Common Mistakes in Reinforced Concrete,Intermediate,47,Problem Solving using Reinforced Concrete,4,Case Study
Concrete Technology,Hands-on Practice for Reinforced Concrete,Intermediate,37,Common Mistakes in Reinforced Concrete,2,Video
Concrete Technology,Advanced Reinforced Concrete Techniques,Advanced,101,Hands-on Practice for Reinforced Concrete,4,Case Study
Concrete Technology,Reinforced Concrete: Case Study & Project Work,Advanced,114,Advanced Reinforced Concrete Techniques,4,Interactive Lab
Concrete Technology,Mini Project on Reinforced Concrete,Advanced,76,Reinforced Concrete: Case Study & Project Work,5,Interactive Lab
Concrete Technology,Real-world Applications of Reinforced Concrete,Advanced,99,Mini Project on Reinforced Concrete,5,Mini Project
Concrete Technology,Interview Questions on Reinforced Concrete,Advanced,86,Real-world Applications of Reinforced Concrete,4,Mini Project
Concrete Technology,Mastering Reinforced Concrete,Advanced,72,Interview Questions on Reinforced Concrete,5,Interactive Lab
Constitutional Law,Introduction to Fundamental Rights,Beginner,29,None,2,PDF Notes
Constitutional Law,Fundamentals of Fundamental Rights,Beginner,17,Introduction to Fundamental Rights,2,Quiz
Constitutional Law,Quick Revision of Fundamental Rights,Beginner,23,Fundamentals of Fundamental Rights,1,PDF Notes
Constitutional Law,Essential Terminology of Fundamental Rights,Beginner,30,Quick Revision of Fundamental Rights,1,Quiz
Constitutional Law,Fundamental Rights: Core Concepts,Intermediate,33,Essential Terminology of Fundamental Rights,4,Quiz
Constitutional Law,Fundamental Rights: Practical Applications,Intermediate,59,Fundamental Rights: Core Concepts,2,Quiz
Constitutional Law,Problem Solving using Fundamental Rights,Intermediate,46,Fundamental Rights: Practical Applications,2,Quiz
Constitutional Law,Common Mistakes in Fundamental Rights,Intermediate,35,Problem Solving using Fundamental Rights,4,Quiz
Constitutional Law,Hands-on Practice for Fundamental Rights,Intermediate,54,Common Mistakes in Fundamental Rights,3,Practice Problems
Constitutional Law,Advanced Fundamental Rights Techniques,Advanced,90,Hands-on Practice for Fundamental Rights,5,Practice Problems
Constitutional Law,Fundamental Rights: Case Study & Project Work,Advanced,119,Advanced Fundamental Rights Techniques,4,Practice Problems
Constitutional Law,Mini Project on Fundamental Rights,Advanced,84,Fundamental Rights: Case Study & Project Work,4,Practice Problems
Constitutional Law,Real-world Applications of Fundamental Rights,Advanced,118,Mini Project on Fundamental Rights,5,Case Study
Constitutional Law,Interview Questions on Fundamental Rights,Advanced,97,Real-world Applications of Fundamental Rights,5,Practice Problems
Constitutional Law,Mastering Fundamental Rights,Advanced,112,Interview Questions on Fundamental Rights,5,Case Study
Constitutional Law,Introduction to Directive Principles,Beginner,26,Mastering Fundamental Rights,1,Video
Constitutional Law,Fundamentals of Directive Principles,Beginner,20,Introduction to Directive Principles,2,PDF Notes
Constitutional Law,Quick Revision of Directive Principles,Beginner,30,Fundamentals of Directive Principles,1,PDF Notes
Constitutional Law,Essential Terminology of Directive Principles,Beginner,22,Quick Revision of Directive Principles,1,PDF Notes
Constitutional Law,Directive Principles: Core Concepts,Intermediate,54,Essential Terminology of Directive Principles,3,Practice Problems
Constitutional Law,Directive Principles: Practical Applications,Intermediate,32,Directive Principles: Core Concepts,3,Video
Constitutional Law,Problem Solving using Directive Principles,Intermediate,56,Directive Principles: Practical Applications,2,Video
Constitutional Law,Common Mistakes in Directive Principles,Intermediate,60,Problem Solving using Directive Principles,2,Video
Constitutional Law,Hands-on Practice for Directive Principles,Intermediate,34,Common Mistakes in Directive Principles,3,Case Study
Constitutional Law,Advanced Directive Principles Techniques,Advanced,84,Hands-on Practice for Directive Principles,4,Interactive Lab
Constitutional Law,Directive Principles: Case Study & Project Work,Advanced,90,Advanced Directive Principles Techniques,5,Interactive Lab
Constitutional Law,Mini Project on Directive Principles,Advanced,117,Directive Principles: Case Study & Project Work,5,Case Study
Constitutional Law,Real-world Applications of Directive Principles,Advanced,81,Mini Project on Directive Principles,5,Interactive Lab
Constitutional Law,Interview Questions on Directive Principles,Advanced,104,Real-world Applications of Directive Principles,4,Mini Project
Constitutional Law,Mastering Directive Principles,Advanced,109,Interview Questions on Directive Principles,4,Practice Problems
Constitutional Law,Introduction to Separation of Powers,Beginner,18,Mastering Directive Principles,1,Video
Constitutional Law,Fundamentals of Separation of Powers,Beginner,20,Introduction to Separation of Powers,2,Video
Constitutional Law,Quick Revision of Separation of Powers,Beginner,15,Fundamentals of Separation of Powers,1,Video
Constitutional Law,Essential Terminology of Separation of Powers,Beginner,15,Quick Revision of Separation of Powers,2,PDF Notes
Constitutional Law,Separation of Powers: Core Concepts,Intermediate,37,Essential Terminology of Separation of Powers,3,Video
Constitutional Law,Separation of Powers: Practical Applications,Intermediate,42,Separation of Powers: Core Concepts,4,Practice Problems
Constitutional Law,Problem Solving using Separation of Powers,Intermediate,37,Separation of Powers: Practical Applications,4,Practice Problems
Constitutional Law,Common Mistakes in Separation of Powers,Intermediate,44,Problem Solving using Separation of Powers,4,Quiz
Constitutional Law,Hands-on Practice for Separation of Powers,Intermediate,36,Common Mistakes in Separation of Powers,2,Quiz
Constitutional Law,Advanced Separation of Powers Techniques,Advanced,87,Hands-on Practice for Separation of Powers,4,Interactive Lab
Constitutional Law,Separation of Powers: Case Study & Project Work,Advanced,75,Advanced Separation of Powers Techniques,4,Mini Project
Constitutional Law,Mini Project on Separation of Powers,Advanced,113,Separation of Powers: Case Study & Project Work,5,Case Study
Constitutional Law,Real-world Applications of Separation of Powers,Advanced,76,Mini Project on Separation of Powers,5,Case Study
Constitutional Law,Interview Questions on Separation of Powers,Advanced,72,Real-world Applications of Separation of Powers,5,Mini Project
Constitutional Law,Mastering Separation of Powers,Advanced,88,Interview Questions on Separation of Powers,5,Mini Project
Constitutional Law,Introduction to Constitutional Amendments,Beginner,16,Mastering Separation of Powers,1,Quiz
Constitutional Law,Fundamentals of Constitutional Amendments,Beginner,19,Introduction to Constitutional Amendments,2,Video
Constitutional Law,Quick Revision of Constitutional Amendments,Beginner,30,Fundamentals of Constitutional Amendments,1,Video
Constitutional Law,Essential Terminology of Constitutional Amendments,Beginner,22,Quick Revision of Constitutional Amendments,1,Quiz
Constitutional Law,Constitutional Amendments: Core Concepts,Intermediate,38,Essential Terminology of Constitutional Amendments,3,Case Study
Constitutional Law,Constitutional Amendments: Practical Applications,Intermediate,60,Constitutional Amendments: Core Concepts,2,Video
Constitutional Law,Problem Solving using Constitutional Amendments,Intermediate,49,Constitutional Amendments: Practical Applications,3,Quiz
Constitutional Law,Common Mistakes in Constitutional Amendments,Intermediate,54,Problem Solving using Constitutional Amendments,2,Practice Problems
Constitutional Law,Hands-on Practice for Constitutional Amendments,Intermediate,44,Common Mistakes in Constitutional Amendments,2,Case Study
Constitutional Law,Advanced Constitutional Amendments Techniques,Advanced,94,Hands-on Practice for Constitutional Amendments,4,Mini Project
Constitutional Law,Constitutional Amendments: Case Study & Project Work,Advanced,75,Advanced Constitutional Amendments Techniques,4,Practice Problems
Constitutional Law,Mini Project on Constitutional Amendments,Advanced,74,Constitutional Amendments: Case Study & Project Work,5,Interactive Lab
Constitutional Law,Real-world Applications of Constitutional Amendments,Advanced,104,Mini Project on Constitutional Amendments,5,Interactive Lab
Constitutional Law,Interview Questions on Constitutional Amendments,Advanced,116,Real-world Applications of Constitutional Amendments,5,Practice Problems
Constitutional Law,Mastering Constitutional Amendments,Advanced,86,Interview Questions on Constitutional Amendments,5,Practice Problems
Contract Law,Introduction to Formation of Contracts,Beginner,15,None,1,PDF Notes
Contract Law,Fundamentals of Formation of Contracts,Beginner,28,Introduction to Formation of Contracts,1,Quiz
Contract Law,Quick Revision of Formation of Contracts,Beginner,21,Fundamentals of Formation of Contracts,1,Quiz
Contract Law,Essential Terminology of Formation of Contracts,Beginner,15,Quick Revision of Formation of Contracts,1,PDF Notes
Contract Law,Formation of Contracts: Core Concepts,Intermediate,58,Essential Terminology of Formation of Contracts,2,Quiz
Contract Law,Formation of Contracts: Practical Applications,Intermediate,37,Formation of Contracts: Core Concepts,4,Case Study
Contract Law,Problem Solving using Formation of Contracts,Intermediate,35,Formation of Contracts: Practical Applications,3,Practice Problems
Contract Law,Common Mistakes in Formation of Contracts,Intermediate,35,Problem Solving using Formation of Contracts,2,Quiz
Contract Law,Hands-on Practice for Formation of Contracts,Intermediate,48,Common Mistakes in Formation of Contracts,3,Case Study
Contract Law,Advanced Formation of Contracts Techniques,Advanced,100,Hands-on Practice for Formation of Contracts,4,Case Study
Contract Law,Formation of Contracts: Case Study & Project Work,Advanced,110,Advanced Formation of Contracts Techniques,4,Practice Problems
Contract Law,Mini Project on Formation of Contracts,Advanced,108,Formation of Contracts: Case Study & Project Work,4,Case Study
Contract Law,Real-world Applications of Formation of Contracts,Advanced,61,Mini Project on Formation of Contracts,4,Practice Problems
Contract Law,Interview Questions on Formation of Contracts,Advanced,78,Real-world Applications of Formation of Contracts,4,Practice Problems
Contract Law,Mastering Formation of Contracts,Advanced,118,Interview Questions on Formation of Contracts,4,Mini Project
Contract Law,Introduction to Breach of Contract,Beginner,17,Mastering Formation of Contracts,2,PDF Notes
Contract Law,Fundamentals of Breach of Contract,Beginner,26,Introduction to Breach of Contract,2,PDF Notes
Contract Law,Quick Revision of Breach of Contract,Beginner,21,Fundamentals of Breach of Contract,1,Quiz
Contract Law,Essential Terminology of Breach of Contract,Beginner,18,Quick Revision of Breach of Contract,2,PDF Notes
Contract Law,Breach of Contract: Core Concepts,Intermediate,55,Essential Terminology of Breach of Contract,2,Video
Contract Law,Breach of Contract: Practical Applications,Intermediate,33,Breach of Contract: Core Concepts,3,Quiz
Contract Law,Problem Solving using Breach of Contract,Intermediate,49,Breach of Contract: Practical Applications,3,Case Study
Contract Law,Common Mistakes in Breach of Contract,Intermediate,46,Problem Solving using Breach of Contract,2,Case Study
Contract Law,Hands-on Practice for Breach of Contract,Intermediate,52,Common Mistakes in Breach of Contract,3,Video
Contract Law,Advanced Breach of Contract Techniques,Advanced,117,Hands-on Practice for Breach of Contract,5,Case Study
Contract Law,Breach of Contract: Case Study & Project Work,Advanced,105,Advanced Breach of Contract Techniques,5,Practice Problems
Contract Law,Mini Project on Breach of Contract,Advanced,118,Breach of Contract: Case Study & Project Work,5,Interactive Lab
Contract Law,Real-world Applications of Breach of Contract,Advanced,101,Mini Project on Breach of Contract,5,Practice Problems
Contract Law,Interview Questions on Breach of Contract,Advanced,99,Real-world Applications of Breach of Contract,4,Case Study
Contract Law,Mastering Breach of Contract,Advanced,71,Interview Questions on Breach of Contract,5,Practice Problems
Contract Law,Introduction to Remedies,Beginner,30,Mastering Breach of Contract,2,PDF Notes
Contract Law,Fundamentals of Remedies,Beginner,26,Introduction to Remedies,1,Video
Contract Law,Quick Revision of Remedies,Beginner,29,Fundamentals of Remedies,2,Quiz
Contract Law,Essential Terminology of Remedies,Beginner,22,Quick Revision of Remedies,1,PDF Notes
Contract Law,Remedies: Core Concepts,Intermediate,42,Essential Terminology of Remedies,2,Video
Contract Law,Remedies: Practical Applications,Intermediate,31,Remedies: Core Concepts,4,Practice Problems
Contract Law,Problem Solving using Remedies,Intermediate,53,Remedies: Practical Applications,3,Practice Problems
Contract Law,Common Mistakes in Remedies,Intermediate,39,Problem Solving using Remedies,2,Practice Problems
Contract Law,Hands-on Practice for Remedies,Intermediate,49,Common Mistakes in Remedies,3,Video
Contract Law,Advanced Remedies Techniques,Advanced,62,Hands-on Practice for Remedies,5,Interactive Lab
Contract Law,Remedies: Case Study & Project Work,Advanced,62,Advanced Remedies Techniques,5,Case Study
Contract Law,Mini Project on Remedies,Advanced,75,Remedies: Case Study & Project Work,4,Case Study
Contract Law,Real-world Applications of Remedies,Advanced,94,Mini Project on Remedies,5,Interactive Lab
Contract Law,Interview Questions on Remedies,Advanced,112,Real-world Applications of Remedies,5,Mini Project
Contract Law,Mastering Remedies,Advanced,106,Interview Questions on Remedies,5,Case Study
Contract Law,Introduction to Special Contracts,Beginner,29,Mastering Remedies,2,Quiz
Contract Law,Fundamentals of Special Contracts,Beginner,18,Introduction to Special Contracts,1,Quiz
Contract Law,Quick Revision of Special Contracts,Beginner,30,Fundamentals of Special Contracts,1,PDF Notes
Contract Law,Essential Terminology of Special Contracts,Beginner,23,Quick Revision of Special Contracts,2,PDF Notes
Contract Law,Special Contracts: Core Concepts,Intermediate,32,Essential Terminology of Special Contracts,3,Quiz
Contract Law,Special Contracts: Practical Applications,Intermediate,54,Special Contracts: Core Concepts,2,Case Study
Contract Law,Problem Solving using Special Contracts,Intermediate,51,Special Contracts: Practical Applications,2,Practice Problems
Contract Law,Common Mistakes in Special Contracts,Intermediate,58,Problem Solving using Special Contracts,2,Case Study
Contract Law,Hands-on Practice for Special Contracts,Intermediate,35,Common Mistakes in Special Contracts,2,Video
Contract Law,Advanced Special Contracts Techniques,Advanced,117,Hands-on Practice for Special Contracts,5,Mini Project
Contract Law,Special Contracts: Case Study & Project Work,Advanced,111,Advanced Special Contracts Techniques,4,Mini Project
Contract Law,Mini Project on Special Contracts,Advanced,84,Special Contracts: Case Study & Project Work,4,Practice Problems
Contract Law,Real-world Applications of Special Contracts,Advanced,116,Mini Project on Special Contracts,5,Interactive Lab
Contract Law,Interview Questions on Special Contracts,Advanced,65,Real-world Applications of Special Contracts,4,Case Study
Contract Law,Mastering Special Contracts,Advanced,107,Interview Questions on Special Contracts,5,Case Study
Control Systems,Introduction to Transfer Functions,Beginner,21,None,2,Quiz
Control Systems,Fundamentals of Transfer Functions,Beginner,16,Introduction to Transfer Functions,1,Quiz
Control Systems,Quick Revision of Transfer Functions,Beginner,20,Fundamentals of Transfer Functions,2,Quiz
Control Systems,Essential Terminology of Transfer Functions,Beginner,30,Quick Revision of Transfer Functions,1,PDF Notes
Control Systems,Transfer Functions: Core Concepts,Intermediate,39,Essential Terminology of Transfer Functions,2,Case Study
Control Systems,Transfer Functions: Practical Applications,Intermediate,46,Transfer Functions: Core Concepts,4,Video
Control Systems,Problem Solving using Transfer Functions,Intermediate,58,Transfer Functions: Practical Applications,2,Practice Problems
Control Systems,Common Mistakes in Transfer Functions,Intermediate,42,Problem Solving using Transfer Functions,2,Video
Control Systems,Hands-on Practice for Transfer Functions,Intermediate,34,Common Mistakes in Transfer Functions,4,Quiz
Control Systems,Advanced Transfer Functions Techniques,Advanced,97,Hands-on Practice for Transfer Functions,4,Interactive Lab
Control Systems,Transfer Functions: Case Study & Project Work,Advanced,68,Advanced Transfer Functions Techniques,4,Practice Problems
Control Systems,Mini Project on Transfer Functions,Advanced,61,Transfer Functions: Case Study & Project Work,4,Practice Problems
Control Systems,Real-world Applications of Transfer Functions,Advanced,119,Mini Project on Transfer Functions,4,Mini Project
Control Systems,Interview Questions on Transfer Functions,Advanced,70,Real-world Applications of Transfer Functions,5,Practice Problems
Control Systems,Mastering Transfer Functions,Advanced,71,Interview Questions on Transfer Functions,4,Mini Project
Control Systems,Introduction to Block Diagrams,Beginner,27,Mastering Transfer Functions,1,Quiz
Control Systems,Fundamentals of Block Diagrams,Beginner,30,Introduction to Block Diagrams,1,Video
Control Systems,Quick Revision of Block Diagrams,Beginner,20,Fundamentals of Block Diagrams,2,PDF Notes
Control Systems,Essential Terminology of Block Diagrams,Beginner,28,Quick Revision of Block Diagrams,1,Quiz
Control Systems,Block Diagrams: Core Concepts,Intermediate,60,Essential Terminology of Block Diagrams,3,Quiz
Control Systems,Block Diagrams: Practical Applications,Intermediate,53,Block Diagrams: Core Concepts,4,Practice Problems
Control Systems,Problem Solving using Block Diagrams,Intermediate,52,Block Diagrams: Practical Applications,4,Case Study
Control Systems,Common Mistakes in Block Diagrams,Intermediate,54,Problem Solving using Block Diagrams,2,Video
Control Systems,Hands-on Practice for Block Diagrams,Intermediate,51,Common Mistakes in Block Diagrams,2,Video
Control Systems,Advanced Block Diagrams Techniques,Advanced,60,Hands-on Practice for Block Diagrams,4,Interactive Lab
Control Systems,Block Diagrams: Case Study & Project Work,Advanced,101,Advanced Block Diagrams Techniques,5,Mini Project
Control Systems,Mini Project on Block Diagrams,Advanced,80,Block Diagrams: Case Study & Project Work,4,Interactive Lab
Control Systems,Real-world Applications of Block Diagrams,Advanced,81,Mini Project on Block Diagrams,5,Case Study
Control Systems,Interview Questions on Block Diagrams,Advanced,104,Real-world Applications of Block Diagrams,5,Practice Problems
Control Systems,Mastering Block Diagrams,Advanced,106,Interview Questions on Block Diagrams,4,Interactive Lab
Control Systems,Introduction to Stability Analysis,Beginner,20,Mastering Block Diagrams,2,Video
Control Systems,Fundamentals of Stability Analysis,Beginner,15,Introduction to Stability Analysis,2,Video
Control Systems,Quick Revision of Stability Analysis,Beginner,30,Fundamentals of Stability Analysis,2,Video
Control Systems,Essential Terminology of Stability Analysis,Beginner,20,Quick Revision of Stability Analysis,1,PDF Notes
Control Systems,Stability Analysis: Core Concepts,Intermediate,43,Essential Terminology of Stability Analysis,4,Case Study
Control Systems,Stability Analysis: Practical Applications,Intermediate,58,Stability Analysis: Core Concepts,4,Practice Problems
Control Systems,Problem Solving using Stability Analysis,Intermediate,58,Stability Analysis: Practical Applications,4,Quiz
Control Systems,Common Mistakes in Stability Analysis,Intermediate,46,Problem Solving using Stability Analysis,4,Quiz
Control Systems,Hands-on Practice for Stability Analysis,Intermediate,53,Common Mistakes in Stability Analysis,4,Case Study
Control Systems,Advanced Stability Analysis Techniques,Advanced,65,Hands-on Practice for Stability Analysis,4,Mini Project
Control Systems,Stability Analysis: Case Study & Project Work,Advanced,117,Advanced Stability Analysis Techniques,4,Case Study
Control Systems,Mini Project on Stability Analysis,Advanced,84,Stability Analysis: Case Study & Project Work,5,Mini Project
Control Systems,Real-world Applications of Stability Analysis,Advanced,106,Mini Project on Stability Analysis,4,Mini Project
Control Systems,Interview Questions on Stability Analysis,Advanced,79,Real-world Applications of Stability Analysis,5,Mini Project
Control Systems,Mastering Stability Analysis,Advanced,118,Interview Questions on Stability Analysis,5,Mini Project
Control Systems,Introduction to PID Controllers,Beginner,16,Mastering Stability Analysis,2,Video
Control Systems,Fundamentals of PID Controllers,Beginner,23,Introduction to PID Controllers,2,PDF Notes
Control Systems,Quick Revision of PID Controllers,Beginner,27,Fundamentals of PID Controllers,1,Quiz
Control Systems,Essential Terminology of PID Controllers,Beginner,29,Quick Revision of PID Controllers,1,Quiz
Control Systems,PID Controllers: Core Concepts,Intermediate,40,Essential Terminology of PID Controllers,4,Case Study
Control Systems,PID Controllers: Practical Applications,Intermediate,32,PID Controllers: Core Concepts,2,Video
Control Systems,Problem Solving using PID Controllers,Intermediate,48,PID Controllers: Practical Applications,4,Case Study
Control Systems,Common Mistakes in PID Controllers,Intermediate,55,Problem Solving using PID Controllers,2,Quiz
Control Systems,Hands-on Practice for PID Controllers,Intermediate,46,Common Mistakes in PID Controllers,4,Video
Control Systems,Advanced PID Controllers Techniques,Advanced,109,Hands-on Practice for PID Controllers,4,Case Study
Control Systems,PID Controllers: Case Study & Project Work,Advanced,91,Advanced PID Controllers Techniques,5,Interactive Lab
Control Systems,Mini Project on PID Controllers,Advanced,65,PID Controllers: Case Study & Project Work,5,Practice Problems
Control Systems,Real-world Applications of PID Controllers,Advanced,73,Mini Project on PID Controllers,4,Practice Problems
Control Systems,Interview Questions on PID Controllers,Advanced,74,Real-world Applications of PID Controllers,4,Mini Project
Control Systems,Mastering PID Controllers,Advanced,63,Interview Questions on PID Controllers,5,Case Study
Control Systems,Introduction to State Space Analysis,Beginner,30,Mastering PID Controllers,2,PDF Notes
Control Systems,Fundamentals of State Space Analysis,Beginner,18,Introduction to State Space Analysis,1,PDF Notes
Control Systems,Quick Revision of State Space Analysis,Beginner,26,Fundamentals of State Space Analysis,2,Video
Control Systems,Essential Terminology of State Space Analysis,Beginner,16,Quick Revision of State Space Analysis,1,Quiz
Control Systems,State Space Analysis: Core Concepts,Intermediate,51,Essential Terminology of State Space Analysis,4,Video
Control Systems,State Space Analysis: Practical Applications,Intermediate,60,State Space Analysis: Core Concepts,2,Video
Control Systems,Problem Solving using State Space Analysis,Intermediate,42,State Space Analysis: Practical Applications,3,Case Study
Control Systems,Common Mistakes in State Space Analysis,Intermediate,36,Problem Solving using State Space Analysis,4,Video
Control Systems,Hands-on Practice for State Space Analysis,Intermediate,39,Common Mistakes in State Space Analysis,2,Quiz
Control Systems,Advanced State Space Analysis Techniques,Advanced,75,Hands-on Practice for State Space Analysis,4,Mini Project
Control Systems,State Space Analysis: Case Study & Project Work,Advanced,69,Advanced State Space Analysis Techniques,5,Mini Project
Control Systems,Mini Project on State Space Analysis,Advanced,109,State Space Analysis: Case Study & Project Work,4,Interactive Lab
Control Systems,Real-world Applications of State Space Analysis,Advanced,88,Mini Project on State Space Analysis,4,Practice Problems
Control Systems,Interview Questions on State Space Analysis,Advanced,93,Real-world Applications of State Space Analysis,4,Mini Project
Control Systems,Mastering State Space Analysis,Advanced,104,Interview Questions on State Space Analysis,4,Interactive Lab
Corporate Law,Introduction to Company Formation,Beginner,28,None,2,PDF Notes
Corporate Law,Fundamentals of Company Formation,Beginner,27,Introduction to Company Formation,2,Video
Corporate Law,Quick Revision of Company Formation,Beginner,21,Fundamentals of Company Formation,2,PDF Notes
Corporate Law,Essential Terminology of Company Formation,Beginner,16,Quick Revision of Company Formation,1,PDF Notes
Corporate Law,Company Formation: Core Concepts,Intermediate,38,Essential Terminology of Company Formation,2,Practice Problems
Corporate Law,Company Formation: Practical Applications,Intermediate,49,Company Formation: Core Concepts,3,Case Study
Corporate Law,Problem Solving using Company Formation,Intermediate,53,Company Formation: Practical Applications,4,Video
Corporate Law,Common Mistakes in Company Formation,Intermediate,32,Problem Solving using Company Formation,3,Video
Corporate Law,Hands-on Practice for Company Formation,Intermediate,40,Common Mistakes in Company Formation,2,Case Study
Corporate Law,Advanced Company Formation Techniques,Advanced,63,Hands-on Practice for Company Formation,4,Practice Problems
Corporate Law,Company Formation: Case Study & Project Work,Advanced,76,Advanced Company Formation Techniques,4,Case Study
Corporate Law,Mini Project on Company Formation,Advanced,64,Company Formation: Case Study & Project Work,5,Mini Project
Corporate Law,Real-world Applications of Company Formation,Advanced,115,Mini Project on Company Formation,5,Case Study
Corporate Law,Interview Questions on Company Formation,Advanced,81,Real-world Applications of Company Formation,4,Practice Problems
Corporate Law,Mastering Company Formation,Advanced,81,Interview Questions on Company Formation,5,Case Study
Corporate Law,Introduction to Corporate Governance,Beginner,25,Mastering Company Formation,1,Quiz
Corporate Law,Fundamentals of Corporate Governance,Beginner,24,Introduction to Corporate Governance,1,Video
Corporate Law,Quick Revision of Corporate Governance,Beginner,26,Fundamentals of Corporate Governance,2,Quiz
Corporate Law,Essential Terminology of Corporate Governance,Beginner,28,Quick Revision of Corporate Governance,1,PDF Notes
Corporate Law,Corporate Governance: Core Concepts,Intermediate,46,Essential Terminology of Corporate Governance,4,Quiz
Corporate Law,Corporate Governance: Practical Applications,Intermediate,38,Corporate Governance: Core Concepts,4,Practice Problems
Corporate Law,Problem Solving using Corporate Governance,Intermediate,48,Corporate Governance: Practical Applications,2,Video
Corporate Law,Common Mistakes in Corporate Governance,Intermediate,34,Problem Solving using Corporate Governance,4,Case Study
Corporate Law,Hands-on Practice for Corporate Governance,Intermediate,52,Common Mistakes in Corporate Governance,3,Quiz
Corporate Law,Advanced Corporate Governance Techniques,Advanced,87,Hands-on Practice for Corporate Governance,5,Interactive Lab
Corporate Law,Corporate Governance: Case Study & Project Work,Advanced,115,Advanced Corporate Governance Techniques,5,Case Study
Corporate Law,Mini Project on Corporate Governance,Advanced,84,Corporate Governance: Case Study & Project Work,5,Mini Project
Corporate Law,Real-world Applications of Corporate Governance,Advanced,101,Mini Project on Corporate Governance,4,Mini Project
Corporate Law,Interview Questions on Corporate Governance,Advanced,117,Real-world Applications of Corporate Governance,5,Case Study
Corporate Law,Mastering Corporate Governance,Advanced,100,Interview Questions on Corporate Governance,4,Mini Project
Corporate Law,Introduction to Mergers and Acquisitions,Beginner,17,Mastering Corporate Governance,2,PDF Notes
Corporate Law,Fundamentals of Mergers and Acquisitions,Beginner,24,Introduction to Mergers and Acquisitions,1,Quiz
Corporate Law,Quick Revision of Mergers and Acquisitions,Beginner,25,Fundamentals of Mergers and Acquisitions,1,Video
Corporate Law,Essential Terminology of Mergers and Acquisitions,Beginner,20,Quick Revision of Mergers and Acquisitions,1,Quiz
Corporate Law,Mergers and Acquisitions: Core Concepts,Intermediate,52,Essential Terminology of Mergers and Acquisitions,2,Case Study
Corporate Law,Mergers and Acquisitions: Practical Applications,Intermediate,59,Mergers and Acquisitions: Core Concepts,3,Case Study
Corporate Law,Problem Solving using Mergers and Acquisitions,Intermediate,54,Mergers and Acquisitions: Practical Applications,3,Practice Problems
Corporate Law,Common Mistakes in Mergers and Acquisitions,Intermediate,51,Problem Solving using Mergers and Acquisitions,4,Video
Corporate Law,Hands-on Practice for Mergers and Acquisitions,Intermediate,45,Common Mistakes in Mergers and Acquisitions,2,Video
Corporate Law,Advanced Mergers and Acquisitions Techniques,Advanced,77,Hands-on Practice for Mergers and Acquisitions,4,Interactive Lab
Corporate Law,Mergers and Acquisitions: Case Study & Project Work,Advanced,118,Advanced Mergers and Acquisitions Techniques,5,Practice Problems
Corporate Law,Mini Project on Mergers and Acquisitions,Advanced,65,Mergers and Acquisitions: Case Study & Project Work,4,Practice Problems
Corporate Law,Real-world Applications of Mergers and Acquisitions,Advanced,102,Mini Project on Mergers and Acquisitions,4,Case Study
Corporate Law,Interview Questions on Mergers and Acquisitions,Advanced,107,Real-world Applications of Mergers and Acquisitions,5,Practice Problems
Corporate Law,Mastering Mergers and Acquisitions,Advanced,119,Interview Questions on Mergers and Acquisitions,4,Practice Problems
Corporate Law,Introduction to Insolvency Law,Beginner,21,Mastering Mergers and Acquisitions,2,PDF Notes
Corporate Law,Fundamentals of Insolvency Law,Beginner,24,Introduction to Insolvency Law,1,Quiz
Corporate Law,Quick Revision of Insolvency Law,Beginner,25,Fundamentals of Insolvency Law,1,Quiz
Corporate Law,Essential Terminology of Insolvency Law,Beginner,22,Quick Revision of Insolvency Law,1,Quiz
Corporate Law,Insolvency Law: Core Concepts,Intermediate,44,Essential Terminology of Insolvency Law,4,Practice Problems
Corporate Law,Insolvency Law: Practical Applications,Intermediate,60,Insolvency Law: Core Concepts,2,Practice Problems
Corporate Law,Problem Solving using Insolvency Law,Intermediate,40,Insolvency Law: Practical Applications,2,Video
Corporate Law,Common Mistakes in Insolvency Law,Intermediate,58,Problem Solving using Insolvency Law,2,Case Study
Corporate Law,Hands-on Practice for Insolvency Law,Intermediate,33,Common Mistakes in Insolvency Law,2,Case Study
Corporate Law,Advanced Insolvency Law Techniques,Advanced,64,Hands-on Practice for Insolvency Law,5,Practice Problems
Corporate Law,Insolvency Law: Case Study & Project Work,Advanced,95,Advanced Insolvency Law Techniques,5,Mini Project
Corporate Law,Mini Project on Insolvency Law,Advanced,88,Insolvency Law: Case Study & Project Work,4,Practice Problems
Corporate Law,Real-world Applications of Insolvency Law,Advanced,96,Mini Project on Insolvency Law,5,Case Study
Corporate Law,Interview Questions on Insolvency Law,Advanced,75,Real-world Applications of Insolvency Law,5,Mini Project
Corporate Law,Mastering Insolvency Law,Advanced,66,Interview Questions on Insolvency Law,4,Practice Problems
Cost Accounting,Introduction to Cost Concepts,Beginner,26,None,1,Video
Cost Accounting,Fundamentals of Cost Concepts,Beginner,27,Introduction to Cost Concepts,1,Quiz
Cost Accounting,Quick Revision of Cost Concepts,Beginner,18,Fundamentals of Cost Concepts,1,PDF Notes
Cost Accounting,Essential Terminology of Cost Concepts,Beginner,18,Quick Revision of Cost Concepts,1,Video
Cost Accounting,Cost Concepts: Core Concepts,Intermediate,39,Essential Terminology of Cost Concepts,2,Case Study
Cost Accounting,Cost Concepts: Practical Applications,Intermediate,34,Cost Concepts: Core Concepts,4,Video
Cost Accounting,Problem Solving using Cost Concepts,Intermediate,49,Cost Concepts: Practical Applications,2,Case Study
Cost Accounting,Common Mistakes in Cost Concepts,Intermediate,54,Problem Solving using Cost Concepts,3,Video
Cost Accounting,Hands-on Practice for Cost Concepts,Intermediate,33,Common Mistakes in Cost Concepts,3,Practice Problems
Cost Accounting,Advanced Cost Concepts Techniques,Advanced,91,Hands-on Practice for Cost Concepts,5,Mini Project
Cost Accounting,Cost Concepts: Case Study & Project Work,Advanced,64,Advanced Cost Concepts Techniques,5,Practice Problems
Cost Accounting,Mini Project on Cost Concepts,Advanced,89,Cost Concepts: Case Study & Project Work,4,Case Study
Cost Accounting,Real-world Applications of Cost Concepts,Advanced,82,Mini Project on Cost Concepts,5,Interactive Lab
Cost Accounting,Interview Questions on Cost Concepts,Advanced,102,Real-world Applications of Cost Concepts,5,Mini Project
Cost Accounting,Mastering Cost Concepts,Advanced,88,Interview Questions on Cost Concepts,5,Mini Project
Cost Accounting,Introduction to Costing Methods,Beginner,18,Mastering Cost Concepts,2,Quiz
Cost Accounting,Fundamentals of Costing Methods,Beginner,18,Introduction to Costing Methods,1,Quiz
Cost Accounting,Quick Revision of Costing Methods,Beginner,17,Fundamentals of Costing Methods,1,PDF Notes
Cost Accounting,Essential Terminology of Costing Methods,Beginner,20,Quick Revision of Costing Methods,2,Quiz
Cost Accounting,Costing Methods: Core Concepts,Intermediate,44,Essential Terminology of Costing Methods,2,Case Study
Cost Accounting,Costing Methods: Practical Applications,Intermediate,38,Costing Methods: Core Concepts,3,Practice Problems
Cost Accounting,Problem Solving using Costing Methods,Intermediate,34,Costing Methods: Practical Applications,4,Practice Problems
Cost Accounting,Common Mistakes in Costing Methods,Intermediate,40,Problem Solving using Costing Methods,2,Practice Problems
Cost Accounting,Hands-on Practice for Costing Methods,Intermediate,55,Common Mistakes in Costing Methods,2,Case Study
Cost Accounting,Advanced Costing Methods Techniques,Advanced,93,Hands-on Practice for Costing Methods,4,Mini Project
Cost Accounting,Costing Methods: Case Study & Project Work,Advanced,68,Advanced Costing Methods Techniques,5,Case Study
Cost Accounting,Mini Project on Costing Methods,Advanced,66,Costing Methods: Case Study & Project Work,5,Case Study
Cost Accounting,Real-world Applications of Costing Methods,Advanced,101,Mini Project on Costing Methods,5,Case Study
Cost Accounting,Interview Questions on Costing Methods,Advanced,94,Real-world Applications of Costing Methods,4,Interactive Lab
Cost Accounting,Mastering Costing Methods,Advanced,120,Interview Questions on Costing Methods,4,Case Study
Cost Accounting,Introduction to Budgetary Control,Beginner,29,Mastering Costing Methods,1,PDF Notes
Cost Accounting,Fundamentals of Budgetary Control,Beginner,25,Introduction to Budgetary Control,2,PDF Notes
Cost Accounting,Quick Revision of Budgetary Control,Beginner,16,Fundamentals of Budgetary Control,2,Video
Cost Accounting,Essential Terminology of Budgetary Control,Beginner,30,Quick Revision of Budgetary Control,2,PDF Notes
Cost Accounting,Budgetary Control: Core Concepts,Intermediate,36,Essential Terminology of Budgetary Control,2,Video
Cost Accounting,Budgetary Control: Practical Applications,Intermediate,40,Budgetary Control: Core Concepts,2,Video
Cost Accounting,Problem Solving using Budgetary Control,Intermediate,52,Budgetary Control: Practical Applications,2,Case Study
Cost Accounting,Common Mistakes in Budgetary Control,Intermediate,36,Problem Solving using Budgetary Control,3,Video
Cost Accounting,Hands-on Practice for Budgetary Control,Intermediate,47,Common Mistakes in Budgetary Control,4,Quiz
Cost Accounting,Advanced Budgetary Control Techniques,Advanced,92,Hands-on Practice for Budgetary Control,4,Practice Problems
Cost Accounting,Budgetary Control: Case Study & Project Work,Advanced,91,Advanced Budgetary Control Techniques,4,Case Study
Cost Accounting,Mini Project on Budgetary Control,Advanced,87,Budgetary Control: Case Study & Project Work,4,Mini Project
Cost Accounting,Real-world Applications of Budgetary Control,Advanced,66,Mini Project on Budgetary Control,5,Mini Project
Cost Accounting,Interview Questions on Budgetary Control,Advanced,83,Real-world Applications of Budgetary Control,5,Practice Problems
Cost Accounting,Mastering Budgetary Control,Advanced,78,Interview Questions on Budgetary Control,5,Case Study
Cost Accounting,Introduction to Standard Costing,Beginner,22,Mastering Budgetary Control,2,Quiz
Cost Accounting,Fundamentals of Standard Costing,Beginner,25,Introduction to Standard Costing,1,Quiz
Cost Accounting,Quick Revision of Standard Costing,Beginner,26,Fundamentals of Standard Costing,1,PDF Notes
Cost Accounting,Essential Terminology of Standard Costing,Beginner,25,Quick Revision of Standard Costing,1,PDF Notes
Cost Accounting,Standard Costing: Core Concepts,Intermediate,31,Essential Terminology of Standard Costing,2,Case Study
Cost Accounting,Standard Costing: Practical Applications,Intermediate,31,Standard Costing: Core Concepts,3,Practice Problems
Cost Accounting,Problem Solving using Standard Costing,Intermediate,49,Standard Costing: Practical Applications,3,Case Study
Cost Accounting,Common Mistakes in Standard Costing,Intermediate,54,Problem Solving using Standard Costing,2,Practice Problems
Cost Accounting,Hands-on Practice for Standard Costing,Intermediate,57,Common Mistakes in Standard Costing,3,Case Study
Cost Accounting,Advanced Standard Costing Techniques,Advanced,92,Hands-on Practice for Standard Costing,4,Practice Problems
Cost Accounting,Standard Costing: Case Study & Project Work,Advanced,100,Advanced Standard Costing Techniques,5,Mini Project
Cost Accounting,Mini Project on Standard Costing,Advanced,106,Standard Costing: Case Study & Project Work,4,Mini Project
Cost Accounting,Real-world Applications of Standard Costing,Advanced,75,Mini Project on Standard Costing,4,Mini Project
Cost Accounting,Interview Questions on Standard Costing,Advanced,116,Real-world Applications of Standard Costing,5,Mini Project
Cost Accounting,Mastering Standard Costing,Advanced,102,Interview Questions on Standard Costing,4,Interactive Lab
Criminal Law,Introduction to Elements of Crime,Beginner,30,None,2,PDF Notes
Criminal Law,Fundamentals of Elements of Crime,Beginner,23,Introduction to Elements of Crime,2,Video
Criminal Law,Quick Revision of Elements of Crime,Beginner,26,Fundamentals of Elements of Crime,2,Video
Criminal Law,Essential Terminology of Elements of Crime,Beginner,24,Quick Revision of Elements of Crime,2,Video
Criminal Law,Elements of Crime: Core Concepts,Intermediate,31,Essential Terminology of Elements of Crime,4,Case Study
Criminal Law,Elements of Crime: Practical Applications,Intermediate,31,Elements of Crime: Core Concepts,2,Video
Criminal Law,Problem Solving using Elements of Crime,Intermediate,57,Elements of Crime: Practical Applications,3,Video
Criminal Law,Common Mistakes in Elements of Crime,Intermediate,31,Problem Solving using Elements of Crime,4,Quiz
Criminal Law,Hands-on Practice for Elements of Crime,Intermediate,43,Common Mistakes in Elements of Crime,3,Quiz
Criminal Law,Advanced Elements of Crime Techniques,Advanced,74,Hands-on Practice for Elements of Crime,5,Interactive Lab
Criminal Law,Elements of Crime: Case Study & Project Work,Advanced,87,Advanced Elements of Crime Techniques,5,Interactive Lab
Criminal Law,Mini Project on Elements of Crime,Advanced,98,Elements of Crime: Case Study & Project Work,5,Interactive Lab
Criminal Law,Real-world Applications of Elements of Crime,Advanced,69,Mini Project on Elements of Crime,5,Mini Project
Criminal Law,Interview Questions on Elements of Crime,Advanced,96,Real-world Applications of Elements of Crime,5,Practice Problems
Criminal Law,Mastering Elements of Crime,Advanced,73,Interview Questions on Elements of Crime,5,Practice Problems
Criminal Law,Introduction to Offences Against Person,Beginner,24,Mastering Elements of Crime,2,PDF Notes
Criminal Law,Fundamentals of Offences Against Person,Beginner,22,Introduction to Offences Against Person,2,Video
Criminal Law,Quick Revision of Offences Against Person,Beginner,18,Fundamentals of Offences Against Person,2,PDF Notes
Criminal Law,Essential Terminology of Offences Against Person,Beginner,29,Quick Revision of Offences Against Person,2,Video
Criminal Law,Offences Against Person: Core Concepts,Intermediate,33,Essential Terminology of Offences Against Person,2,Case Study
Criminal Law,Offences Against Person: Practical Applications,Intermediate,30,Offences Against Person: Core Concepts,2,Case Study
Criminal Law,Problem Solving using Offences Against Person,Intermediate,49,Offences Against Person: Practical Applications,3,Practice Problems
Criminal Law,Common Mistakes in Offences Against Person,Intermediate,32,Problem Solving using Offences Against Person,4,Case Study
Criminal Law,Hands-on Practice for Offences Against Person,Intermediate,42,Common Mistakes in Offences Against Person,4,Case Study
Criminal Law,Advanced Offences Against Person Techniques,Advanced,118,Hands-on Practice for Offences Against Person,4,Practice Problems
Criminal Law,Offences Against Person: Case Study & Project Work,Advanced,80,Advanced Offences Against Person Techniques,5,Case Study
Criminal Law,Mini Project on Offences Against Person,Advanced,73,Offences Against Person: Case Study & Project Work,4,Case Study
Criminal Law,Real-world Applications of Offences Against Person,Advanced,73,Mini Project on Offences Against Person,5,Practice Problems
Criminal Law,Interview Questions on Offences Against Person,Advanced,75,Real-world Applications of Offences Against Person,4,Interactive Lab
Criminal Law,Mastering Offences Against Person,Advanced,82,Interview Questions on Offences Against Person,5,Interactive Lab
Criminal Law,Introduction to Offences Against Property,Beginner,21,Mastering Offences Against Person,2,Quiz
Criminal Law,Fundamentals of Offences Against Property,Beginner,26,Introduction to Offences Against Property,1,Video
Criminal Law,Quick Revision of Offences Against Property,Beginner,20,Fundamentals of Offences Against Property,1,PDF Notes
Criminal Law,Essential Terminology of Offences Against Property,Beginner,19,Quick Revision of Offences Against Property,1,Quiz
Criminal Law,Offences Against Property: Core Concepts,Intermediate,49,Essential Terminology of Offences Against Property,4,Case Study
Criminal Law,Offences Against Property: Practical Applications,Intermediate,56,Offences Against Property: Core Concepts,3,Video
Criminal Law,Problem Solving using Offences Against Property,Intermediate,40,Offences Against Property: Practical Applications,2,Quiz
Criminal Law,Common Mistakes in Offences Against Property,Intermediate,60,Problem Solving using Offences Against Property,4,Quiz
Criminal Law,Hands-on Practice for Offences Against Property,Intermediate,57,Common Mistakes in Offences Against Property,4,Practice Problems
Criminal Law,Advanced Offences Against Property Techniques,Advanced,113,Hands-on Practice for Offences Against Property,5,Case Study
Criminal Law,Offences Against Property: Case Study & Project Work,Advanced,91,Advanced Offences Against Property Techniques,5,Interactive Lab
Criminal Law,Mini Project on Offences Against Property,Advanced,118,Offences Against Property: Case Study & Project Work,5,Case Study
Criminal Law,Real-world Applications of Offences Against Property,Advanced,64,Mini Project on Offences Against Property,4,Interactive Lab
Criminal Law,Interview Questions on Offences Against Property,Advanced,65,Real-world Applications of Offences Against Property,4,Interactive Lab
Criminal Law,Mastering Offences Against Property,Advanced,90,Interview Questions on Offences Against Property,5,Mini Project
Criminal Law,Introduction to Criminal Procedure,Beginner,27,Mastering Offences Against Property,1,Quiz
Criminal Law,Fundamentals of Criminal Procedure,Beginner,23,Introduction to Criminal Procedure,2,Quiz
Criminal Law,Quick Revision of Criminal Procedure,Beginner,15,Fundamentals of Criminal Procedure,2,Quiz
Criminal Law,Essential Terminology of Criminal Procedure,Beginner,30,Quick Revision of Criminal Procedure,1,Quiz
Criminal Law,Criminal Procedure: Core Concepts,Intermediate,44,Essential Terminology of Criminal Procedure,3,Case Study
Criminal Law,Criminal Procedure: Practical Applications,Intermediate,40,Criminal Procedure: Core Concepts,2,Practice Problems
Criminal Law,Problem Solving using Criminal Procedure,Intermediate,55,Criminal Procedure: Practical Applications,4,Case Study
Criminal Law,Common Mistakes in Criminal Procedure,Intermediate,43,Problem Solving using Criminal Procedure,4,Quiz
Criminal Law,Hands-on Practice for Criminal Procedure,Intermediate,60,Common Mistakes in Criminal Procedure,3,Quiz
Criminal Law,Advanced Criminal Procedure Techniques,Advanced,106,Hands-on Practice for Criminal Procedure,4,Interactive Lab
Criminal Law,Criminal Procedure: Case Study & Project Work,Advanced,61,Advanced Criminal Procedure Techniques,4,Practice Problems
Criminal Law,Mini Project on Criminal Procedure,Advanced,65,Criminal Procedure: Case Study & Project Work,5,Interactive Lab
Criminal Law,Real-world Applications of Criminal Procedure,Advanced,107,Mini Project on Criminal Procedure,4,Interactive Lab
Criminal Law,Interview Questions on Criminal Procedure,Advanced,62,Real-world Applications of Criminal Procedure,5,Case Study
Criminal Law,Mastering Criminal Procedure,Advanced,64,Interview Questions on Criminal Procedure,4,Practice Problems
DBMS,Introduction to ER Modeling,Beginner,26,None,2,Video
DBMS,Fundamentals of ER Modeling,Beginner,18,Introduction to ER Modeling,1,Quiz
DBMS,Quick Revision of ER Modeling,Beginner,18,Fundamentals of ER Modeling,1,PDF Notes
DBMS,Essential Terminology of ER Modeling,Beginner,17,Quick Revision of ER Modeling,2,Quiz
DBMS,ER Modeling: Core Concepts,Intermediate,42,Essential Terminology of ER Modeling,4,Quiz
DBMS,ER Modeling: Practical Applications,Intermediate,42,ER Modeling: Core Concepts,2,Practice Problems
DBMS,Problem Solving using ER Modeling,Intermediate,57,ER Modeling: Practical Applications,4,Quiz
DBMS,Common Mistakes in ER Modeling,Intermediate,42,Problem Solving using ER Modeling,3,Video
DBMS,Hands-on Practice for ER Modeling,Intermediate,48,Common Mistakes in ER Modeling,3,Practice Problems
DBMS,Advanced ER Modeling Techniques,Advanced,107,Hands-on Practice for ER Modeling,4,Mini Project
DBMS,ER Modeling: Case Study & Project Work,Advanced,82,Advanced ER Modeling Techniques,4,Interactive Lab
DBMS,Mini Project on ER Modeling,Advanced,87,ER Modeling: Case Study & Project Work,4,Practice Problems
DBMS,Real-world Applications of ER Modeling,Advanced,115,Mini Project on ER Modeling,4,Practice Problems
DBMS,Interview Questions on ER Modeling,Advanced,98,Real-world Applications of ER Modeling,4,Practice Problems
DBMS,Mastering ER Modeling,Advanced,74,Interview Questions on ER Modeling,4,Case Study
DBMS,Introduction to Relational Model,Beginner,28,Mastering ER Modeling,1,PDF Notes
DBMS,Fundamentals of Relational Model,Beginner,24,Introduction to Relational Model,1,Quiz
DBMS,Quick Revision of Relational Model,Beginner,20,Fundamentals of Relational Model,2,Quiz
DBMS,Essential Terminology of Relational Model,Beginner,17,Quick Revision of Relational Model,2,PDF Notes
DBMS,Relational Model: Core Concepts,Intermediate,43,Essential Terminology of Relational Model,3,Quiz
DBMS,Relational Model: Practical Applications,Intermediate,39,Relational Model: Core Concepts,2,Video
DBMS,Problem Solving using Relational Model,Intermediate,37,Relational Model: Practical Applications,4,Case Study
DBMS,Common Mistakes in Relational Model,Intermediate,51,Problem Solving using Relational Model,4,Case Study
DBMS,Hands-on Practice for Relational Model,Intermediate,36,Common Mistakes in Relational Model,4,Video
DBMS,Advanced Relational Model Techniques,Advanced,120,Hands-on Practice for Relational Model,5,Interactive Lab
DBMS,Relational Model: Case Study & Project Work,Advanced,71,Advanced Relational Model Techniques,5,Mini Project
DBMS,Mini Project on Relational Model,Advanced,105,Relational Model: Case Study & Project Work,5,Case Study
DBMS,Real-world Applications of Relational Model,Advanced,110,Mini Project on Relational Model,4,Interactive Lab
DBMS,Interview Questions on Relational Model,Advanced,105,Real-world Applications of Relational Model,4,Practice Problems
DBMS,Mastering Relational Model,Advanced,75,Interview Questions on Relational Model,4,Interactive Lab
DBMS,Introduction to SQL Queries,Beginner,23,Mastering Relational Model,1,PDF Notes
DBMS,Fundamentals of SQL Queries,Beginner,20,Introduction to SQL Queries,1,PDF Notes
DBMS,Quick Revision of SQL Queries,Beginner,18,Fundamentals of SQL Queries,1,Video
DBMS,Essential Terminology of SQL Queries,Beginner,21,Quick Revision of SQL Queries,2,PDF Notes
DBMS,SQL Queries: Core Concepts,Intermediate,40,Essential Terminology of SQL Queries,3,Quiz
DBMS,SQL Queries: Practical Applications,Intermediate,52,SQL Queries: Core Concepts,2,Video
DBMS,Problem Solving using SQL Queries,Intermediate,47,SQL Queries: Practical Applications,4,Video
DBMS,Common Mistakes in SQL Queries,Intermediate,54,Problem Solving using SQL Queries,3,Quiz
DBMS,Hands-on Practice for SQL Queries,Intermediate,51,Common Mistakes in SQL Queries,2,Video
DBMS,Advanced SQL Queries Techniques,Advanced,92,Hands-on Practice for SQL Queries,5,Mini Project
DBMS,SQL Queries: Case Study & Project Work,Advanced,73,Advanced SQL Queries Techniques,4,Mini Project
DBMS,Mini Project on SQL Queries,Advanced,87,SQL Queries: Case Study & Project Work,4,Case Study
DBMS,Real-world Applications of SQL Queries,Advanced,75,Mini Project on SQL Queries,5,Mini Project
DBMS,Interview Questions on SQL Queries,Advanced,111,Real-world Applications of SQL Queries,4,Interactive Lab
DBMS,Mastering SQL Queries,Advanced,74,Interview Questions on SQL Queries,5,Practice Problems
DBMS,Introduction to Normalization,Beginner,23,Mastering SQL Queries,1,PDF Notes
DBMS,Fundamentals of Normalization,Beginner,24,Introduction to Normalization,1,Quiz
DBMS,Quick Revision of Normalization,Beginner,19,Fundamentals of Normalization,2,PDF Notes
DBMS,Essential Terminology of Normalization,Beginner,18,Quick Revision of Normalization,2,PDF Notes
DBMS,Normalization: Core Concepts,Intermediate,52,Essential Terminology of Normalization,2,Practice Problems
DBMS,Normalization: Practical Applications,Intermediate,36,Normalization: Core Concepts,3,Quiz
DBMS,Problem Solving using Normalization,Intermediate,47,Normalization: Practical Applications,2,Quiz
DBMS,Common Mistakes in Normalization,Intermediate,39,Problem Solving using Normalization,3,Quiz
DBMS,Hands-on Practice for Normalization,Intermediate,36,Common Mistakes in Normalization,2,Practice Problems
DBMS,Advanced Normalization Techniques,Advanced,97,Hands-on Practice for Normalization,4,Practice Problems
DBMS,Normalization: Case Study & Project Work,Advanced,92,Advanced Normalization Techniques,4,Practice Problems
DBMS,Mini Project on Normalization,Advanced,112,Normalization: Case Study & Project Work,5,Mini Project
DBMS,Real-world Applications of Normalization,Advanced,63,Mini Project on Normalization,4,Practice Problems
DBMS,Interview Questions on Normalization,Advanced,102,Real-world Applications of Normalization,5,Mini Project
DBMS,Mastering Normalization,Advanced,63,Interview Questions on Normalization,4,Case Study
DBMS,Introduction to Transactions,Beginner,28,Mastering Normalization,2,Video
DBMS,Fundamentals of Transactions,Beginner,27,Introduction to Transactions,1,Video
DBMS,Quick Revision of Transactions,Beginner,22,Fundamentals of Transactions,1,PDF Notes
DBMS,Essential Terminology of Transactions,Beginner,18,Quick Revision of Transactions,1,Quiz
DBMS,Transactions: Core Concepts,Intermediate,56,Essential Terminology of Transactions,3,Quiz
DBMS,Transactions: Practical Applications,Intermediate,47,Transactions: Core Concepts,2,Case Study
DBMS,Problem Solving using Transactions,Intermediate,32,Transactions: Practical Applications,4,Video
DBMS,Common Mistakes in Transactions,Intermediate,56,Problem Solving using Transactions,4,Case Study
DBMS,Hands-on Practice for Transactions,Intermediate,34,Common Mistakes in Transactions,2,Video
DBMS,Advanced Transactions Techniques,Advanced,107,Hands-on Practice for Transactions,5,Mini Project
DBMS,Transactions: Case Study & Project Work,Advanced,107,Advanced Transactions Techniques,4,Interactive Lab
DBMS,Mini Project on Transactions,Advanced,63,Transactions: Case Study & Project Work,5,Mini Project
DBMS,Real-world Applications of Transactions,Advanced,81,Mini Project on Transactions,4,Mini Project
DBMS,Interview Questions on Transactions,Advanced,103,Real-world Applications of Transactions,5,Mini Project
DBMS,Mastering Transactions,Advanced,95,Interview Questions on Transactions,5,Mini Project
DBMS,Introduction to Indexing,Beginner,19,Mastering Transactions,1,Quiz
DBMS,Fundamentals of Indexing,Beginner,27,Introduction to Indexing,1,Quiz
DBMS,Quick Revision of Indexing,Beginner,24,Fundamentals of Indexing,2,Quiz
DBMS,Essential Terminology of Indexing,Beginner,24,Quick Revision of Indexing,1,PDF Notes
DBMS,Indexing: Core Concepts,Intermediate,35,Essential Terminology of Indexing,3,Video
DBMS,Indexing: Practical Applications,Intermediate,34,Indexing: Core Concepts,3,Video
DBMS,Problem Solving using Indexing,Intermediate,59,Indexing: Practical Applications,2,Practice Problems
DBMS,Common Mistakes in Indexing,Intermediate,54,Problem Solving using Indexing,3,Quiz
DBMS,Hands-on Practice for Indexing,Intermediate,39,Common Mistakes in Indexing,2,Case Study
DBMS,Advanced Indexing Techniques,Advanced,113,Hands-on Practice for Indexing,5,Case Study
DBMS,Indexing: Case Study & Project Work,Advanced,98,Advanced Indexing Techniques,4,Mini Project
DBMS,Mini Project on Indexing,Advanced,80,Indexing: Case Study & Project Work,5,Case Study
DBMS,Real-world Applications of Indexing,Advanced,88,Mini Project on Indexing,4,Case Study
DBMS,Interview Questions on Indexing,Advanced,112,Real-world Applications of Indexing,4,Mini Project
DBMS,Mastering Indexing,Advanced,111,Interview Questions on Indexing,4,Interactive Lab
Data Structures,Introduction to Arrays and Lists,Beginner,26,None,2,PDF Notes
Data Structures,Fundamentals of Arrays and Lists,Beginner,17,Introduction to Arrays and Lists,1,Quiz
Data Structures,Quick Revision of Arrays and Lists,Beginner,16,Fundamentals of Arrays and Lists,2,PDF Notes
Data Structures,Essential Terminology of Arrays and Lists,Beginner,19,Quick Revision of Arrays and Lists,2,Video
Data Structures,Arrays and Lists: Core Concepts,Intermediate,41,Essential Terminology of Arrays and Lists,4,Video
Data Structures,Arrays and Lists: Practical Applications,Intermediate,55,Arrays and Lists: Core Concepts,4,Case Study
Data Structures,Problem Solving using Arrays and Lists,Intermediate,56,Arrays and Lists: Practical Applications,3,Case Study
Data Structures,Common Mistakes in Arrays and Lists,Intermediate,46,Problem Solving using Arrays and Lists,3,Quiz
Data Structures,Hands-on Practice for Arrays and Lists,Intermediate,53,Common Mistakes in Arrays and Lists,3,Practice Problems
Data Structures,Advanced Arrays and Lists Techniques,Advanced,103,Hands-on Practice for Arrays and Lists,4,Mini Project
Data Structures,Arrays and Lists: Case Study & Project Work,Advanced,101,Advanced Arrays and Lists Techniques,4,Case Study
Data Structures,Mini Project on Arrays and Lists,Advanced,116,Arrays and Lists: Case Study & Project Work,4,Case Study
Data Structures,Real-world Applications of Arrays and Lists,Advanced,118,Mini Project on Arrays and Lists,5,Case Study
Data Structures,Interview Questions on Arrays and Lists,Advanced,73,Real-world Applications of Arrays and Lists,4,Practice Problems
Data Structures,Mastering Arrays and Lists,Advanced,91,Interview Questions on Arrays and Lists,5,Case Study
Data Structures,Introduction to Stacks and Queues,Beginner,21,Mastering Arrays and Lists,1,Video
Data Structures,Fundamentals of Stacks and Queues,Beginner,24,Introduction to Stacks and Queues,1,PDF Notes
Data Structures,Quick Revision of Stacks and Queues,Beginner,30,Fundamentals of Stacks and Queues,1,Quiz
Data Structures,Essential Terminology of Stacks and Queues,Beginner,19,Quick Revision of Stacks and Queues,2,Video
Data Structures,Stacks and Queues: Core Concepts,Intermediate,56,Essential Terminology of Stacks and Queues,3,Video
Data Structures,Stacks and Queues: Practical Applications,Intermediate,36,Stacks and Queues: Core Concepts,3,Video
Data Structures,Problem Solving using Stacks and Queues,Intermediate,36,Stacks and Queues: Practical Applications,2,Video
Data Structures,Common Mistakes in Stacks and Queues,Intermediate,44,Problem Solving using Stacks and Queues,4,Video
Data Structures,Hands-on Practice for Stacks and Queues,Intermediate,39,Common Mistakes in Stacks and Queues,2,Video
Data Structures,Advanced Stacks and Queues Techniques,Advanced,94,Hands-on Practice for Stacks and Queues,5,Practice Problems
Data Structures,Stacks and Queues: Case Study & Project Work,Advanced,106,Advanced Stacks and Queues Techniques,5,Interactive Lab
Data Structures,Mini Project on Stacks and Queues,Advanced,88,Stacks and Queues: Case Study & Project Work,4,Case Study
Data Structures,Real-world Applications of Stacks and Queues,Advanced,67,Mini Project on Stacks and Queues,5,Case Study
Data Structures,Interview Questions on Stacks and Queues,Advanced,117,Real-world Applications of Stacks and Queues,5,Case Study
Data Structures,Mastering Stacks and Queues,Advanced,63,Interview Questions on Stacks and Queues,4,Interactive Lab
Data Structures,Introduction to Linked Lists,Beginner,17,Mastering Stacks and Queues,1,Quiz
Data Structures,Fundamentals of Linked Lists,Beginner,30,Introduction to Linked Lists,1,Quiz
Data Structures,Quick Revision of Linked Lists,Beginner,30,Fundamentals of Linked Lists,1,PDF Notes
Data Structures,Essential Terminology of Linked Lists,Beginner,27,Quick Revision of Linked Lists,1,Video
Data Structures,Linked Lists: Core Concepts,Intermediate,36,Essential Terminology of Linked Lists,4,Video
Data Structures,Linked Lists: Practical Applications,Intermediate,35,Linked Lists: Core Concepts,3,Quiz
Data Structures,Problem Solving using Linked Lists,Intermediate,51,Linked Lists: Practical Applications,2,Quiz
Data Structures,Common Mistakes in Linked Lists,Intermediate,41,Problem Solving using Linked Lists,2,Practice Problems
Data Structures,Hands-on Practice for Linked Lists,Intermediate,40,Common Mistakes in Linked Lists,3,Case Study
Data Structures,Advanced Linked Lists Techniques,Advanced,115,Hands-on Practice for Linked Lists,4,Interactive Lab
Data Structures,Linked Lists: Case Study & Project Work,Advanced,109,Advanced Linked Lists Techniques,5,Interactive Lab
Data Structures,Mini Project on Linked Lists,Advanced,76,Linked Lists: Case Study & Project Work,5,Mini Project
Data Structures,Real-world Applications of Linked Lists,Advanced,105,Mini Project on Linked Lists,5,Mini Project
Data Structures,Interview Questions on Linked Lists,Advanced,100,Real-world Applications of Linked Lists,5,Interactive Lab
Data Structures,Mastering Linked Lists,Advanced,82,Interview Questions on Linked Lists,4,Mini Project
Data Structures,Introduction to Trees,Beginner,29,Mastering Linked Lists,1,Quiz
Data Structures,Fundamentals of Trees,Beginner,23,Introduction to Trees,2,PDF Notes
Data Structures,Quick Revision of Trees,Beginner,27,Fundamentals of Trees,1,PDF Notes
Data Structures,Essential Terminology of Trees,Beginner,26,Quick Revision of Trees,2,Quiz
Data Structures,Trees: Core Concepts,Intermediate,57,Essential Terminology of Trees,4,Quiz
Data Structures,Trees: Practical Applications,Intermediate,57,Trees: Core Concepts,4,Case Study
Data Structures,Problem Solving using Trees,Intermediate,56,Trees: Practical Applications,4,Quiz
Data Structures,Common Mistakes in Trees,Intermediate,37,Problem Solving using Trees,2,Case Study
Data Structures,Hands-on Practice for Trees,Intermediate,43,Common Mistakes in Trees,2,Practice Problems
Data Structures,Advanced Trees Techniques,Advanced,107,Hands-on Practice for Trees,4,Mini Project
Data Structures,Trees: Case Study & Project Work,Advanced,67,Advanced Trees Techniques,5,Practice Problems
Data Structures,Mini Project on Trees,Advanced,83,Trees: Case Study & Project Work,5,Case Study
Data Structures,Real-world Applications of Trees,Advanced,89,Mini Project on Trees,4,Interactive Lab
Data Structures,Interview Questions on Trees,Advanced,64,Real-world Applications of Trees,4,Practice Problems
Data Structures,Mastering Trees,Advanced,113,Interview Questions on Trees,5,Case Study
Data Structures,Introduction to Graphs,Beginner,16,Mastering Trees,2,PDF Notes
Data Structures,Fundamentals of Graphs,Beginner,21,Introduction to Graphs,1,PDF Notes
Data Structures,Quick Revision of Graphs,Beginner,29,Fundamentals of Graphs,1,Quiz
Data Structures,Essential Terminology of Graphs,Beginner,27,Quick Revision of Graphs,2,Quiz
Data Structures,Graphs: Core Concepts,Intermediate,54,Essential Terminology of Graphs,4,Video
Data Structures,Graphs: Practical Applications,Intermediate,48,Graphs: Core Concepts,4,Video
Data Structures,Problem Solving using Graphs,Intermediate,50,Graphs: Practical Applications,3,Practice Problems
Data Structures,Common Mistakes in Graphs,Intermediate,43,Problem Solving using Graphs,3,Quiz
Data Structures,Hands-on Practice for Graphs,Intermediate,41,Common Mistakes in Graphs,2,Quiz
Data Structures,Advanced Graphs Techniques,Advanced,110,Hands-on Practice for Graphs,4,Case Study
Data Structures,Graphs: Case Study & Project Work,Advanced,81,Advanced Graphs Techniques,4,Practice Problems
Data Structures,Mini Project on Graphs,Advanced,113,Graphs: Case Study & Project Work,4,Mini Project
Data Structures,Real-world Applications of Graphs,Advanced,71,Mini Project on Graphs,4,Practice Problems
Data Structures,Interview Questions on Graphs,Advanced,87,Real-world Applications of Graphs,5,Case Study
Data Structures,Mastering Graphs,Advanced,92,Interview Questions on Graphs,4,Practice Problems
Data Structures,Introduction to Hashing,Beginner,25,Mastering Graphs,2,Video
Data Structures,Fundamentals of Hashing,Beginner,28,Introduction to Hashing,1,Video
Data Structures,Quick Revision of Hashing,Beginner,24,Fundamentals of Hashing,1,PDF Notes
Data Structures,Essential Terminology of Hashing,Beginner,29,Quick Revision of Hashing,1,PDF Notes
Data Structures,Hashing: Core Concepts,Intermediate,42,Essential Terminology of Hashing,3,Video
Data Structures,Hashing: Practical Applications,Intermediate,57,Hashing: Core Concepts,3,Practice Problems
Data Structures,Problem Solving using Hashing,Intermediate,45,Hashing: Practical Applications,4,Case Study
Data Structures,Common Mistakes in Hashing,Intermediate,42,Problem Solving using Hashing,3,Case Study
Data Structures,Hands-on Practice for Hashing,Intermediate,41,Common Mistakes in Hashing,4,Video
Data Structures,Advanced Hashing Techniques,Advanced,81,Hands-on Practice for Hashing,4,Mini Project
Data Structures,Hashing: Case Study & Project Work,Advanced,99,Advanced Hashing Techniques,4,Interactive Lab
Data Structures,Mini Project on Hashing,Advanced,100,Hashing: Case Study & Project Work,4,Mini Project
Data Structures,Real-world Applications of Hashing,Advanced,82,Mini Project on Hashing,4,Practice Problems
Data Structures,Interview Questions on Hashing,Advanced,82,Real-world Applications of Hashing,4,Case Study
Data Structures,Mastering Hashing,Advanced,82,Interview Questions on Hashing,5,Mini Project
Deep Learning,Introduction to Neural Networks,Beginner,27,None,1,PDF Notes
Deep Learning,Fundamentals of Neural Networks,Beginner,21,Introduction to Neural Networks,1,Video
Deep Learning,Quick Revision of Neural Networks,Beginner,19,Fundamentals of Neural Networks,1,Quiz
Deep Learning,Essential Terminology of Neural Networks,Beginner,21,Quick Revision of Neural Networks,1,Video
Deep Learning,Neural Networks: Core Concepts,Intermediate,41,Essential Terminology of Neural Networks,3,Case Study
Deep Learning,Neural Networks: Practical Applications,Intermediate,48,Neural Networks: Core Concepts,4,Case Study
Deep Learning,Problem Solving using Neural Networks,Intermediate,48,Neural Networks: Practical Applications,3,Video
Deep Learning,Common Mistakes in Neural Networks,Intermediate,47,Problem Solving using Neural Networks,4,Practice Problems
Deep Learning,Hands-on Practice for Neural Networks,Intermediate,56,Common Mistakes in Neural Networks,2,Quiz
Deep Learning,Advanced Neural Networks Techniques,Advanced,104,Hands-on Practice for Neural Networks,4,Case Study
Deep Learning,Neural Networks: Case Study & Project Work,Advanced,80,Advanced Neural Networks Techniques,5,Practice Problems
Deep Learning,Mini Project on Neural Networks,Advanced,107,Neural Networks: Case Study & Project Work,4,Interactive Lab
Deep Learning,Real-world Applications of Neural Networks,Advanced,108,Mini Project on Neural Networks,4,Practice Problems
Deep Learning,Interview Questions on Neural Networks,Advanced,96,Real-world Applications of Neural Networks,5,Interactive Lab
Deep Learning,Mastering Neural Networks,Advanced,87,Interview Questions on Neural Networks,4,Practice Problems
Deep Learning,Introduction to Convolutional Networks,Beginner,23,Mastering Neural Networks,2,Video
Deep Learning,Fundamentals of Convolutional Networks,Beginner,24,Introduction to Convolutional Networks,2,Video
Deep Learning,Quick Revision of Convolutional Networks,Beginner,20,Fundamentals of Convolutional Networks,1,Video
Deep Learning,Essential Terminology of Convolutional Networks,Beginner,27,Quick Revision of Convolutional Networks,2,PDF Notes
Deep Learning,Convolutional Networks: Core Concepts,Intermediate,42,Essential Terminology of Convolutional Networks,4,Practice Problems
Deep Learning,Convolutional Networks: Practical Applications,Intermediate,31,Convolutional Networks: Core Concepts,4,Video
Deep Learning,Problem Solving using Convolutional Networks,Intermediate,50,Convolutional Networks: Practical Applications,4,Quiz
Deep Learning,Common Mistakes in Convolutional Networks,Intermediate,53,Problem Solving using Convolutional Networks,4,Practice Problems
Deep Learning,Hands-on Practice for Convolutional Networks,Intermediate,46,Common Mistakes in Convolutional Networks,2,Case Study
Deep Learning,Advanced Convolutional Networks Techniques,Advanced,104,Hands-on Practice for Convolutional Networks,4,Mini Project
Deep Learning,Convolutional Networks: Case Study & Project Work,Advanced,60,Advanced Convolutional Networks Techniques,5,Interactive Lab
Deep Learning,Mini Project on Convolutional Networks,Advanced,104,Convolutional Networks: Case Study & Project Work,4,Practice Problems
Deep Learning,Real-world Applications of Convolutional Networks,Advanced,102,Mini Project on Convolutional Networks,5,Interactive Lab
Deep Learning,Interview Questions on Convolutional Networks,Advanced,75,Real-world Applications of Convolutional Networks,5,Interactive Lab
Deep Learning,Mastering Convolutional Networks,Advanced,78,Interview Questions on Convolutional Networks,4,Case Study
Deep Learning,Introduction to Recurrent Networks,Beginner,23,Mastering Convolutional Networks,2,PDF Notes
Deep Learning,Fundamentals of Recurrent Networks,Beginner,17,Introduction to Recurrent Networks,1,Video
Deep Learning,Quick Revision of Recurrent Networks,Beginner,24,Fundamentals of Recurrent Networks,1,Video
Deep Learning,Essential Terminology of Recurrent Networks,Beginner,16,Quick Revision of Recurrent Networks,2,Quiz
Deep Learning,Recurrent Networks: Core Concepts,Intermediate,47,Essential Terminology of Recurrent Networks,3,Quiz
Deep Learning,Recurrent Networks: Practical Applications,Intermediate,58,Recurrent Networks: Core Concepts,2,Practice Problems
Deep Learning,Problem Solving using Recurrent Networks,Intermediate,50,Recurrent Networks: Practical Applications,3,Practice Problems
Deep Learning,Common Mistakes in Recurrent Networks,Intermediate,38,Problem Solving using Recurrent Networks,4,Video
Deep Learning,Hands-on Practice for Recurrent Networks,Intermediate,60,Common Mistakes in Recurrent Networks,3,Practice Problems
Deep Learning,Advanced Recurrent Networks Techniques,Advanced,89,Hands-on Practice for Recurrent Networks,4,Practice Problems
Deep Learning,Recurrent Networks: Case Study & Project Work,Advanced,77,Advanced Recurrent Networks Techniques,5,Practice Problems
Deep Learning,Mini Project on Recurrent Networks,Advanced,111,Recurrent Networks: Case Study & Project Work,4,Interactive Lab
Deep Learning,Real-world Applications of Recurrent Networks,Advanced,90,Mini Project on Recurrent Networks,4,Practice Problems
Deep Learning,Interview Questions on Recurrent Networks,Advanced,99,Real-world Applications of Recurrent Networks,4,Interactive Lab
Deep Learning,Mastering Recurrent Networks,Advanced,68,Interview Questions on Recurrent Networks,5,Practice Problems
Deep Learning,Introduction to Transformers,Beginner,15,Mastering Recurrent Networks,2,Quiz
Deep Learning,Fundamentals of Transformers,Beginner,17,Introduction to Transformers,1,Video
Deep Learning,Quick Revision of Transformers,Beginner,21,Fundamentals of Transformers,1,Quiz
Deep Learning,Essential Terminology of Transformers,Beginner,16,Quick Revision of Transformers,1,PDF Notes
Deep Learning,Transformers: Core Concepts,Intermediate,58,Essential Terminology of Transformers,2,Case Study
Deep Learning,Transformers: Practical Applications,Intermediate,39,Transformers: Core Concepts,2,Practice Problems
Deep Learning,Problem Solving using Transformers,Intermediate,58,Transformers: Practical Applications,4,Quiz
Deep Learning,Common Mistakes in Transformers,Intermediate,37,Problem Solving using Transformers,4,Case Study
Deep Learning,Hands-on Practice for Transformers,Intermediate,60,Common Mistakes in Transformers,3,Case Study
Deep Learning,Advanced Transformers Techniques,Advanced,68,Hands-on Practice for Transformers,5,Interactive Lab
Deep Learning,Transformers: Case Study & Project Work,Advanced,70,Advanced Transformers Techniques,4,Interactive Lab
Deep Learning,Mini Project on Transformers,Advanced,120,Transformers: Case Study & Project Work,5,Interactive Lab
Deep Learning,Real-world Applications of Transformers,Advanced,95,Mini Project on Transformers,5,Interactive Lab
Deep Learning,Interview Questions on Transformers,Advanced,71,Real-world Applications of Transformers,4,Mini Project
Deep Learning,Mastering Transformers,Advanced,119,Interview Questions on Transformers,5,Interactive Lab
Deep Learning,Introduction to Optimization Techniques,Beginner,18,Mastering Transformers,1,PDF Notes
Deep Learning,Fundamentals of Optimization Techniques,Beginner,20,Introduction to Optimization Techniques,2,Quiz
Deep Learning,Quick Revision of Optimization Techniques,Beginner,21,Fundamentals of Optimization Techniques,2,Quiz
Deep Learning,Essential Terminology of Optimization Techniques,Beginner,19,Quick Revision of Optimization Techniques,1,Video
Deep Learning,Optimization Techniques: Core Concepts,Intermediate,43,Essential Terminology of Optimization Techniques,3,Video
Deep Learning,Optimization Techniques: Practical Applications,Intermediate,34,Optimization Techniques: Core Concepts,4,Video
Deep Learning,Problem Solving using Optimization Techniques,Intermediate,54,Optimization Techniques: Practical Applications,4,Practice Problems
Deep Learning,Common Mistakes in Optimization Techniques,Intermediate,49,Problem Solving using Optimization Techniques,4,Quiz
Deep Learning,Hands-on Practice for Optimization Techniques,Intermediate,42,Common Mistakes in Optimization Techniques,3,Quiz
Deep Learning,Advanced Optimization Techniques Techniques,Advanced,72,Hands-on Practice for Optimization Techniques,5,Case Study
Deep Learning,Optimization Techniques: Case Study & Project Work,Advanced,87,Advanced Optimization Techniques Techniques,5,Case Study
Deep Learning,Mini Project on Optimization Techniques,Advanced,65,Optimization Techniques: Case Study & Project Work,4,Mini Project
Deep Learning,Real-world Applications of Optimization Techniques,Advanced,94,Mini Project on Optimization Techniques,5,Case Study
Deep Learning,Interview Questions on Optimization Techniques,Advanced,113,Real-world Applications of Optimization Techniques,5,Practice Problems
Deep Learning,Mastering Optimization Techniques,Advanced,64,Interview Questions on Optimization Techniques,4,Mini Project
Digital Electronics,Introduction to Logic Gates,Beginner,25,None,2,Quiz
Digital Electronics,Fundamentals of Logic Gates,Beginner,28,Introduction to Logic Gates,1,PDF Notes
Digital Electronics,Quick Revision of Logic Gates,Beginner,30,Fundamentals of Logic Gates,2,Video
Digital Electronics,Essential Terminology of Logic Gates,Beginner,18,Quick Revision of Logic Gates,1,Video
Digital Electronics,Logic Gates: Core Concepts,Intermediate,41,Essential Terminology of Logic Gates,4,Video
Digital Electronics,Logic Gates: Practical Applications,Intermediate,52,Logic Gates: Core Concepts,3,Quiz
Digital Electronics,Problem Solving using Logic Gates,Intermediate,48,Logic Gates: Practical Applications,3,Case Study
Digital Electronics,Common Mistakes in Logic Gates,Intermediate,36,Problem Solving using Logic Gates,3,Video
Digital Electronics,Hands-on Practice for Logic Gates,Intermediate,46,Common Mistakes in Logic Gates,2,Case Study
Digital Electronics,Advanced Logic Gates Techniques,Advanced,106,Hands-on Practice for Logic Gates,5,Practice Problems
Digital Electronics,Logic Gates: Case Study & Project Work,Advanced,110,Advanced Logic Gates Techniques,5,Mini Project
Digital Electronics,Mini Project on Logic Gates,Advanced,87,Logic Gates: Case Study & Project Work,5,Practice Problems
Digital Electronics,Real-world Applications of Logic Gates,Advanced,78,Mini Project on Logic Gates,5,Interactive Lab
Digital Electronics,Interview Questions on Logic Gates,Advanced,104,Real-world Applications of Logic Gates,4,Case Study
Digital Electronics,Mastering Logic Gates,Advanced,86,Interview Questions on Logic Gates,5,Mini Project
Digital Electronics,Introduction to Boolean Algebra,Beginner,18,Mastering Logic Gates,1,PDF Notes
Digital Electronics,Fundamentals of Boolean Algebra,Beginner,22,Introduction to Boolean Algebra,2,Quiz
Digital Electronics,Quick Revision of Boolean Algebra,Beginner,20,Fundamentals of Boolean Algebra,1,PDF Notes
Digital Electronics,Essential Terminology of Boolean Algebra,Beginner,23,Quick Revision of Boolean Algebra,1,Video
Digital Electronics,Boolean Algebra: Core Concepts,Intermediate,43,Essential Terminology of Boolean Algebra,4,Practice Problems
Digital Electronics,Boolean Algebra: Practical Applications,Intermediate,60,Boolean Algebra: Core Concepts,4,Practice Problems
Digital Electronics,Problem Solving using Boolean Algebra,Intermediate,31,Boolean Algebra: Practical Applications,4,Video
Digital Electronics,Common Mistakes in Boolean Algebra,Intermediate,35,Problem Solving using Boolean Algebra,2,Practice Problems
Digital Electronics,Hands-on Practice for Boolean Algebra,Intermediate,48,Common Mistakes in Boolean Algebra,3,Case Study
Digital Electronics,Advanced Boolean Algebra Techniques,Advanced,80,Hands-on Practice for Boolean Algebra,5,Practice Problems
Digital Electronics,Boolean Algebra: Case Study & Project Work,Advanced,98,Advanced Boolean Algebra Techniques,5,Case Study
Digital Electronics,Mini Project on Boolean Algebra,Advanced,67,Boolean Algebra: Case Study & Project Work,4,Practice Problems
Digital Electronics,Real-world Applications of Boolean Algebra,Advanced,107,Mini Project on Boolean Algebra,5,Mini Project
Digital Electronics,Interview Questions on Boolean Algebra,Advanced,118,Real-world Applications of Boolean Algebra,4,Interactive Lab
Digital Electronics,Mastering Boolean Algebra,Advanced,104,Interview Questions on Boolean Algebra,4,Interactive Lab
Digital Electronics,Introduction to Combinational Circuits,Beginner,29,Mastering Boolean Algebra,2,PDF Notes
Digital Electronics,Fundamentals of Combinational Circuits,Beginner,18,Introduction to Combinational Circuits,1,Quiz
Digital Electronics,Quick Revision of Combinational Circuits,Beginner,17,Fundamentals of Combinational Circuits,2,Video
Digital Electronics,Essential Terminology of Combinational Circuits,Beginner,22,Quick Revision of Combinational Circuits,1,Quiz
Digital Electronics,Combinational Circuits: Core Concepts,Intermediate,30,Essential Terminology of Combinational Circuits,4,Case Study
Digital Electronics,Combinational Circuits: Practical Applications,Intermediate,35,Combinational Circuits: Core Concepts,4,Case Study
Digital Electronics,Problem Solving using Combinational Circuits,Intermediate,52,Combinational Circuits: Practical Applications,2,Video
Digital Electronics,Common Mistakes in Combinational Circuits,Intermediate,40,Problem Solving using Combinational Circuits,3,Quiz
Digital Electronics,Hands-on Practice for Combinational Circuits,Intermediate,30,Common Mistakes in Combinational Circuits,3,Video
Digital Electronics,Advanced Combinational Circuits Techniques,Advanced,95,Hands-on Practice for Combinational Circuits,4,Interactive Lab
Digital Electronics,Combinational Circuits: Case Study & Project Work,Advanced,118,Advanced Combinational Circuits Techniques,4,Interactive Lab
Digital Electronics,Mini Project on Combinational Circuits,Advanced,94,Combinational Circuits: Case Study & Project Work,5,Interactive Lab
Digital Electronics,Real-world Applications of Combinational Circuits,Advanced,107,Mini Project on Combinational Circuits,5,Case Study
Digital Electronics,Interview Questions on Combinational Circuits,Advanced,111,Real-world Applications of Combinational Circuits,4,Mini Project
Digital Electronics,Mastering Combinational Circuits,Advanced,94,Interview Questions on Combinational Circuits,5,Mini Project
Digital Electronics,Introduction to Sequential Circuits,Beginner,29,Mastering Combinational Circuits,2,Video
Digital Electronics,Fundamentals of Sequential Circuits,Beginner,27,Introduction to Sequential Circuits,1,Quiz
Digital Electronics,Quick Revision of Sequential Circuits,Beginner,15,Fundamentals of Sequential Circuits,2,Quiz
Digital Electronics,Essential Terminology of Sequential Circuits,Beginner,16,Quick Revision of Sequential Circuits,2,PDF Notes
Digital Electronics,Sequential Circuits: Core Concepts,Intermediate,43,Essential Terminology of Sequential Circuits,3,Video
Digital Electronics,Sequential Circuits: Practical Applications,Intermediate,44,Sequential Circuits: Core Concepts,3,Video
Digital Electronics,Problem Solving using Sequential Circuits,Intermediate,44,Sequential Circuits: Practical Applications,3,Case Study
Digital Electronics,Common Mistakes in Sequential Circuits,Intermediate,52,Problem Solving using Sequential Circuits,4,Video
Digital Electronics,Hands-on Practice for Sequential Circuits,Intermediate,59,Common Mistakes in Sequential Circuits,4,Quiz
Digital Electronics,Advanced Sequential Circuits Techniques,Advanced,100,Hands-on Practice for Sequential Circuits,5,Practice Problems
Digital Electronics,Sequential Circuits: Case Study & Project Work,Advanced,99,Advanced Sequential Circuits Techniques,5,Interactive Lab
Digital Electronics,Mini Project on Sequential Circuits,Advanced,91,Sequential Circuits: Case Study & Project Work,5,Mini Project
Digital Electronics,Real-world Applications of Sequential Circuits,Advanced,111,Mini Project on Sequential Circuits,4,Interactive Lab
Digital Electronics,Interview Questions on Sequential Circuits,Advanced,60,Real-world Applications of Sequential Circuits,5,Mini Project
Digital Electronics,Mastering Sequential Circuits,Advanced,74,Interview Questions on Sequential Circuits,5,Mini Project
Digital Electronics,Introduction to Counters,Beginner,23,Mastering Sequential Circuits,1,PDF Notes
Digital Electronics,Fundamentals of Counters,Beginner,16,Introduction to Counters,2,Quiz
Digital Electronics,Quick Revision of Counters,Beginner,27,Fundamentals of Counters,1,Quiz
Digital Electronics,Essential Terminology of Counters,Beginner,30,Quick Revision of Counters,1,Video
Digital Electronics,Counters: Core Concepts,Intermediate,35,Essential Terminology of Counters,3,Case Study
Digital Electronics,Counters: Practical Applications,Intermediate,56,Counters: Core Concepts,3,Practice Problems
Digital Electronics,Problem Solving using Counters,Intermediate,46,Counters: Practical Applications,2,Practice Problems
Digital Electronics,Common Mistakes in Counters,Intermediate,54,Problem Solving using Counters,3,Quiz
Digital Electronics,Hands-on Practice for Counters,Intermediate,49,Common Mistakes in Counters,2,Quiz
Digital Electronics,Advanced Counters Techniques,Advanced,112,Hands-on Practice for Counters,5,Case Study
Digital Electronics,Counters: Case Study & Project Work,Advanced,96,Advanced Counters Techniques,5,Mini Project
Digital Electronics,Mini Project on Counters,Advanced,117,Counters: Case Study & Project Work,5,Interactive Lab
Digital Electronics,Real-world Applications of Counters,Advanced,102,Mini Project on Counters,4,Practice Problems
Digital Electronics,Interview Questions on Counters,Advanced,117,Real-world Applications of Counters,4,Mini Project
Digital Electronics,Mastering Counters,Advanced,63,Interview Questions on Counters,4,Case Study
Digital Signal Processing,Introduction to Signal Sampling,Beginner,16,None,2,PDF Notes
Digital Signal Processing,Fundamentals of Signal Sampling,Beginner,15,Introduction to Signal Sampling,1,Video
Digital Signal Processing,Quick Revision of Signal Sampling,Beginner,19,Fundamentals of Signal Sampling,1,Quiz
Digital Signal Processing,Essential Terminology of Signal Sampling,Beginner,23,Quick Revision of Signal Sampling,1,Video
Digital Signal Processing,Signal Sampling: Core Concepts,Intermediate,34,Essential Terminology of Signal Sampling,3,Quiz
Digital Signal Processing,Signal Sampling: Practical Applications,Intermediate,31,Signal Sampling: Core Concepts,2,Video
Digital Signal Processing,Problem Solving using Signal Sampling,Intermediate,33,Signal Sampling: Practical Applications,3,Case Study
Digital Signal Processing,Common Mistakes in Signal Sampling,Intermediate,51,Problem Solving using Signal Sampling,3,Practice Problems
Digital Signal Processing,Hands-on Practice for Signal Sampling,Intermediate,52,Common Mistakes in Signal Sampling,2,Practice Problems
Digital Signal Processing,Advanced Signal Sampling Techniques,Advanced,118,Hands-on Practice for Signal Sampling,5,Interactive Lab
Digital Signal Processing,Signal Sampling: Case Study & Project Work,Advanced,77,Advanced Signal Sampling Techniques,4,Interactive Lab
Digital Signal Processing,Mini Project on Signal Sampling,Advanced,92,Signal Sampling: Case Study & Project Work,4,Practice Problems
Digital Signal Processing,Real-world Applications of Signal Sampling,Advanced,63,Mini Project on Signal Sampling,5,Interactive Lab
Digital Signal Processing,Interview Questions on Signal Sampling,Advanced,77,Real-world Applications of Signal Sampling,4,Case Study
Digital Signal Processing,Mastering Signal Sampling,Advanced,118,Interview Questions on Signal Sampling,5,Interactive Lab
Digital Signal Processing,Introduction to Fourier Transform,Beginner,26,Mastering Signal Sampling,2,Video
Digital Signal Processing,Fundamentals of Fourier Transform,Beginner,21,Introduction to Fourier Transform,2,PDF Notes
Digital Signal Processing,Quick Revision of Fourier Transform,Beginner,28,Fundamentals of Fourier Transform,2,PDF Notes
Digital Signal Processing,Essential Terminology of Fourier Transform,Beginner,21,Quick Revision of Fourier Transform,2,PDF Notes
Digital Signal Processing,Fourier Transform: Core Concepts,Intermediate,53,Essential Terminology of Fourier Transform,2,Quiz
Digital Signal Processing,Fourier Transform: Practical Applications,Intermediate,53,Fourier Transform: Core Concepts,3,Practice Problems
Digital Signal Processing,Problem Solving using Fourier Transform,Intermediate,42,Fourier Transform: Practical Applications,2,Quiz
Digital Signal Processing,Common Mistakes in Fourier Transform,Intermediate,40,Problem Solving using Fourier Transform,4,Quiz
Digital Signal Processing,Hands-on Practice for Fourier Transform,Intermediate,39,Common Mistakes in Fourier Transform,2,Video
Digital Signal Processing,Advanced Fourier Transform Techniques,Advanced,77,Hands-on Practice for Fourier Transform,4,Mini Project
Digital Signal Processing,Fourier Transform: Case Study & Project Work,Advanced,110,Advanced Fourier Transform Techniques,5,Mini Project
Digital Signal Processing,Mini Project on Fourier Transform,Advanced,93,Fourier Transform: Case Study & Project Work,5,Practice Problems
Digital Signal Processing,Real-world Applications of Fourier Transform,Advanced,62,Mini Project on Fourier Transform,4,Practice Problems
Digital Signal Processing,Interview Questions on Fourier Transform,Advanced,77,Real-world Applications of Fourier Transform,5,Case Study
Digital Signal Processing,Mastering Fourier Transform,Advanced,99,Interview Questions on Fourier Transform,5,Mini Project
Digital Signal Processing,Introduction to Filters,Beginner,24,Mastering Fourier Transform,1,PDF Notes
Digital Signal Processing,Fundamentals of Filters,Beginner,15,Introduction to Filters,2,PDF Notes
Digital Signal Processing,Quick Revision of Filters,Beginner,25,Fundamentals of Filters,1,Video
Digital Signal Processing,Essential Terminology of Filters,Beginner,24,Quick Revision of Filters,2,Video
Digital Signal Processing,Filters: Core Concepts,Intermediate,56,Essential Terminology of Filters,4,Case Study
Digital Signal Processing,Filters: Practical Applications,Intermediate,39,Filters: Core Concepts,4,Case Study
Digital Signal Processing,Problem Solving using Filters,Intermediate,48,Filters: Practical Applications,3,Case Study
Digital Signal Processing,Common Mistakes in Filters,Intermediate,49,Problem Solving using Filters,4,Practice Problems
Digital Signal Processing,Hands-on Practice for Filters,Intermediate,37,Common Mistakes in Filters,2,Practice Problems
Digital Signal Processing,Advanced Filters Techniques,Advanced,108,Hands-on Practice for Filters,4,Practice Problems
Digital Signal Processing,Filters: Case Study & Project Work,Advanced,106,Advanced Filters Techniques,4,Case Study
Digital Signal Processing,Mini Project on Filters,Advanced,81,Filters: Case Study & Project Work,4,Interactive Lab
Digital Signal Processing,Real-world Applications of Filters,Advanced,114,Mini Project on Filters,5,Case Study
Digital Signal Processing,Interview Questions on Filters,Advanced,89,Real-world Applications of Filters,4,Mini Project
Digital Signal Processing,Mastering Filters,Advanced,70,Interview Questions on Filters,5,Mini Project
Digital Signal Processing,Introduction to Z-Transform,Beginner,27,Mastering Filters,1,Video
Digital Signal Processing,Fundamentals of Z-Transform,Beginner,24,Introduction to Z-Transform,2,Video
Digital Signal Processing,Quick Revision of Z-Transform,Beginner,29,Fundamentals of Z-Transform,2,PDF Notes
Digital Signal Processing,Essential Terminology of Z-Transform,Beginner,21,Quick Revision of Z-Transform,2,Video
Digital Signal Processing,Z-Transform: Core Concepts,Intermediate,35,Essential Terminology of Z-Transform,3,Video
Digital Signal Processing,Z-Transform: Practical Applications,Intermediate,54,Z-Transform: Core Concepts,4,Practice Problems
Digital Signal Processing,Problem Solving using Z-Transform,Intermediate,53,Z-Transform: Practical Applications,3,Video
Digital Signal Processing,Common Mistakes in Z-Transform,Intermediate,53,Problem Solving using Z-Transform,4,Video
Digital Signal Processing,Hands-on Practice for Z-Transform,Intermediate,54,Common Mistakes in Z-Transform,3,Video
Digital Signal Processing,Advanced Z-Transform Techniques,Advanced,109,Hands-on Practice for Z-Transform,4,Interactive Lab
Digital Signal Processing,Z-Transform: Case Study & Project Work,Advanced,111,Advanced Z-Transform Techniques,4,Interactive Lab
Digital Signal Processing,Mini Project on Z-Transform,Advanced,65,Z-Transform: Case Study & Project Work,4,Interactive Lab
Digital Signal Processing,Real-world Applications of Z-Transform,Advanced,110,Mini Project on Z-Transform,4,Case Study
Digital Signal Processing,Interview Questions on Z-Transform,Advanced,80,Real-world Applications of Z-Transform,4,Practice Problems
Digital Signal Processing,Mastering Z-Transform,Advanced,103,Interview Questions on Z-Transform,4,Interactive Lab
Digital Signal Processing,Introduction to Spectral Analysis,Beginner,20,Mastering Z-Transform,2,PDF Notes
Digital Signal Processing,Fundamentals of Spectral Analysis,Beginner,30,Introduction to Spectral Analysis,2,Video
Digital Signal Processing,Quick Revision of Spectral Analysis,Beginner,18,Fundamentals of Spectral Analysis,2,Quiz
Digital Signal Processing,Essential Terminology of Spectral Analysis,Beginner,15,Quick Revision of Spectral Analysis,1,Quiz
Digital Signal Processing,Spectral Analysis: Core Concepts,Intermediate,52,Essential Terminology of Spectral Analysis,4,Case Study
Digital Signal Processing,Spectral Analysis: Practical Applications,Intermediate,50,Spectral Analysis: Core Concepts,4,Case Study
Digital Signal Processing,Problem Solving using Spectral Analysis,Intermediate,44,Spectral Analysis: Practical Applications,3,Practice Problems
Digital Signal Processing,Common Mistakes in Spectral Analysis,Intermediate,42,Problem Solving using Spectral Analysis,3,Practice Problems
Digital Signal Processing,Hands-on Practice for Spectral Analysis,Intermediate,45,Common Mistakes in Spectral Analysis,4,Case Study
Digital Signal Processing,Advanced Spectral Analysis Techniques,Advanced,78,Hands-on Practice for Spectral Analysis,5,Mini Project
Digital Signal Processing,Spectral Analysis: Case Study & Project Work,Advanced,109,Advanced Spectral Analysis Techniques,4,Interactive Lab
Digital Signal Processing,Mini Project on Spectral Analysis,Advanced,96,Spectral Analysis: Case Study & Project Work,5,Mini Project
Digital Signal Processing,Real-world Applications of Spectral Analysis,Advanced,81,Mini Project on Spectral Analysis,5,Interactive Lab
Digital Signal Processing,Interview Questions on Spectral Analysis,Advanced,79,Real-world Applications of Spectral Analysis,4,Mini Project
Digital Signal Processing,Mastering Spectral Analysis,Advanced,106,Interview Questions on Spectral Analysis,4,Mini Project
Distributed Systems,Introduction to Distributed Consensus,Beginner,20,None,1,PDF Notes
Distributed Systems,Fundamentals of Distributed Consensus,Beginner,20,Introduction to Distributed Consensus,1,Video
Distributed Systems,Quick Revision of Distributed Consensus,Beginner,21,Fundamentals of Distributed Consensus,1,PDF Notes
Distributed Systems,Essential Terminology of Distributed Consensus,Beginner,27,Quick Revision of Distributed Consensus,1,Quiz
Distributed Systems,Distributed Consensus: Core Concepts,Intermediate,41,Essential Terminology of Distributed Consensus,4,Practice Problems
Distributed Systems,Distributed Consensus: Practical Applications,Intermediate,30,Distributed Consensus: Core Concepts,4,Case Study
Distributed Systems,Problem Solving using Distributed Consensus,Intermediate,42,Distributed Consensus: Practical Applications,4,Case Study
Distributed Systems,Common Mistakes in Distributed Consensus,Intermediate,56,Problem Solving using Distributed Consensus,2,Quiz
Distributed Systems,Hands-on Practice for Distributed Consensus,Intermediate,58,Common Mistakes in Distributed Consensus,3,Video
Distributed Systems,Advanced Distributed Consensus Techniques,Advanced,117,Hands-on Practice for Distributed Consensus,4,Practice Problems
Distributed Systems,Distributed Consensus: Case Study & Project Work,Advanced,82,Advanced Distributed Consensus Techniques,5,Case Study
Distributed Systems,Mini Project on Distributed Consensus,Advanced,75,Distributed Consensus: Case Study & Project Work,5,Interactive Lab
Distributed Systems,Real-world Applications of Distributed Consensus,Advanced,85,Mini Project on Distributed Consensus,4,Case Study
Distributed Systems,Interview Questions on Distributed Consensus,Advanced,62,Real-world Applications of Distributed Consensus,4,Interactive Lab
Distributed Systems,Mastering Distributed Consensus,Advanced,93,Interview Questions on Distributed Consensus,4,Interactive Lab
Distributed Systems,Introduction to Replication,Beginner,23,Mastering Distributed Consensus,1,Quiz
Distributed Systems,Fundamentals of Replication,Beginner,17,Introduction to Replication,2,Quiz
Distributed Systems,Quick Revision of Replication,Beginner,16,Fundamentals of Replication,1,Quiz
Distributed Systems,Essential Terminology of Replication,Beginner,23,Quick Revision of Replication,1,Video
Distributed Systems,Replication: Core Concepts,Intermediate,43,Essential Terminology of Replication,3,Video
Distributed Systems,Replication: Practical Applications,Intermediate,39,Replication: Core Concepts,4,Practice Problems
Distributed Systems,Problem Solving using Replication,Intermediate,31,Replication: Practical Applications,3,Case Study
Distributed Systems,Common Mistakes in Replication,Intermediate,50,Problem Solving using Replication,3,Case Study
Distributed Systems,Hands-on Practice for Replication,Intermediate,46,Common Mistakes in Replication,2,Practice Problems
Distributed Systems,Advanced Replication Techniques,Advanced,110,Hands-on Practice for Replication,4,Case Study
Distributed Systems,Replication: Case Study & Project Work,Advanced,101,Advanced Replication Techniques,4,Practice Problems
Distributed Systems,Mini Project on Replication,Advanced,71,Replication: Case Study & Project Work,5,Practice Problems
Distributed Systems,Real-world Applications of Replication,Advanced,100,Mini Project on Replication,5,Case Study
Distributed Systems,Interview Questions on Replication,Advanced,86,Real-world Applications of Replication,5,Interactive Lab
Distributed Systems,Mastering Replication,Advanced,105,Interview Questions on Replication,4,Mini Project
Distributed Systems,Introduction to Fault Tolerance,Beginner,24,Mastering Replication,2,Quiz
Distributed Systems,Fundamentals of Fault Tolerance,Beginner,18,Introduction to Fault Tolerance,2,Quiz
Distributed Systems,Quick Revision of Fault Tolerance,Beginner,27,Fundamentals of Fault Tolerance,1,Video
Distributed Systems,Essential Terminology of Fault Tolerance,Beginner,21,Quick Revision of Fault Tolerance,2,PDF Notes
Distributed Systems,Fault Tolerance: Core Concepts,Intermediate,60,Essential Terminology of Fault Tolerance,3,Quiz
Distributed Systems,Fault Tolerance: Practical Applications,Intermediate,40,Fault Tolerance: Core Concepts,3,Quiz
Distributed Systems,Problem Solving using Fault Tolerance,Intermediate,34,Fault Tolerance: Practical Applications,4,Quiz
Distributed Systems,Common Mistakes in Fault Tolerance,Intermediate,35,Problem Solving using Fault Tolerance,2,Quiz
Distributed Systems,Hands-on Practice for Fault Tolerance,Intermediate,53,Common Mistakes in Fault Tolerance,3,Case Study
Distributed Systems,Advanced Fault Tolerance Techniques,Advanced,92,Hands-on Practice for Fault Tolerance,4,Practice Problems
Distributed Systems,Fault Tolerance: Case Study & Project Work,Advanced,96,Advanced Fault Tolerance Techniques,4,Mini Project
Distributed Systems,Mini Project on Fault Tolerance,Advanced,91,Fault Tolerance: Case Study & Project Work,4,Practice Problems
Distributed Systems,Real-world Applications of Fault Tolerance,Advanced,83,Mini Project on Fault Tolerance,4,Practice Problems
Distributed Systems,Interview Questions on Fault Tolerance,Advanced,76,Real-world Applications of Fault Tolerance,4,Interactive Lab
Distributed Systems,Mastering Fault Tolerance,Advanced,109,Interview Questions on Fault Tolerance,5,Mini Project
Distributed Systems,Introduction to Distributed File Systems,Beginner,22,Mastering Fault Tolerance,2,Quiz
Distributed Systems,Fundamentals of Distributed File Systems,Beginner,19,Introduction to Distributed File Systems,1,PDF Notes
Distributed Systems,Quick Revision of Distributed File Systems,Beginner,21,Fundamentals of Distributed File Systems,1,PDF Notes
Distributed Systems,Essential Terminology of Distributed File Systems,Beginner,27,Quick Revision of Distributed File Systems,1,PDF Notes
Distributed Systems,Distributed File Systems: Core Concepts,Intermediate,39,Essential Terminology of Distributed File Systems,2,Quiz
Distributed Systems,Distributed File Systems: Practical Applications,Intermediate,47,Distributed File Systems: Core Concepts,2,Quiz
Distributed Systems,Problem Solving using Distributed File Systems,Intermediate,43,Distributed File Systems: Practical Applications,2,Quiz
Distributed Systems,Common Mistakes in Distributed File Systems,Intermediate,60,Problem Solving using Distributed File Systems,3,Video
Distributed Systems,Hands-on Practice for Distributed File Systems,Intermediate,49,Common Mistakes in Distributed File Systems,4,Video
Distributed Systems,Advanced Distributed File Systems Techniques,Advanced,103,Hands-on Practice for Distributed File Systems,4,Interactive Lab
Distributed Systems,Distributed File Systems: Case Study & Project Work,Advanced,74,Advanced Distributed File Systems Techniques,4,Case Study
Distributed Systems,Mini Project on Distributed File Systems,Advanced,87,Distributed File Systems: Case Study & Project Work,4,Case Study
Distributed Systems,Real-world Applications of Distributed File Systems,Advanced,78,Mini Project on Distributed File Systems,5,Practice Problems
Distributed Systems,Interview Questions on Distributed File Systems,Advanced,85,Real-world Applications of Distributed File Systems,4,Mini Project
Distributed Systems,Mastering Distributed File Systems,Advanced,85,Interview Questions on Distributed File Systems,5,Practice Problems
Economics,Introduction to Microeconomics Basics,Beginner,15,None,2,Video
Economics,Fundamentals of Microeconomics Basics,Beginner,17,Introduction to Microeconomics Basics,2,Video
Economics,Quick Revision of Microeconomics Basics,Beginner,24,Fundamentals of Microeconomics Basics,1,Video
Economics,Essential Terminology of Microeconomics Basics,Beginner,26,Quick Revision of Microeconomics Basics,1,Video
Economics,Microeconomics Basics: Core Concepts,Intermediate,53,Essential Terminology of Microeconomics Basics,4,Video
Economics,Microeconomics Basics: Practical Applications,Intermediate,40,Microeconomics Basics: Core Concepts,2,Video
Economics,Problem Solving using Microeconomics Basics,Intermediate,55,Microeconomics Basics: Practical Applications,4,Case Study
Economics,Common Mistakes in Microeconomics Basics,Intermediate,49,Problem Solving using Microeconomics Basics,2,Practice Problems
Economics,Hands-on Practice for Microeconomics Basics,Intermediate,36,Common Mistakes in Microeconomics Basics,3,Practice Problems
Economics,Advanced Microeconomics Basics Techniques,Advanced,95,Hands-on Practice for Microeconomics Basics,5,Practice Problems
Economics,Microeconomics Basics: Case Study & Project Work,Advanced,120,Advanced Microeconomics Basics Techniques,5,Mini Project
Economics,Mini Project on Microeconomics Basics,Advanced,60,Microeconomics Basics: Case Study & Project Work,4,Interactive Lab
Economics,Real-world Applications of Microeconomics Basics,Advanced,69,Mini Project on Microeconomics Basics,5,Practice Problems
Economics,Interview Questions on Microeconomics Basics,Advanced,75,Real-world Applications of Microeconomics Basics,5,Practice Problems
Economics,Mastering Microeconomics Basics,Advanced,88,Interview Questions on Microeconomics Basics,4,Practice Problems
Economics,Introduction to Macroeconomics Basics,Beginner,20,Mastering Microeconomics Basics,2,Quiz
Economics,Fundamentals of Macroeconomics Basics,Beginner,23,Introduction to Macroeconomics Basics,2,Quiz
Economics,Quick Revision of Macroeconomics Basics,Beginner,24,Fundamentals of Macroeconomics Basics,2,PDF Notes
Economics,Essential Terminology of Macroeconomics Basics,Beginner,21,Quick Revision of Macroeconomics Basics,1,PDF Notes
Economics,Macroeconomics Basics: Core Concepts,Intermediate,54,Essential Terminology of Macroeconomics Basics,2,Case Study
Economics,Macroeconomics Basics: Practical Applications,Intermediate,60,Macroeconomics Basics: Core Concepts,4,Case Study
Economics,Problem Solving using Macroeconomics Basics,Intermediate,33,Macroeconomics Basics: Practical Applications,2,Practice Problems
Economics,Common Mistakes in Macroeconomics Basics,Intermediate,40,Problem Solving using Macroeconomics Basics,3,Practice Problems
Economics,Hands-on Practice for Macroeconomics Basics,Intermediate,41,Common Mistakes in Macroeconomics Basics,3,Quiz
Economics,Advanced Macroeconomics Basics Techniques,Advanced,71,Hands-on Practice for Macroeconomics Basics,5,Practice Problems
Economics,Macroeconomics Basics: Case Study & Project Work,Advanced,92,Advanced Macroeconomics Basics Techniques,4,Mini Project
Economics,Mini Project on Macroeconomics Basics,Advanced,83,Macroeconomics Basics: Case Study & Project Work,5,Mini Project
Economics,Real-world Applications of Macroeconomics Basics,Advanced,103,Mini Project on Macroeconomics Basics,5,Interactive Lab
Economics,Interview Questions on Macroeconomics Basics,Advanced,87,Real-world Applications of Macroeconomics Basics,5,Practice Problems
Economics,Mastering Macroeconomics Basics,Advanced,99,Interview Questions on Macroeconomics Basics,5,Mini Project
Economics,Introduction to Demand and Supply,Beginner,23,Mastering Macroeconomics Basics,1,Quiz
Economics,Fundamentals of Demand and Supply,Beginner,27,Introduction to Demand and Supply,1,Video
Economics,Quick Revision of Demand and Supply,Beginner,28,Fundamentals of Demand and Supply,2,PDF Notes
Economics,Essential Terminology of Demand and Supply,Beginner,18,Quick Revision of Demand and Supply,2,Quiz
Economics,Demand and Supply: Core Concepts,Intermediate,43,Essential Terminology of Demand and Supply,4,Video
Economics,Demand and Supply: Practical Applications,Intermediate,41,Demand and Supply: Core Concepts,3,Case Study
Economics,Problem Solving using Demand and Supply,Intermediate,33,Demand and Supply: Practical Applications,3,Case Study
Economics,Common Mistakes in Demand and Supply,Intermediate,48,Problem Solving using Demand and Supply,3,Case Study
Economics,Hands-on Practice for Demand and Supply,Intermediate,58,Common Mistakes in Demand and Supply,3,Practice Problems
Economics,Advanced Demand and Supply Techniques,Advanced,72,Hands-on Practice for Demand and Supply,5,Practice Problems
Economics,Demand and Supply: Case Study & Project Work,Advanced,81,Advanced Demand and Supply Techniques,5,Practice Problems
Economics,Mini Project on Demand and Supply,Advanced,111,Demand and Supply: Case Study & Project Work,4,Mini Project
Economics,Real-world Applications of Demand and Supply,Advanced,89,Mini Project on Demand and Supply,4,Case Study
Economics,Interview Questions on Demand and Supply,Advanced,99,Real-world Applications of Demand and Supply,4,Practice Problems
Economics,Mastering Demand and Supply,Advanced,107,Interview Questions on Demand and Supply,4,Mini Project
Economics,Introduction to National Income,Beginner,18,Mastering Demand and Supply,1,Video
Economics,Fundamentals of National Income,Beginner,25,Introduction to National Income,1,Quiz
Economics,Quick Revision of National Income,Beginner,25,Fundamentals of National Income,1,Quiz
Economics,Essential Terminology of National Income,Beginner,29,Quick Revision of National Income,2,Quiz
Economics,National Income: Core Concepts,Intermediate,55,Essential Terminology of National Income,2,Video
Economics,National Income: Practical Applications,Intermediate,50,National Income: Core Concepts,2,Quiz
Economics,Problem Solving using National Income,Intermediate,44,National Income: Practical Applications,4,Quiz
Economics,Common Mistakes in National Income,Intermediate,35,Problem Solving using National Income,2,Practice Problems
Economics,Hands-on Practice for National Income,Intermediate,50,Common Mistakes in National Income,2,Quiz
Economics,Advanced National Income Techniques,Advanced,70,Hands-on Practice for National Income,5,Practice Problems
Economics,National Income: Case Study & Project Work,Advanced,101,Advanced National Income Techniques,5,Interactive Lab
Economics,Mini Project on National Income,Advanced,94,National Income: Case Study & Project Work,4,Mini Project
Economics,Real-world Applications of National Income,Advanced,114,Mini Project on National Income,5,Mini Project
Economics,Interview Questions on National Income,Advanced,71,Real-world Applications of National Income,5,Practice Problems
Economics,Mastering National Income,Advanced,114,Interview Questions on National Income,5,Mini Project
Economics,Introduction to Money and Banking,Beginner,23,Mastering National Income,2,PDF Notes
Economics,Fundamentals of Money and Banking,Beginner,15,Introduction to Money and Banking,1,Quiz
Economics,Quick Revision of Money and Banking,Beginner,28,Fundamentals of Money and Banking,1,Quiz
Economics,Essential Terminology of Money and Banking,Beginner,15,Quick Revision of Money and Banking,2,Quiz
Economics,Money and Banking: Core Concepts,Intermediate,33,Essential Terminology of Money and Banking,3,Quiz
Economics,Money and Banking: Practical Applications,Intermediate,31,Money and Banking: Core Concepts,3,Quiz
Economics,Problem Solving using Money and Banking,Intermediate,51,Money and Banking: Practical Applications,2,Case Study
Economics,Common Mistakes in Money and Banking,Intermediate,47,Problem Solving using Money and Banking,2,Video
Economics,Hands-on Practice for Money and Banking,Intermediate,31,Common Mistakes in Money and Banking,2,Practice Problems
Economics,Advanced Money and Banking Techniques,Advanced,93,Hands-on Practice for Money and Banking,5,Practice Problems
Economics,Money and Banking: Case Study & Project Work,Advanced,120,Advanced Money and Banking Techniques,4,Case Study
Economics,Mini Project on Money and Banking,Advanced,116,Money and Banking: Case Study & Project Work,4,Practice Problems
Economics,Real-world Applications of Money and Banking,Advanced,68,Mini Project on Money and Banking,5,Practice Problems
Economics,Interview Questions on Money and Banking,Advanced,117,Real-world Applications of Money and Banking,4,Practice Problems
Economics,Mastering Money and Banking,Advanced,112,Interview Questions on Money and Banking,5,Mini Project
Electronic Devices,Introduction to Diodes,Beginner,19,None,2,Video
Electronic Devices,Fundamentals of Diodes,Beginner,24,Introduction to Diodes,2,Video
Electronic Devices,Quick Revision of Diodes,Beginner,28,Fundamentals of Diodes,2,PDF Notes
Electronic Devices,Essential Terminology of Diodes,Beginner,16,Quick Revision of Diodes,1,PDF Notes
Electronic Devices,Diodes: Core Concepts,Intermediate,50,Essential Terminology of Diodes,3,Practice Problems
Electronic Devices,Diodes: Practical Applications,Intermediate,36,Diodes: Core Concepts,4,Video
Electronic Devices,Problem Solving using Diodes,Intermediate,38,Diodes: Practical Applications,2,Practice Problems
Electronic Devices,Common Mistakes in Diodes,Intermediate,35,Problem Solving using Diodes,3,Practice Problems
Electronic Devices,Hands-on Practice for Diodes,Intermediate,58,Common Mistakes in Diodes,3,Case Study
Electronic Devices,Advanced Diodes Techniques,Advanced,69,Hands-on Practice for Diodes,4,Mini Project
Electronic Devices,Diodes: Case Study & Project Work,Advanced,117,Advanced Diodes Techniques,5,Interactive Lab
Electronic Devices,Mini Project on Diodes,Advanced,110,Diodes: Case Study & Project Work,5,Mini Project
Electronic Devices,Real-world Applications of Diodes,Advanced,83,Mini Project on Diodes,4,Mini Project
Electronic Devices,Interview Questions on Diodes,Advanced,115,Real-world Applications of Diodes,5,Interactive Lab
Electronic Devices,Mastering Diodes,Advanced,115,Interview Questions on Diodes,5,Interactive Lab
Electronic Devices,Introduction to Transistors,Beginner,23,Mastering Diodes,2,Quiz
Electronic Devices,Fundamentals of Transistors,Beginner,22,Introduction to Transistors,1,Quiz
Electronic Devices,Quick Revision of Transistors,Beginner,16,Fundamentals of Transistors,2,Video
Electronic Devices,Essential Terminology of Transistors,Beginner,18,Quick Revision of Transistors,2,PDF Notes
Electronic Devices,Transistors: Core Concepts,Intermediate,56,Essential Terminology of Transistors,3,Practice Problems
Electronic Devices,Transistors: Practical Applications,Intermediate,54,Transistors: Core Concepts,3,Case Study
Electronic Devices,Problem Solving using Transistors,Intermediate,39,Transistors: Practical Applications,3,Quiz
Electronic Devices,Common Mistakes in Transistors,Intermediate,40,Problem Solving using Transistors,4,Practice Problems
Electronic Devices,Hands-on Practice for Transistors,Intermediate,54,Common Mistakes in Transistors,3,Video
Electronic Devices,Advanced Transistors Techniques,Advanced,88,Hands-on Practice for Transistors,4,Practice Problems
Electronic Devices,Transistors: Case Study & Project Work,Advanced,66,Advanced Transistors Techniques,5,Interactive Lab
Electronic Devices,Mini Project on Transistors,Advanced,80,Transistors: Case Study & Project Work,5,Mini Project
Electronic Devices,Real-world Applications of Transistors,Advanced,106,Mini Project on Transistors,4,Interactive Lab
Electronic Devices,Interview Questions on Transistors,Advanced,93,Real-world Applications of Transistors,5,Case Study
Electronic Devices,Mastering Transistors,Advanced,110,Interview Questions on Transistors,5,Interactive Lab
Electronic Devices,Introduction to Amplifiers,Beginner,20,Mastering Transistors,2,PDF Notes
Electronic Devices,Fundamentals of Amplifiers,Beginner,28,Introduction to Amplifiers,2,Video
Electronic Devices,Quick Revision of Amplifiers,Beginner,28,Fundamentals of Amplifiers,2,Video
Electronic Devices,Essential Terminology of Amplifiers,Beginner,24,Quick Revision of Amplifiers,1,Video
Electronic Devices,Amplifiers: Core Concepts,Intermediate,40,Essential Terminology of Amplifiers,3,Practice Problems
Electronic Devices,Amplifiers: Practical Applications,Intermediate,55,Amplifiers: Core Concepts,2,Video
Electronic Devices,Problem Solving using Amplifiers,Intermediate,42,Amplifiers: Practical Applications,2,Case Study
Electronic Devices,Common Mistakes in Amplifiers,Intermediate,39,Problem Solving using Amplifiers,4,Practice Problems
Electronic Devices,Hands-on Practice for Amplifiers,Intermediate,34,Common Mistakes in Amplifiers,3,Video
Electronic Devices,Advanced Amplifiers Techniques,Advanced,117,Hands-on Practice for Amplifiers,4,Case Study
Electronic Devices,Amplifiers: Case Study & Project Work,Advanced,113,Advanced Amplifiers Techniques,5,Interactive Lab
Electronic Devices,Mini Project on Amplifiers,Advanced,71,Amplifiers: Case Study & Project Work,5,Mini Project
Electronic Devices,Real-world Applications of Amplifiers,Advanced,112,Mini Project on Amplifiers,4,Practice Problems
Electronic Devices,Interview Questions on Amplifiers,Advanced,77,Real-world Applications of Amplifiers,4,Practice Problems
Electronic Devices,Mastering Amplifiers,Advanced,64,Interview Questions on Amplifiers,5,Mini Project
Electronic Devices,Introduction to Oscillators,Beginner,20,Mastering Amplifiers,1,Quiz
Electronic Devices,Fundamentals of Oscillators,Beginner,27,Introduction to Oscillators,1,PDF Notes
Electronic Devices,Quick Revision of Oscillators,Beginner,22,Fundamentals of Oscillators,1,PDF Notes
Electronic Devices,Essential Terminology of Oscillators,Beginner,24,Quick Revision of Oscillators,1,PDF Notes
Electronic Devices,Oscillators: Core Concepts,Intermediate,40,Essential Terminology of Oscillators,3,Quiz
Electronic Devices,Oscillators: Practical Applications,Intermediate,34,Oscillators: Core Concepts,3,Case Study
Electronic Devices,Problem Solving using Oscillators,Intermediate,31,Oscillators: Practical Applications,4,Quiz
Electronic Devices,Common Mistakes in Oscillators,Intermediate,36,Problem Solving using Oscillators,3,Practice Problems
Electronic Devices,Hands-on Practice for Oscillators,Intermediate,53,Common Mistakes in Oscillators,4,Case Study
Electronic Devices,Advanced Oscillators Techniques,Advanced,119,Hands-on Practice for Oscillators,4,Practice Problems
Electronic Devices,Oscillators: Case Study & Project Work,Advanced,74,Advanced Oscillators Techniques,4,Interactive Lab
Electronic Devices,Mini Project on Oscillators,Advanced,64,Oscillators: Case Study & Project Work,4,Mini Project
Electronic Devices,Real-world Applications of Oscillators,Advanced,111,Mini Project on Oscillators,4,Interactive Lab
Electronic Devices,Interview Questions on Oscillators,Advanced,112,Real-world Applications of Oscillators,5,Mini Project
Electronic Devices,Mastering Oscillators,Advanced,74,Interview Questions on Oscillators,5,Practice Problems
Electronic Devices,Introduction to Power Electronics Basics,Beginner,29,Mastering Oscillators,1,Quiz
Electronic Devices,Fundamentals of Power Electronics Basics,Beginner,29,Introduction to Power Electronics Basics,1,Video
Electronic Devices,Quick Revision of Power Electronics Basics,Beginner,20,Fundamentals of Power Electronics Basics,1,Quiz
Electronic Devices,Essential Terminology of Power Electronics Basics,Beginner,26,Quick Revision of Power Electronics Basics,2,Video
Electronic Devices,Power Electronics Basics: Core Concepts,Intermediate,34,Essential Terminology of Power Electronics Basics,4,Quiz
Electronic Devices,Power Electronics Basics: Practical Applications,Intermediate,50,Power Electronics Basics: Core Concepts,2,Quiz
Electronic Devices,Problem Solving using Power Electronics Basics,Intermediate,46,Power Electronics Basics: Practical Applications,4,Video
Electronic Devices,Common Mistakes in Power Electronics Basics,Intermediate,37,Problem Solving using Power Electronics Basics,2,Video
Electronic Devices,Hands-on Practice for Power Electronics Basics,Intermediate,56,Common Mistakes in Power Electronics Basics,3,Quiz
Electronic Devices,Advanced Power Electronics Basics Techniques,Advanced,63,Hands-on Practice for Power Electronics Basics,5,Practice Problems
Electronic Devices,Power Electronics Basics: Case Study & Project Work,Advanced,90,Advanced Power Electronics Basics Techniques,4,Mini Project
Electronic Devices,Mini Project on Power Electronics Basics,Advanced,84,Power Electronics Basics: Case Study & Project Work,5,Practice Problems
Electronic Devices,Real-world Applications of Power Electronics Basics,Advanced,85,Mini Project on Power Electronics Basics,4,Practice Problems
Electronic Devices,Interview Questions on Power Electronics Basics,Advanced,107,Real-world Applications of Power Electronics Basics,4,Practice Problems
Electronic Devices,Mastering Power Electronics Basics,Advanced,68,Interview Questions on Power Electronics Basics,5,Interactive Lab
Embedded Systems,Introduction to Microcontrollers,Beginner,20,None,2,PDF Notes
Embedded Systems,Fundamentals of Microcontrollers,Beginner,26,Introduction to Microcontrollers,2,Quiz
Embedded Systems,Quick Revision of Microcontrollers,Beginner,19,Fundamentals of Microcontrollers,2,PDF Notes
Embedded Systems,Essential Terminology of Microcontrollers,Beginner,16,Quick Revision of Microcontrollers,1,Quiz
Embedded Systems,Microcontrollers: Core Concepts,Intermediate,39,Essential Terminology of Microcontrollers,2,Case Study
Embedded Systems,Microcontrollers: Practical Applications,Intermediate,55,Microcontrollers: Core Concepts,3,Video
Embedded Systems,Problem Solving using Microcontrollers,Intermediate,39,Microcontrollers: Practical Applications,3,Case Study
Embedded Systems,Common Mistakes in Microcontrollers,Intermediate,50,Problem Solving using Microcontrollers,2,Video
Embedded Systems,Hands-on Practice for Microcontrollers,Intermediate,53,Common Mistakes in Microcontrollers,2,Case Study
Embedded Systems,Advanced Microcontrollers Techniques,Advanced,96,Hands-on Practice for Microcontrollers,5,Case Study
Embedded Systems,Microcontrollers: Case Study & Project Work,Advanced,69,Advanced Microcontrollers Techniques,4,Interactive Lab
Embedded Systems,Mini Project on Microcontrollers,Advanced,74,Microcontrollers: Case Study & Project Work,5,Case Study
Embedded Systems,Real-world Applications of Microcontrollers,Advanced,64,Mini Project on Microcontrollers,4,Case Study
Embedded Systems,Interview Questions on Microcontrollers,Advanced,113,Real-world Applications of Microcontrollers,4,Mini Project
Embedded Systems,Mastering Microcontrollers,Advanced,71,Interview Questions on Microcontrollers,5,Practice Problems
Embedded Systems,Introduction to RTOS Basics,Beginner,29,Mastering Microcontrollers,2,Video
Embedded Systems,Fundamentals of RTOS Basics,Beginner,21,Introduction to RTOS Basics,2,PDF Notes
Embedded Systems,Quick Revision of RTOS Basics,Beginner,18,Fundamentals of RTOS Basics,1,Quiz
Embedded Systems,Essential Terminology of RTOS Basics,Beginner,23,Quick Revision of RTOS Basics,1,Video
Embedded Systems,RTOS Basics: Core Concepts,Intermediate,47,Essential Terminology of RTOS Basics,4,Video
Embedded Systems,RTOS Basics: Practical Applications,Intermediate,59,RTOS Basics: Core Concepts,4,Quiz
Embedded Systems,Problem Solving using RTOS Basics,Intermediate,52,RTOS Basics: Practical Applications,3,Quiz
Embedded Systems,Common Mistakes in RTOS Basics,Intermediate,43,Problem Solving using RTOS Basics,2,Quiz
Embedded Systems,Hands-on Practice for RTOS Basics,Intermediate,60,Common Mistakes in RTOS Basics,2,Practice Problems
Embedded Systems,Advanced RTOS Basics Techniques,Advanced,74,Hands-on Practice for RTOS Basics,5,Mini Project
Embedded Systems,RTOS Basics: Case Study & Project Work,Advanced,75,Advanced RTOS Basics Techniques,5,Practice Problems
Embedded Systems,Mini Project on RTOS Basics,Advanced,64,RTOS Basics: Case Study & Project Work,5,Mini Project
Embedded Systems,Real-world Applications of RTOS Basics,Advanced,60,Mini Project on RTOS Basics,4,Practice Problems
Embedded Systems,Interview Questions on RTOS Basics,Advanced,85,Real-world Applications of RTOS Basics,4,Practice Problems
Embedded Systems,Mastering RTOS Basics,Advanced,118,Interview Questions on RTOS Basics,4,Practice Problems
Embedded Systems,Introduction to Sensor Interfacing,Beginner,17,Mastering RTOS Basics,2,PDF Notes
Embedded Systems,Fundamentals of Sensor Interfacing,Beginner,20,Introduction to Sensor Interfacing,1,PDF Notes
Embedded Systems,Quick Revision of Sensor Interfacing,Beginner,15,Fundamentals of Sensor Interfacing,2,PDF Notes
Embedded Systems,Essential Terminology of Sensor Interfacing,Beginner,21,Quick Revision of Sensor Interfacing,2,Video
Embedded Systems,Sensor Interfacing: Core Concepts,Intermediate,56,Essential Terminology of Sensor Interfacing,2,Case Study
Embedded Systems,Sensor Interfacing: Practical Applications,Intermediate,36,Sensor Interfacing: Core Concepts,4,Practice Problems
Embedded Systems,Problem Solving using Sensor Interfacing,Intermediate,46,Sensor Interfacing: Practical Applications,4,Practice Problems
Embedded Systems,Common Mistakes in Sensor Interfacing,Intermediate,60,Problem Solving using Sensor Interfacing,4,Video
Embedded Systems,Hands-on Practice for Sensor Interfacing,Intermediate,44,Common Mistakes in Sensor Interfacing,4,Video
Embedded Systems,Advanced Sensor Interfacing Techniques,Advanced,93,Hands-on Practice for Sensor Interfacing,4,Practice Problems
Embedded Systems,Sensor Interfacing: Case Study & Project Work,Advanced,108,Advanced Sensor Interfacing Techniques,5,Mini Project
Embedded Systems,Mini Project on Sensor Interfacing,Advanced,75,Sensor Interfacing: Case Study & Project Work,4,Case Study
Embedded Systems,Real-world Applications of Sensor Interfacing,Advanced,72,Mini Project on Sensor Interfacing,4,Case Study
Embedded Systems,Interview Questions on Sensor Interfacing,Advanced,63,Real-world Applications of Sensor Interfacing,5,Practice Problems
Embedded Systems,Mastering Sensor Interfacing,Advanced,89,Interview Questions on Sensor Interfacing,5,Mini Project
Embedded Systems,Introduction to Embedded C Programming,Beginner,18,Mastering Sensor Interfacing,1,PDF Notes
Embedded Systems,Fundamentals of Embedded C Programming,Beginner,15,Introduction to Embedded C Programming,2,PDF Notes
Embedded Systems,Quick Revision of Embedded C Programming,Beginner,23,Fundamentals of Embedded C Programming,2,Quiz
Embedded Systems,Essential Terminology of Embedded C Programming,Beginner,26,Quick Revision of Embedded C Programming,1,Quiz
Embedded Systems,Embedded C Programming: Core Concepts,Intermediate,50,Essential Terminology of Embedded C Programming,4,Case Study
Embedded Systems,Embedded C Programming: Practical Applications,Intermediate,60,Embedded C Programming: Core Concepts,3,Video
Embedded Systems,Problem Solving using Embedded C Programming,Intermediate,51,Embedded C Programming: Practical Applications,2,Case Study
Embedded Systems,Common Mistakes in Embedded C Programming,Intermediate,44,Problem Solving using Embedded C Programming,4,Case Study
Embedded Systems,Hands-on Practice for Embedded C Programming,Intermediate,45,Common Mistakes in Embedded C Programming,2,Quiz
Embedded Systems,Advanced Embedded C Programming Techniques,Advanced,74,Hands-on Practice for Embedded C Programming,4,Mini Project
Embedded Systems,Embedded C Programming: Case Study & Project Work,Advanced,96,Advanced Embedded C Programming Techniques,4,Case Study
Embedded Systems,Mini Project on Embedded C Programming,Advanced,89,Embedded C Programming: Case Study & Project Work,4,Mini Project
Embedded Systems,Real-world Applications of Embedded C Programming,Advanced,73,Mini Project on Embedded C Programming,5,Practice Problems
Embedded Systems,Interview Questions on Embedded C Programming,Advanced,95,Real-world Applications of Embedded C Programming,5,Practice Problems
Embedded Systems,Mastering Embedded C Programming,Advanced,78,Interview Questions on Embedded C Programming,4,Practice Problems
Engineering Mechanics,Introduction to Statics,Beginner,21,None,1,Video
Engineering Mechanics,Fundamentals of Statics,Beginner,18,Introduction to Statics,1,PDF Notes
Engineering Mechanics,Quick Revision of Statics,Beginner,16,Fundamentals of Statics,1,Quiz
Engineering Mechanics,Essential Terminology of Statics,Beginner,24,Quick Revision of Statics,2,PDF Notes
Engineering Mechanics,Statics: Core Concepts,Intermediate,38,Essential Terminology of Statics,2,Video
Engineering Mechanics,Statics: Practical Applications,Intermediate,34,Statics: Core Concepts,3,Practice Problems
Engineering Mechanics,Problem Solving using Statics,Intermediate,39,Statics: Practical Applications,3,Video
Engineering Mechanics,Common Mistakes in Statics,Intermediate,57,Problem Solving using Statics,4,Quiz
Engineering Mechanics,Hands-on Practice for Statics,Intermediate,37,Common Mistakes in Statics,2,Case Study
Engineering Mechanics,Advanced Statics Techniques,Advanced,108,Hands-on Practice for Statics,4,Mini Project
Engineering Mechanics,Statics: Case Study & Project Work,Advanced,80,Advanced Statics Techniques,5,Interactive Lab
Engineering Mechanics,Mini Project on Statics,Advanced,108,Statics: Case Study & Project Work,4,Interactive Lab
Engineering Mechanics,Real-world Applications of Statics,Advanced,64,Mini Project on Statics,5,Interactive Lab
Engineering Mechanics,Interview Questions on Statics,Advanced,90,Real-world Applications of Statics,5,Interactive Lab
Engineering Mechanics,Mastering Statics,Advanced,99,Interview Questions on Statics,5,Case Study
Engineering Mechanics,Introduction to Dynamics,Beginner,29,Mastering Statics,1,PDF Notes
Engineering Mechanics,Fundamentals of Dynamics,Beginner,15,Introduction to Dynamics,1,PDF Notes
Engineering Mechanics,Quick Revision of Dynamics,Beginner,22,Fundamentals of Dynamics,1,PDF Notes
Engineering Mechanics,Essential Terminology of Dynamics,Beginner,27,Quick Revision of Dynamics,1,Video
Engineering Mechanics,Dynamics: Core Concepts,Intermediate,33,Essential Terminology of Dynamics,3,Case Study
Engineering Mechanics,Dynamics: Practical Applications,Intermediate,39,Dynamics: Core Concepts,4,Practice Problems
Engineering Mechanics,Problem Solving using Dynamics,Intermediate,54,Dynamics: Practical Applications,2,Video
Engineering Mechanics,Common Mistakes in Dynamics,Intermediate,55,Problem Solving using Dynamics,4,Quiz
Engineering Mechanics,Hands-on Practice for Dynamics,Intermediate,57,Common Mistakes in Dynamics,4,Case Study
Engineering Mechanics,Advanced Dynamics Techniques,Advanced,115,Hands-on Practice for Dynamics,5,Case Study
Engineering Mechanics,Dynamics: Case Study & Project Work,Advanced,111,Advanced Dynamics Techniques,5,Mini Project
Engineering Mechanics,Mini Project on Dynamics,Advanced,113,Dynamics: Case Study & Project Work,4,Practice Problems
Engineering Mechanics,Real-world Applications of Dynamics,Advanced,64,Mini Project on Dynamics,5,Interactive Lab
Engineering Mechanics,Interview Questions on Dynamics,Advanced,77,Real-world Applications of Dynamics,4,Mini Project
Engineering Mechanics,Mastering Dynamics,Advanced,116,Interview Questions on Dynamics,4,Case Study
Engineering Mechanics,Introduction to Friction,Beginner,30,Mastering Dynamics,1,Video
Engineering Mechanics,Fundamentals of Friction,Beginner,27,Introduction to Friction,1,PDF Notes
Engineering Mechanics,Quick Revision of Friction,Beginner,19,Fundamentals of Friction,1,Video
Engineering Mechanics,Essential Terminology of Friction,Beginner,22,Quick Revision of Friction,1,Video
Engineering Mechanics,Friction: Core Concepts,Intermediate,60,Essential Terminology of Friction,2,Practice Problems
Engineering Mechanics,Friction: Practical Applications,Intermediate,42,Friction: Core Concepts,4,Case Study
Engineering Mechanics,Problem Solving using Friction,Intermediate,49,Friction: Practical Applications,2,Practice Problems
Engineering Mechanics,Common Mistakes in Friction,Intermediate,50,Problem Solving using Friction,4,Case Study
Engineering Mechanics,Hands-on Practice for Friction,Intermediate,52,Common Mistakes in Friction,3,Video
Engineering Mechanics,Advanced Friction Techniques,Advanced,112,Hands-on Practice for Friction,4,Interactive Lab
Engineering Mechanics,Friction: Case Study & Project Work,Advanced,82,Advanced Friction Techniques,4,Interactive Lab
Engineering Mechanics,Mini Project on Friction,Advanced,120,Friction: Case Study & Project Work,5,Case Study
Engineering Mechanics,Real-world Applications of Friction,Advanced,78,Mini Project on Friction,5,Case Study
Engineering Mechanics,Interview Questions on Friction,Advanced,113,Real-world Applications of Friction,4,Mini Project
Engineering Mechanics,Mastering Friction,Advanced,101,Interview Questions on Friction,4,Practice Problems
Engineering Mechanics,Introduction to Trusses,Beginner,23,Mastering Friction,1,Quiz
Engineering Mechanics,Fundamentals of Trusses,Beginner,29,Introduction to Trusses,2,Quiz
Engineering Mechanics,Quick Revision of Trusses,Beginner,28,Fundamentals of Trusses,2,Quiz
Engineering Mechanics,Essential Terminology of Trusses,Beginner,15,Quick Revision of Trusses,1,Quiz
Engineering Mechanics,Trusses: Core Concepts,Intermediate,47,Essential Terminology of Trusses,2,Practice Problems
Engineering Mechanics,Trusses: Practical Applications,Intermediate,56,Trusses: Core Concepts,4,Quiz
Engineering Mechanics,Problem Solving using Trusses,Intermediate,36,Trusses: Practical Applications,2,Case Study
Engineering Mechanics,Common Mistakes in Trusses,Intermediate,35,Problem Solving using Trusses,2,Quiz
Engineering Mechanics,Hands-on Practice for Trusses,Intermediate,59,Common Mistakes in Trusses,2,Quiz
Engineering Mechanics,Advanced Trusses Techniques,Advanced,63,Hands-on Practice for Trusses,4,Practice Problems
Engineering Mechanics,Trusses: Case Study & Project Work,Advanced,73,Advanced Trusses Techniques,4,Mini Project
Engineering Mechanics,Mini Project on Trusses,Advanced,101,Trusses: Case Study & Project Work,4,Case Study
Engineering Mechanics,Real-world Applications of Trusses,Advanced,71,Mini Project on Trusses,5,Interactive Lab
Engineering Mechanics,Interview Questions on Trusses,Advanced,89,Real-world Applications of Trusses,5,Case Study
Engineering Mechanics,Mastering Trusses,Advanced,94,Interview Questions on Trusses,4,Interactive Lab
Engineering Mechanics,Introduction to Center of Gravity,Beginner,15,Mastering Trusses,1,Video
Engineering Mechanics,Fundamentals of Center of Gravity,Beginner,29,Introduction to Center of Gravity,2,Video
Engineering Mechanics,Quick Revision of Center of Gravity,Beginner,17,Fundamentals of Center of Gravity,2,Quiz
Engineering Mechanics,Essential Terminology of Center of Gravity,Beginner,17,Quick Revision of Center of Gravity,1,Video
Engineering Mechanics,Center of Gravity: Core Concepts,Intermediate,50,Essential Terminology of Center of Gravity,2,Quiz
Engineering Mechanics,Center of Gravity: Practical Applications,Intermediate,30,Center of Gravity: Core Concepts,3,Video
Engineering Mechanics,Problem Solving using Center of Gravity,Intermediate,56,Center of Gravity: Practical Applications,4,Case Study
Engineering Mechanics,Common Mistakes in Center of Gravity,Intermediate,59,Problem Solving using Center of Gravity,4,Case Study
Engineering Mechanics,Hands-on Practice for Center of Gravity,Intermediate,51,Common Mistakes in Center of Gravity,3,Case Study
Engineering Mechanics,Advanced Center of Gravity Techniques,Advanced,105,Hands-on Practice for Center of Gravity,5,Case Study
Engineering Mechanics,Center of Gravity: Case Study & Project Work,Advanced,87,Advanced Center of Gravity Techniques,5,Case Study
Engineering Mechanics,Mini Project on Center of Gravity,Advanced,98,Center of Gravity: Case Study & Project Work,4,Interactive Lab
Engineering Mechanics,Real-world Applications of Center of Gravity,Advanced,77,Mini Project on Center of Gravity,5,Practice Problems
Engineering Mechanics,Interview Questions on Center of Gravity,Advanced,113,Real-world Applications of Center of Gravity,4,Mini Project
Engineering Mechanics,Mastering Center of Gravity,Advanced,93,Interview Questions on Center of Gravity,4,Practice Problems
English,Introduction to Grammar Essentials,Beginner,16,None,2,PDF Notes
English,Fundamentals of Grammar Essentials,Beginner,25,Introduction to Grammar Essentials,1,Video
English,Quick Revision of Grammar Essentials,Beginner,25,Fundamentals of Grammar Essentials,1,PDF Notes
English,Essential Terminology of Grammar Essentials,Beginner,22,Quick Revision of Grammar Essentials,1,Quiz
English,Grammar Essentials: Core Concepts,Intermediate,32,Essential Terminology of Grammar Essentials,3,Quiz
English,Grammar Essentials: Practical Applications,Intermediate,43,Grammar Essentials: Core Concepts,3,Case Study
English,Problem Solving using Grammar Essentials,Intermediate,36,Grammar Essentials: Practical Applications,2,Case Study
English,Common Mistakes in Grammar Essentials,Intermediate,41,Problem Solving using Grammar Essentials,3,Video
English,Hands-on Practice for Grammar Essentials,Intermediate,43,Common Mistakes in Grammar Essentials,3,Video
English,Advanced Grammar Essentials Techniques,Advanced,82,Hands-on Practice for Grammar Essentials,5,Practice Problems
English,Grammar Essentials: Case Study & Project Work,Advanced,120,Advanced Grammar Essentials Techniques,5,Case Study
English,Mini Project on Grammar Essentials,Advanced,63,Grammar Essentials: Case Study & Project Work,4,Practice Problems
English,Real-world Applications of Grammar Essentials,Advanced,84,Mini Project on Grammar Essentials,4,Case Study
English,Interview Questions on Grammar Essentials,Advanced,116,Real-world Applications of Grammar Essentials,4,Practice Problems
English,Mastering Grammar Essentials,Advanced,101,Interview Questions on Grammar Essentials,4,Practice Problems
English,Introduction to Reading Comprehension,Beginner,16,Mastering Grammar Essentials,2,PDF Notes
English,Fundamentals of Reading Comprehension,Beginner,26,Introduction to Reading Comprehension,2,Quiz
English,Quick Revision of Reading Comprehension,Beginner,16,Fundamentals of Reading Comprehension,2,PDF Notes
English,Essential Terminology of Reading Comprehension,Beginner,29,Quick Revision of Reading Comprehension,2,PDF Notes
English,Reading Comprehension: Core Concepts,Intermediate,46,Essential Terminology of Reading Comprehension,4,Practice Problems
English,Reading Comprehension: Practical Applications,Intermediate,38,Reading Comprehension: Core Concepts,4,Video
English,Problem Solving using Reading Comprehension,Intermediate,57,Reading Comprehension: Practical Applications,4,Video
English,Common Mistakes in Reading Comprehension,Intermediate,36,Problem Solving using Reading Comprehension,4,Practice Problems
English,Hands-on Practice for Reading Comprehension,Intermediate,35,Common Mistakes in Reading Comprehension,3,Practice Problems
English,Advanced Reading Comprehension Techniques,Advanced,104,Hands-on Practice for Reading Comprehension,5,Case Study
English,Reading Comprehension: Case Study & Project Work,Advanced,93,Advanced Reading Comprehension Techniques,5,Case Study
English,Mini Project on Reading Comprehension,Advanced,73,Reading Comprehension: Case Study & Project Work,5,Mini Project
English,Real-world Applications of Reading Comprehension,Advanced,96,Mini Project on Reading Comprehension,5,Practice Problems
English,Interview Questions on Reading Comprehension,Advanced,62,Real-world Applications of Reading Comprehension,4,Mini Project
English,Mastering Reading Comprehension,Advanced,81,Interview Questions on Reading Comprehension,5,Case Study
English,Introduction to Creative Writing,Beginner,17,Mastering Reading Comprehension,1,Video
English,Fundamentals of Creative Writing,Beginner,30,Introduction to Creative Writing,1,Quiz
English,Quick Revision of Creative Writing,Beginner,27,Fundamentals of Creative Writing,2,PDF Notes
English,Essential Terminology of Creative Writing,Beginner,18,Quick Revision of Creative Writing,2,Quiz
English,Creative Writing: Core Concepts,Intermediate,53,Essential Terminology of Creative Writing,2,Case Study
English,Creative Writing: Practical Applications,Intermediate,35,Creative Writing: Core Concepts,4,Quiz
English,Problem Solving using Creative Writing,Intermediate,39,Creative Writing: Practical Applications,2,Video
English,Common Mistakes in Creative Writing,Intermediate,42,Problem Solving using Creative Writing,4,Quiz
English,Hands-on Practice for Creative Writing,Intermediate,53,Common Mistakes in Creative Writing,3,Case Study
English,Advanced Creative Writing Techniques,Advanced,83,Hands-on Practice for Creative Writing,4,Case Study
English,Creative Writing: Case Study & Project Work,Advanced,62,Advanced Creative Writing Techniques,5,Interactive Lab
English,Mini Project on Creative Writing,Advanced,96,Creative Writing: Case Study & Project Work,5,Practice Problems
English,Real-world Applications of Creative Writing,Advanced,113,Mini Project on Creative Writing,4,Case Study
English,Interview Questions on Creative Writing,Advanced,115,Real-world Applications of Creative Writing,5,Interactive Lab
English,Mastering Creative Writing,Advanced,99,Interview Questions on Creative Writing,4,Practice Problems
English,Introduction to Vocabulary Building,Beginner,28,Mastering Creative Writing,2,Video
English,Fundamentals of Vocabulary Building,Beginner,25,Introduction to Vocabulary Building,2,Video
English,Quick Revision of Vocabulary Building,Beginner,18,Fundamentals of Vocabulary Building,2,Video
English,Essential Terminology of Vocabulary Building,Beginner,17,Quick Revision of Vocabulary Building,1,Video
English,Vocabulary Building: Core Concepts,Intermediate,31,Essential Terminology of Vocabulary Building,2,Quiz
English,Vocabulary Building: Practical Applications,Intermediate,49,Vocabulary Building: Core Concepts,3,Case Study
English,Problem Solving using Vocabulary Building,Intermediate,57,Vocabulary Building: Practical Applications,4,Video
English,Common Mistakes in Vocabulary Building,Intermediate,55,Problem Solving using Vocabulary Building,3,Video
English,Hands-on Practice for Vocabulary Building,Intermediate,40,Common Mistakes in Vocabulary Building,4,Video
English,Advanced Vocabulary Building Techniques,Advanced,94,Hands-on Practice for Vocabulary Building,5,Mini Project
English,Vocabulary Building: Case Study & Project Work,Advanced,71,Advanced Vocabulary Building Techniques,5,Interactive Lab
English,Mini Project on Vocabulary Building,Advanced,79,Vocabulary Building: Case Study & Project Work,4,Case Study
English,Real-world Applications of Vocabulary Building,Advanced,72,Mini Project on Vocabulary Building,4,Interactive Lab
English,Interview Questions on Vocabulary Building,Advanced,112,Real-world Applications of Vocabulary Building,4,Practice Problems
English,Mastering Vocabulary Building,Advanced,72,Interview Questions on Vocabulary Building,5,Mini Project
English,Introduction to Literature Analysis,Beginner,15,Mastering Vocabulary Building,1,PDF Notes
English,Fundamentals of Literature Analysis,Beginner,30,Introduction to Literature Analysis,2,Video
English,Quick Revision of Literature Analysis,Beginner,17,Fundamentals of Literature Analysis,1,Video
English,Essential Terminology of Literature Analysis,Beginner,24,Quick Revision of Literature Analysis,1,PDF Notes
English,Literature Analysis: Core Concepts,Intermediate,36,Essential Terminology of Literature Analysis,2,Case Study
English,Literature Analysis: Practical Applications,Intermediate,39,Literature Analysis: Core Concepts,3,Case Study
English,Problem Solving using Literature Analysis,Intermediate,31,Literature Analysis: Practical Applications,4,Case Study
English,Common Mistakes in Literature Analysis,Intermediate,60,Problem Solving using Literature Analysis,4,Quiz
English,Hands-on Practice for Literature Analysis,Intermediate,36,Common Mistakes in Literature Analysis,2,Practice Problems
English,Advanced Literature Analysis Techniques,Advanced,65,Hands-on Practice for Literature Analysis,4,Case Study
English,Literature Analysis: Case Study & Project Work,Advanced,91,Advanced Literature Analysis Techniques,5,Interactive Lab
English,Mini Project on Literature Analysis,Advanced,93,Literature Analysis: Case Study & Project Work,5,Practice Problems
English,Real-world Applications of Literature Analysis,Advanced,84,Mini Project on Literature Analysis,5,Case Study
English,Interview Questions on Literature Analysis,Advanced,98,Real-world Applications of Literature Analysis,4,Interactive Lab
English,Mastering Literature Analysis,Advanced,70,Interview Questions on Literature Analysis,5,Interactive Lab
Environmental Engineering,Introduction to Water Treatment,Beginner,21,None,1,PDF Notes
Environmental Engineering,Fundamentals of Water Treatment,Beginner,20,Introduction to Water Treatment,2,PDF Notes
Environmental Engineering,Quick Revision of Water Treatment,Beginner,30,Fundamentals of Water Treatment,2,Video
Environmental Engineering,Essential Terminology of Water Treatment,Beginner,29,Quick Revision of Water Treatment,2,Video
Environmental Engineering,Water Treatment: Core Concepts,Intermediate,58,Essential Terminology of Water Treatment,2,Quiz
Environmental Engineering,Water Treatment: Practical Applications,Intermediate,49,Water Treatment: Core Concepts,2,Practice Problems
Environmental Engineering,Problem Solving using Water Treatment,Intermediate,47,Water Treatment: Practical Applications,4,Quiz
Environmental Engineering,Common Mistakes in Water Treatment,Intermediate,36,Problem Solving using Water Treatment,3,Practice Problems
Environmental Engineering,Hands-on Practice for Water Treatment,Intermediate,51,Common Mistakes in Water Treatment,2,Quiz
Environmental Engineering,Advanced Water Treatment Techniques,Advanced,89,Hands-on Practice for Water Treatment,4,Case Study
Environmental Engineering,Water Treatment: Case Study & Project Work,Advanced,69,Advanced Water Treatment Techniques,4,Mini Project
Environmental Engineering,Mini Project on Water Treatment,Advanced,118,Water Treatment: Case Study & Project Work,5,Practice Problems
Environmental Engineering,Real-world Applications of Water Treatment,Advanced,77,Mini Project on Water Treatment,4,Interactive Lab
Environmental Engineering,Interview Questions on Water Treatment,Advanced,75,Real-world Applications of Water Treatment,5,Mini Project
Environmental Engineering,Mastering Water Treatment,Advanced,94,Interview Questions on Water Treatment,5,Practice Problems
Environmental Engineering,Introduction to Air Pollution Control,Beginner,16,Mastering Water Treatment,2,Video
Environmental Engineering,Fundamentals of Air Pollution Control,Beginner,23,Introduction to Air Pollution Control,2,Quiz
Environmental Engineering,Quick Revision of Air Pollution Control,Beginner,19,Fundamentals of Air Pollution Control,1,Video
Environmental Engineering,Essential Terminology of Air Pollution Control,Beginner,21,Quick Revision of Air Pollution Control,1,Video
Environmental Engineering,Air Pollution Control: Core Concepts,Intermediate,56,Essential Terminology of Air Pollution Control,3,Practice Problems
Environmental Engineering,Air Pollution Control: Practical Applications,Intermediate,42,Air Pollution Control: Core Concepts,4,Practice Problems
Environmental Engineering,Problem Solving using Air Pollution Control,Intermediate,36,Air Pollution Control: Practical Applications,3,Video
Environmental Engineering,Common Mistakes in Air Pollution Control,Intermediate,50,Problem Solving using Air Pollution Control,4,Practice Problems
Environmental Engineering,Hands-on Practice for Air Pollution Control,Intermediate,34,Common Mistakes in Air Pollution Control,4,Case Study
Environmental Engineering,Advanced Air Pollution Control Techniques,Advanced,93,Hands-on Practice for Air Pollution Control,4,Case Study
Environmental Engineering,Air Pollution Control: Case Study & Project Work,Advanced,91,Advanced Air Pollution Control Techniques,5,Practice Problems
Environmental Engineering,Mini Project on Air Pollution Control,Advanced,90,Air Pollution Control: Case Study & Project Work,4,Interactive Lab
Environmental Engineering,Real-world Applications of Air Pollution Control,Advanced,88,Mini Project on Air Pollution Control,5,Interactive Lab
Environmental Engineering,Interview Questions on Air Pollution Control,Advanced,117,Real-world Applications of Air Pollution Control,4,Case Study
Environmental Engineering,Mastering Air Pollution Control,Advanced,63,Interview Questions on Air Pollution Control,5,Case Study
Environmental Engineering,Introduction to Solid Waste Management,Beginner,22,Mastering Air Pollution Control,2,Video
Environmental Engineering,Fundamentals of Solid Waste Management,Beginner,18,Introduction to Solid Waste Management,1,Video
Environmental Engineering,Quick Revision of Solid Waste Management,Beginner,20,Fundamentals of Solid Waste Management,2,Quiz
Environmental Engineering,Essential Terminology of Solid Waste Management,Beginner,25,Quick Revision of Solid Waste Management,1,Video
Environmental Engineering,Solid Waste Management: Core Concepts,Intermediate,36,Essential Terminology of Solid Waste Management,4,Practice Problems
Environmental Engineering,Solid Waste Management: Practical Applications,Intermediate,43,Solid Waste Management: Core Concepts,3,Video
Environmental Engineering,Problem Solving using Solid Waste Management,Intermediate,33,Solid Waste Management: Practical Applications,4,Video
Environmental Engineering,Common Mistakes in Solid Waste Management,Intermediate,47,Problem Solving using Solid Waste Management,4,Quiz
Environmental Engineering,Hands-on Practice for Solid Waste Management,Intermediate,60,Common Mistakes in Solid Waste Management,4,Video
Environmental Engineering,Advanced Solid Waste Management Techniques,Advanced,90,Hands-on Practice for Solid Waste Management,5,Case Study
Environmental Engineering,Solid Waste Management: Case Study & Project Work,Advanced,60,Advanced Solid Waste Management Techniques,4,Case Study
Environmental Engineering,Mini Project on Solid Waste Management,Advanced,97,Solid Waste Management: Case Study & Project Work,5,Case Study
Environmental Engineering,Real-world Applications of Solid Waste Management,Advanced,110,Mini Project on Solid Waste Management,5,Mini Project
Environmental Engineering,Interview Questions on Solid Waste Management,Advanced,103,Real-world Applications of Solid Waste Management,4,Practice Problems
Environmental Engineering,Mastering Solid Waste Management,Advanced,69,Interview Questions on Solid Waste Management,4,Interactive Lab
Environmental Engineering,Introduction to Environmental Impact Assessment,Beginner,16,Mastering Solid Waste Management,2,PDF Notes
Environmental Engineering,Fundamentals of Environmental Impact Assessment,Beginner,27,Introduction to Environmental Impact Assessment,1,PDF Notes
Environmental Engineering,Quick Revision of Environmental Impact Assessment,Beginner,16,Fundamentals of Environmental Impact Assessment,2,PDF Notes
Environmental Engineering,Essential Terminology of Environmental Impact Assessment,Beginner,19,Quick Revision of Environmental Impact Assessment,1,Quiz
Environmental Engineering,Environmental Impact Assessment: Core Concepts,Intermediate,35,Essential Terminology of Environmental Impact Assessment,2,Video
Environmental Engineering,Environmental Impact Assessment: Practical Applications,Intermediate,39,Environmental Impact Assessment: Core Concepts,2,Practice Problems
Environmental Engineering,Problem Solving using Environmental Impact Assessment,Intermediate,55,Environmental Impact Assessment: Practical Applications,2,Quiz
Environmental Engineering,Common Mistakes in Environmental Impact Assessment,Intermediate,42,Problem Solving using Environmental Impact Assessment,3,Practice Problems
Environmental Engineering,Hands-on Practice for Environmental Impact Assessment,Intermediate,60,Common Mistakes in Environmental Impact Assessment,3,Case Study
Environmental Engineering,Advanced Environmental Impact Assessment Techniques,Advanced,64,Hands-on Practice for Environmental Impact Assessment,5,Case Study
Environmental Engineering,Environmental Impact Assessment: Case Study & Project Work,Advanced,118,Advanced Environmental Impact Assessment Techniques,5,Interactive Lab
Environmental Engineering,Mini Project on Environmental Impact Assessment,Advanced,75,Environmental Impact Assessment: Case Study & Project Work,4,Case Study
Environmental Engineering,Real-world Applications of Environmental Impact Assessment,Advanced,111,Mini Project on Environmental Impact Assessment,4,Case Study
Environmental Engineering,Interview Questions on Environmental Impact Assessment,Advanced,72,Real-world Applications of Environmental Impact Assessment,5,Practice Problems
Environmental Engineering,Mastering Environmental Impact Assessment,Advanced,114,Interview Questions on Environmental Impact Assessment,4,Interactive Lab
Family Law,Introduction to Marriage Laws,Beginner,16,None,2,Quiz
Family Law,Fundamentals of Marriage Laws,Beginner,20,Introduction to Marriage Laws,2,PDF Notes
Family Law,Quick Revision of Marriage Laws,Beginner,28,Fundamentals of Marriage Laws,1,PDF Notes
Family Law,Essential Terminology of Marriage Laws,Beginner,28,Quick Revision of Marriage Laws,1,Quiz
Family Law,Marriage Laws: Core Concepts,Intermediate,37,Essential Terminology of Marriage Laws,2,Quiz
Family Law,Marriage Laws: Practical Applications,Intermediate,36,Marriage Laws: Core Concepts,3,Quiz
Family Law,Problem Solving using Marriage Laws,Intermediate,37,Marriage Laws: Practical Applications,4,Practice Problems
Family Law,Common Mistakes in Marriage Laws,Intermediate,60,Problem Solving using Marriage Laws,2,Case Study
Family Law,Hands-on Practice for Marriage Laws,Intermediate,53,Common Mistakes in Marriage Laws,3,Practice Problems
Family Law,Advanced Marriage Laws Techniques,Advanced,90,Hands-on Practice for Marriage Laws,5,Interactive Lab
Family Law,Marriage Laws: Case Study & Project Work,Advanced,88,Advanced Marriage Laws Techniques,5,Interactive Lab
Family Law,Mini Project on Marriage Laws,Advanced,74,Marriage Laws: Case Study & Project Work,5,Mini Project
Family Law,Real-world Applications of Marriage Laws,Advanced,69,Mini Project on Marriage Laws,4,Mini Project
Family Law,Interview Questions on Marriage Laws,Advanced,75,Real-world Applications of Marriage Laws,5,Practice Problems
Family Law,Mastering Marriage Laws,Advanced,104,Interview Questions on Marriage Laws,5,Interactive Lab
Family Law,Introduction to Divorce and Maintenance,Beginner,20,Mastering Marriage Laws,1,Quiz
Family Law,Fundamentals of Divorce and Maintenance,Beginner,23,Introduction to Divorce and Maintenance,2,Video
Family Law,Quick Revision of Divorce and Maintenance,Beginner,30,Fundamentals of Divorce and Maintenance,2,PDF Notes
Family Law,Essential Terminology of Divorce and Maintenance,Beginner,29,Quick Revision of Divorce and Maintenance,2,Video
Family Law,Divorce and Maintenance: Core Concepts,Intermediate,30,Essential Terminology of Divorce and Maintenance,2,Quiz
Family Law,Divorce and Maintenance: Practical Applications,Intermediate,54,Divorce and Maintenance: Core Concepts,4,Video
Family Law,Problem Solving using Divorce and Maintenance,Intermediate,53,Divorce and Maintenance: Practical Applications,2,Practice Problems
Family Law,Common Mistakes in Divorce and Maintenance,Intermediate,58,Problem Solving using Divorce and Maintenance,4,Quiz
Family Law,Hands-on Practice for Divorce and Maintenance,Intermediate,40,Common Mistakes in Divorce and Maintenance,4,Quiz
Family Law,Advanced Divorce and Maintenance Techniques,Advanced,64,Hands-on Practice for Divorce and Maintenance,5,Case Study
Family Law,Divorce and Maintenance: Case Study & Project Work,Advanced,101,Advanced Divorce and Maintenance Techniques,5,Interactive Lab
Family Law,Mini Project on Divorce and Maintenance,Advanced,86,Divorce and Maintenance: Case Study & Project Work,5,Mini Project
Family Law,Real-world Applications of Divorce and Maintenance,Advanced,61,Mini Project on Divorce and Maintenance,4,Interactive Lab
Family Law,Interview Questions on Divorce and Maintenance,Advanced,112,Real-world Applications of Divorce and Maintenance,4,Interactive Lab
Family Law,Mastering Divorce and Maintenance,Advanced,82,Interview Questions on Divorce and Maintenance,5,Mini Project
Family Law,Introduction to Succession Laws,Beginner,18,Mastering Divorce and Maintenance,1,PDF Notes
Family Law,Fundamentals of Succession Laws,Beginner,27,Introduction to Succession Laws,1,PDF Notes
Family Law,Quick Revision of Succession Laws,Beginner,27,Fundamentals of Succession Laws,2,PDF Notes
Family Law,Essential Terminology of Succession Laws,Beginner,19,Quick Revision of Succession Laws,2,PDF Notes
Family Law,Succession Laws: Core Concepts,Intermediate,55,Essential Terminology of Succession Laws,3,Video
Family Law,Succession Laws: Practical Applications,Intermediate,31,Succession Laws: Core Concepts,3,Quiz
Family Law,Problem Solving using Succession Laws,Intermediate,49,Succession Laws: Practical Applications,4,Case Study
Family Law,Common Mistakes in Succession Laws,Intermediate,45,Problem Solving using Succession Laws,2,Quiz
Family Law,Hands-on Practice for Succession Laws,Intermediate,46,Common Mistakes in Succession Laws,4,Quiz
Family Law,Advanced Succession Laws Techniques,Advanced,112,Hands-on Practice for Succession Laws,5,Interactive Lab
Family Law,Succession Laws: Case Study & Project Work,Advanced,89,Advanced Succession Laws Techniques,4,Case Study
Family Law,Mini Project on Succession Laws,Advanced,62,Succession Laws: Case Study & Project Work,5,Case Study
Family Law,Real-world Applications of Succession Laws,Advanced,70,Mini Project on Succession Laws,5,Mini Project
Family Law,Interview Questions on Succession Laws,Advanced,103,Real-world Applications of Succession Laws,4,Mini Project
Family Law,Mastering Succession Laws,Advanced,72,Interview Questions on Succession Laws,4,Practice Problems
Family Law,Introduction to Adoption and Guardianship,Beginner,29,Mastering Succession Laws,2,Quiz
Family Law,Fundamentals of Adoption and Guardianship,Beginner,22,Introduction to Adoption and Guardianship,2,Quiz
Family Law,Quick Revision of Adoption and Guardianship,Beginner,15,Fundamentals of Adoption and Guardianship,1,PDF Notes
Family Law,Essential Terminology of Adoption and Guardianship,Beginner,29,Quick Revision of Adoption and Guardianship,2,Quiz
Family Law,Adoption and Guardianship: Core Concepts,Intermediate,54,Essential Terminology of Adoption and Guardianship,3,Video
Family Law,Adoption and Guardianship: Practical Applications,Intermediate,30,Adoption and Guardianship: Core Concepts,4,Practice Problems
Family Law,Problem Solving using Adoption and Guardianship,Intermediate,48,Adoption and Guardianship: Practical Applications,4,Quiz
Family Law,Common Mistakes in Adoption and Guardianship,Intermediate,32,Problem Solving using Adoption and Guardianship,2,Practice Problems
Family Law,Hands-on Practice for Adoption and Guardianship,Intermediate,40,Common Mistakes in Adoption and Guardianship,3,Practice Problems
Family Law,Advanced Adoption and Guardianship Techniques,Advanced,98,Hands-on Practice for Adoption and Guardianship,4,Mini Project
Family Law,Adoption and Guardianship: Case Study & Project Work,Advanced,109,Advanced Adoption and Guardianship Techniques,4,Case Study
Family Law,Mini Project on Adoption and Guardianship,Advanced,118,Adoption and Guardianship: Case Study & Project Work,4,Case Study
Family Law,Real-world Applications of Adoption and Guardianship,Advanced,71,Mini Project on Adoption and Guardianship,4,Interactive Lab
Family Law,Interview Questions on Adoption and Guardianship,Advanced,85,Real-world Applications of Adoption and Guardianship,4,Interactive Lab
Family Law,Mastering Adoption and Guardianship,Advanced,107,Interview Questions on Adoption and Guardianship,4,Mini Project
Financial Accounting,Introduction to Accounting Principles,Beginner,23,None,1,Quiz
Financial Accounting,Fundamentals of Accounting Principles,Beginner,30,Introduction to Accounting Principles,2,PDF Notes
Financial Accounting,Quick Revision of Accounting Principles,Beginner,19,Fundamentals of Accounting Principles,2,Video
Financial Accounting,Essential Terminology of Accounting Principles,Beginner,15,Quick Revision of Accounting Principles,2,Quiz
Financial Accounting,Accounting Principles: Core Concepts,Intermediate,45,Essential Terminology of Accounting Principles,3,Practice Problems
Financial Accounting,Accounting Principles: Practical Applications,Intermediate,33,Accounting Principles: Core Concepts,2,Video
Financial Accounting,Problem Solving using Accounting Principles,Intermediate,54,Accounting Principles: Practical Applications,3,Video
Financial Accounting,Common Mistakes in Accounting Principles,Intermediate,30,Problem Solving using Accounting Principles,2,Case Study
Financial Accounting,Hands-on Practice for Accounting Principles,Intermediate,48,Common Mistakes in Accounting Principles,3,Case Study
Financial Accounting,Advanced Accounting Principles Techniques,Advanced,102,Hands-on Practice for Accounting Principles,4,Practice Problems
Financial Accounting,Accounting Principles: Case Study & Project Work,Advanced,96,Advanced Accounting Principles Techniques,4,Practice Problems
Financial Accounting,Mini Project on Accounting Principles,Advanced,95,Accounting Principles: Case Study & Project Work,5,Practice Problems
Financial Accounting,Real-world Applications of Accounting Principles,Advanced,111,Mini Project on Accounting Principles,4,Mini Project
Financial Accounting,Interview Questions on Accounting Principles,Advanced,109,Real-world Applications of Accounting Principles,5,Interactive Lab
Financial Accounting,Mastering Accounting Principles,Advanced,77,Interview Questions on Accounting Principles,5,Mini Project
Financial Accounting,Introduction to Financial Statements,Beginner,19,Mastering Accounting Principles,2,Quiz
Financial Accounting,Fundamentals of Financial Statements,Beginner,29,Introduction to Financial Statements,1,Video
Financial Accounting,Quick Revision of Financial Statements,Beginner,20,Fundamentals of Financial Statements,2,Video
Financial Accounting,Essential Terminology of Financial Statements,Beginner,15,Quick Revision of Financial Statements,2,Quiz
Financial Accounting,Financial Statements: Core Concepts,Intermediate,48,Essential Terminology of Financial Statements,2,Video
Financial Accounting,Financial Statements: Practical Applications,Intermediate,43,Financial Statements: Core Concepts,2,Quiz
Financial Accounting,Problem Solving using Financial Statements,Intermediate,31,Financial Statements: Practical Applications,3,Practice Problems
Financial Accounting,Common Mistakes in Financial Statements,Intermediate,56,Problem Solving using Financial Statements,2,Video
Financial Accounting,Hands-on Practice for Financial Statements,Intermediate,55,Common Mistakes in Financial Statements,4,Practice Problems
Financial Accounting,Advanced Financial Statements Techniques,Advanced,106,Hands-on Practice for Financial Statements,4,Practice Problems
Financial Accounting,Financial Statements: Case Study & Project Work,Advanced,61,Advanced Financial Statements Techniques,4,Interactive Lab
Financial Accounting,Mini Project on Financial Statements,Advanced,78,Financial Statements: Case Study & Project Work,4,Interactive Lab
Financial Accounting,Real-world Applications of Financial Statements,Advanced,77,Mini Project on Financial Statements,5,Practice Problems
Financial Accounting,Interview Questions on Financial Statements,Advanced,71,Real-world Applications of Financial Statements,4,Case Study
Financial Accounting,Mastering Financial Statements,Advanced,73,Interview Questions on Financial Statements,4,Practice Problems
Financial Accounting,Introduction to Depreciation,Beginner,17,Mastering Financial Statements,1,Video
Financial Accounting,Fundamentals of Depreciation,Beginner,24,Introduction to Depreciation,2,PDF Notes
Financial Accounting,Quick Revision of Depreciation,Beginner,25,Fundamentals of Depreciation,1,Video
Financial Accounting,Essential Terminology of Depreciation,Beginner,27,Quick Revision of Depreciation,2,Video
Financial Accounting,Depreciation: Core Concepts,Intermediate,46,Essential Terminology of Depreciation,2,Case Study
Financial Accounting,Depreciation: Practical Applications,Intermediate,33,Depreciation: Core Concepts,3,Quiz
Financial Accounting,Problem Solving using Depreciation,Intermediate,59,Depreciation: Practical Applications,2,Quiz
Financial Accounting,Common Mistakes in Depreciation,Intermediate,58,Problem Solving using Depreciation,3,Practice Problems
Financial Accounting,Hands-on Practice for Depreciation,Intermediate,54,Common Mistakes in Depreciation,4,Practice Problems
Financial Accounting,Advanced Depreciation Techniques,Advanced,115,Hands-on Practice for Depreciation,5,Interactive Lab
Financial Accounting,Depreciation: Case Study & Project Work,Advanced,74,Advanced Depreciation Techniques,4,Practice Problems
Financial Accounting,Mini Project on Depreciation,Advanced,77,Depreciation: Case Study & Project Work,5,Interactive Lab
Financial Accounting,Real-world Applications of Depreciation,Advanced,108,Mini Project on Depreciation,5,Case Study
Financial Accounting,Interview Questions on Depreciation,Advanced,75,Real-world Applications of Depreciation,4,Mini Project
Financial Accounting,Mastering Depreciation,Advanced,62,Interview Questions on Depreciation,4,Mini Project
Financial Accounting,Introduction to Cash Flow Statements,Beginner,28,Mastering Depreciation,2,PDF Notes
Financial Accounting,Fundamentals of Cash Flow Statements,Beginner,27,Introduction to Cash Flow Statements,2,PDF Notes
Financial Accounting,Quick Revision of Cash Flow Statements,Beginner,24,Fundamentals of Cash Flow Statements,1,PDF Notes
Financial Accounting,Essential Terminology of Cash Flow Statements,Beginner,30,Quick Revision of Cash Flow Statements,1,Video
Financial Accounting,Cash Flow Statements: Core Concepts,Intermediate,35,Essential Terminology of Cash Flow Statements,2,Case Study
Financial Accounting,Cash Flow Statements: Practical Applications,Intermediate,52,Cash Flow Statements: Core Concepts,3,Quiz
Financial Accounting,Problem Solving using Cash Flow Statements,Intermediate,57,Cash Flow Statements: Practical Applications,2,Case Study
Financial Accounting,Common Mistakes in Cash Flow Statements,Intermediate,41,Problem Solving using Cash Flow Statements,3,Case Study
Financial Accounting,Hands-on Practice for Cash Flow Statements,Intermediate,34,Common Mistakes in Cash Flow Statements,3,Quiz
Financial Accounting,Advanced Cash Flow Statements Techniques,Advanced,90,Hands-on Practice for Cash Flow Statements,4,Interactive Lab
Financial Accounting,Cash Flow Statements: Case Study & Project Work,Advanced,101,Advanced Cash Flow Statements Techniques,5,Interactive Lab
Financial Accounting,Mini Project on Cash Flow Statements,Advanced,62,Cash Flow Statements: Case Study & Project Work,5,Mini Project
Financial Accounting,Real-world Applications of Cash Flow Statements,Advanced,71,Mini Project on Cash Flow Statements,4,Case Study
Financial Accounting,Interview Questions on Cash Flow Statements,Advanced,85,Real-world Applications of Cash Flow Statements,4,Interactive Lab
Financial Accounting,Mastering Cash Flow Statements,Advanced,89,Interview Questions on Cash Flow Statements,4,Mini Project
Financial Management,Introduction to Capital Budgeting,Beginner,16,None,2,Quiz
Financial Management,Fundamentals of Capital Budgeting,Beginner,28,Introduction to Capital Budgeting,2,Video
Financial Management,Quick Revision of Capital Budgeting,Beginner,17,Fundamentals of Capital Budgeting,1,Quiz
Financial Management,Essential Terminology of Capital Budgeting,Beginner,26,Quick Revision of Capital Budgeting,1,Quiz
Financial Management,Capital Budgeting: Core Concepts,Intermediate,52,Essential Terminology of Capital Budgeting,2,Practice Problems
Financial Management,Capital Budgeting: Practical Applications,Intermediate,58,Capital Budgeting: Core Concepts,3,Quiz
Financial Management,Problem Solving using Capital Budgeting,Intermediate,41,Capital Budgeting: Practical Applications,4,Case Study
Financial Management,Common Mistakes in Capital Budgeting,Intermediate,44,Problem Solving using Capital Budgeting,3,Case Study
Financial Management,Hands-on Practice for Capital Budgeting,Intermediate,47,Common Mistakes in Capital Budgeting,2,Practice Problems
Financial Management,Advanced Capital Budgeting Techniques,Advanced,64,Hands-on Practice for Capital Budgeting,5,Mini Project
Financial Management,Capital Budgeting: Case Study & Project Work,Advanced,103,Advanced Capital Budgeting Techniques,5,Practice Problems
Financial Management,Mini Project on Capital Budgeting,Advanced,115,Capital Budgeting: Case Study & Project Work,4,Case Study
Financial Management,Real-world Applications of Capital Budgeting,Advanced,84,Mini Project on Capital Budgeting,5,Interactive Lab
Financial Management,Interview Questions on Capital Budgeting,Advanced,89,Real-world Applications of Capital Budgeting,4,Case Study
Financial Management,Mastering Capital Budgeting,Advanced,65,Interview Questions on Capital Budgeting,5,Case Study
Financial Management,Introduction to Working Capital Management,Beginner,17,Mastering Capital Budgeting,1,Quiz
Financial Management,Fundamentals of Working Capital Management,Beginner,24,Introduction to Working Capital Management,1,PDF Notes
Financial Management,Quick Revision of Working Capital Management,Beginner,22,Fundamentals of Working Capital Management,1,PDF Notes
Financial Management,Essential Terminology of Working Capital Management,Beginner,25,Quick Revision of Working Capital Management,2,PDF Notes
Financial Management,Working Capital Management: Core Concepts,Intermediate,46,Essential Terminology of Working Capital Management,3,Case Study
Financial Management,Working Capital Management: Practical Applications,Intermediate,46,Working Capital Management: Core Concepts,3,Video
Financial Management,Problem Solving using Working Capital Management,Intermediate,36,Working Capital Management: Practical Applications,3,Practice Problems
Financial Management,Common Mistakes in Working Capital Management,Intermediate,47,Problem Solving using Working Capital Management,2,Case Study
Financial Management,Hands-on Practice for Working Capital Management,Intermediate,37,Common Mistakes in Working Capital Management,3,Case Study
Financial Management,Advanced Working Capital Management Techniques,Advanced,81,Hands-on Practice for Working Capital Management,4,Case Study
Financial Management,Working Capital Management: Case Study & Project Work,Advanced,89,Advanced Working Capital Management Techniques,5,Case Study
Financial Management,Mini Project on Working Capital Management,Advanced,120,Working Capital Management: Case Study & Project Work,5,Mini Project
Financial Management,Real-world Applications of Working Capital Management,Advanced,67,Mini Project on Working Capital Management,5,Interactive Lab
Financial Management,Interview Questions on Working Capital Management,Advanced,106,Real-world Applications of Working Capital Management,4,Case Study
Financial Management,Mastering Working Capital Management,Advanced,79,Interview Questions on Working Capital Management,5,Interactive Lab
Financial Management,Introduction to Risk and Return,Beginner,17,Mastering Working Capital Management,1,Quiz
Financial Management,Fundamentals of Risk and Return,Beginner,29,Introduction to Risk and Return,2,Quiz
Financial Management,Quick Revision of Risk and Return,Beginner,21,Fundamentals of Risk and Return,1,PDF Notes
Financial Management,Essential Terminology of Risk and Return,Beginner,25,Quick Revision of Risk and Return,2,Quiz
Financial Management,Risk and Return: Core Concepts,Intermediate,47,Essential Terminology of Risk and Return,3,Quiz
Financial Management,Risk and Return: Practical Applications,Intermediate,36,Risk and Return: Core Concepts,2,Quiz
Financial Management,Problem Solving using Risk and Return,Intermediate,48,Risk and Return: Practical Applications,2,Video
Financial Management,Common Mistakes in Risk and Return,Intermediate,30,Problem Solving using Risk and Return,4,Case Study
Financial Management,Hands-on Practice for Risk and Return,Intermediate,52,Common Mistakes in Risk and Return,4,Practice Problems
Financial Management,Advanced Risk and Return Techniques,Advanced,91,Hands-on Practice for Risk and Return,5,Practice Problems
Financial Management,Risk and Return: Case Study & Project Work,Advanced,64,Advanced Risk and Return Techniques,5,Practice Problems
Financial Management,Mini Project on Risk and Return,Advanced,112,Risk and Return: Case Study & Project Work,4,Interactive Lab
Financial Management,Real-world Applications of Risk and Return,Advanced,85,Mini Project on Risk and Return,4,Mini Project
Financial Management,Interview Questions on Risk and Return,Advanced,74,Real-world Applications of Risk and Return,4,Practice Problems
Financial Management,Mastering Risk and Return,Advanced,92,Interview Questions on Risk and Return,4,Case Study
Financial Management,Introduction to Dividend Policy,Beginner,15,Mastering Risk and Return,1,PDF Notes
Financial Management,Fundamentals of Dividend Policy,Beginner,16,Introduction to Dividend Policy,1,PDF Notes
Financial Management,Quick Revision of Dividend Policy,Beginner,24,Fundamentals of Dividend Policy,2,Video
Financial Management,Essential Terminology of Dividend Policy,Beginner,21,Quick Revision of Dividend Policy,1,PDF Notes
Financial Management,Dividend Policy: Core Concepts,Intermediate,45,Essential Terminology of Dividend Policy,2,Quiz
Financial Management,Dividend Policy: Practical Applications,Intermediate,35,Dividend Policy: Core Concepts,3,Quiz
Financial Management,Problem Solving using Dividend Policy,Intermediate,35,Dividend Policy: Practical Applications,3,Practice Problems
Financial Management,Common Mistakes in Dividend Policy,Intermediate,35,Problem Solving using Dividend Policy,3,Case Study
Financial Management,Hands-on Practice for Dividend Policy,Intermediate,47,Common Mistakes in Dividend Policy,4,Quiz
Financial Management,Advanced Dividend Policy Techniques,Advanced,67,Hands-on Practice for Dividend Policy,5,Mini Project
Financial Management,Dividend Policy: Case Study & Project Work,Advanced,76,Advanced Dividend Policy Techniques,4,Mini Project
Financial Management,Mini Project on Dividend Policy,Advanced,88,Dividend Policy: Case Study & Project Work,5,Mini Project
Financial Management,Real-world Applications of Dividend Policy,Advanced,73,Mini Project on Dividend Policy,5,Mini Project
Financial Management,Interview Questions on Dividend Policy,Advanced,65,Real-world Applications of Dividend Policy,5,Case Study
Financial Management,Mastering Dividend Policy,Advanced,71,Interview Questions on Dividend Policy,4,Mini Project
Fluid Mechanics,Introduction to Fluid Properties,Beginner,20,None,1,Quiz
Fluid Mechanics,Fundamentals of Fluid Properties,Beginner,30,Introduction to Fluid Properties,1,PDF Notes
Fluid Mechanics,Quick Revision of Fluid Properties,Beginner,23,Fundamentals of Fluid Properties,1,Video
Fluid Mechanics,Essential Terminology of Fluid Properties,Beginner,23,Quick Revision of Fluid Properties,2,Video
Fluid Mechanics,Fluid Properties: Core Concepts,Intermediate,52,Essential Terminology of Fluid Properties,4,Quiz
Fluid Mechanics,Fluid Properties: Practical Applications,Intermediate,44,Fluid Properties: Core Concepts,3,Quiz
Fluid Mechanics,Problem Solving using Fluid Properties,Intermediate,42,Fluid Properties: Practical Applications,3,Video
Fluid Mechanics,Common Mistakes in Fluid Properties,Intermediate,55,Problem Solving using Fluid Properties,3,Video
Fluid Mechanics,Hands-on Practice for Fluid Properties,Intermediate,35,Common Mistakes in Fluid Properties,4,Video
Fluid Mechanics,Advanced Fluid Properties Techniques,Advanced,101,Hands-on Practice for Fluid Properties,5,Case Study
Fluid Mechanics,Fluid Properties: Case Study & Project Work,Advanced,65,Advanced Fluid Properties Techniques,4,Practice Problems
Fluid Mechanics,Mini Project on Fluid Properties,Advanced,108,Fluid Properties: Case Study & Project Work,4,Case Study
Fluid Mechanics,Real-world Applications of Fluid Properties,Advanced,77,Mini Project on Fluid Properties,4,Interactive Lab
Fluid Mechanics,Interview Questions on Fluid Properties,Advanced,111,Real-world Applications of Fluid Properties,5,Interactive Lab
Fluid Mechanics,Mastering Fluid Properties,Advanced,62,Interview Questions on Fluid Properties,4,Interactive Lab
Fluid Mechanics,Introduction to Fluid Statics,Beginner,28,Mastering Fluid Properties,2,Video
Fluid Mechanics,Fundamentals of Fluid Statics,Beginner,15,Introduction to Fluid Statics,1,Quiz
Fluid Mechanics,Quick Revision of Fluid Statics,Beginner,27,Fundamentals of Fluid Statics,2,Video
Fluid Mechanics,Essential Terminology of Fluid Statics,Beginner,23,Quick Revision of Fluid Statics,2,Video
Fluid Mechanics,Fluid Statics: Core Concepts,Intermediate,42,Essential Terminology of Fluid Statics,4,Practice Problems
Fluid Mechanics,Fluid Statics: Practical Applications,Intermediate,33,Fluid Statics: Core Concepts,4,Video
Fluid Mechanics,Problem Solving using Fluid Statics,Intermediate,55,Fluid Statics: Practical Applications,3,Quiz
Fluid Mechanics,Common Mistakes in Fluid Statics,Intermediate,32,Problem Solving using Fluid Statics,3,Video
Fluid Mechanics,Hands-on Practice for Fluid Statics,Intermediate,57,Common Mistakes in Fluid Statics,4,Practice Problems
Fluid Mechanics,Advanced Fluid Statics Techniques,Advanced,100,Hands-on Practice for Fluid Statics,4,Practice Problems
Fluid Mechanics,Fluid Statics: Case Study & Project Work,Advanced,69,Advanced Fluid Statics Techniques,4,Practice Problems
Fluid Mechanics,Mini Project on Fluid Statics,Advanced,91,Fluid Statics: Case Study & Project Work,5,Case Study
Fluid Mechanics,Real-world Applications of Fluid Statics,Advanced,61,Mini Project on Fluid Statics,5,Case Study
Fluid Mechanics,Interview Questions on Fluid Statics,Advanced,61,Real-world Applications of Fluid Statics,5,Case Study
Fluid Mechanics,Mastering Fluid Statics,Advanced,110,Interview Questions on Fluid Statics,5,Mini Project
Fluid Mechanics,Introduction to Fluid Dynamics,Beginner,27,Mastering Fluid Statics,1,PDF Notes
Fluid Mechanics,Fundamentals of Fluid Dynamics,Beginner,28,Introduction to Fluid Dynamics,2,Video
Fluid Mechanics,Quick Revision of Fluid Dynamics,Beginner,30,Fundamentals of Fluid Dynamics,1,Video
Fluid Mechanics,Essential Terminology of Fluid Dynamics,Beginner,17,Quick Revision of Fluid Dynamics,2,PDF Notes
Fluid Mechanics,Fluid Dynamics: Core Concepts,Intermediate,47,Essential Terminology of Fluid Dynamics,2,Practice Problems
Fluid Mechanics,Fluid Dynamics: Practical Applications,Intermediate,52,Fluid Dynamics: Core Concepts,2,Quiz
Fluid Mechanics,Problem Solving using Fluid Dynamics,Intermediate,30,Fluid Dynamics: Practical Applications,2,Video
Fluid Mechanics,Common Mistakes in Fluid Dynamics,Intermediate,39,Problem Solving using Fluid Dynamics,4,Practice Problems
Fluid Mechanics,Hands-on Practice for Fluid Dynamics,Intermediate,52,Common Mistakes in Fluid Dynamics,2,Quiz
Fluid Mechanics,Advanced Fluid Dynamics Techniques,Advanced,118,Hands-on Practice for Fluid Dynamics,5,Mini Project
Fluid Mechanics,Fluid Dynamics: Case Study & Project Work,Advanced,111,Advanced Fluid Dynamics Techniques,4,Practice Problems
Fluid Mechanics,Mini Project on Fluid Dynamics,Advanced,98,Fluid Dynamics: Case Study & Project Work,5,Mini Project
Fluid Mechanics,Real-world Applications of Fluid Dynamics,Advanced,115,Mini Project on Fluid Dynamics,5,Mini Project
Fluid Mechanics,Interview Questions on Fluid Dynamics,Advanced,82,Real-world Applications of Fluid Dynamics,5,Interactive Lab
Fluid Mechanics,Mastering Fluid Dynamics,Advanced,68,Interview Questions on Fluid Dynamics,4,Case Study
Fluid Mechanics,Introduction to Flow Measurement,Beginner,19,Mastering Fluid Dynamics,1,Quiz
Fluid Mechanics,Fundamentals of Flow Measurement,Beginner,15,Introduction to Flow Measurement,2,Quiz
Fluid Mechanics,Quick Revision of Flow Measurement,Beginner,15,Fundamentals of Flow Measurement,1,PDF Notes
Fluid Mechanics,Essential Terminology of Flow Measurement,Beginner,28,Quick Revision of Flow Measurement,1,Quiz
Fluid Mechanics,Flow Measurement: Core Concepts,Intermediate,57,Essential Terminology of Flow Measurement,4,Video
Fluid Mechanics,Flow Measurement: Practical Applications,Intermediate,52,Flow Measurement: Core Concepts,2,Practice Problems
Fluid Mechanics,Problem Solving using Flow Measurement,Intermediate,37,Flow Measurement: Practical Applications,2,Video
Fluid Mechanics,Common Mistakes in Flow Measurement,Intermediate,32,Problem Solving using Flow Measurement,3,Video
Fluid Mechanics,Hands-on Practice for Flow Measurement,Intermediate,34,Common Mistakes in Flow Measurement,2,Practice Problems
Fluid Mechanics,Advanced Flow Measurement Techniques,Advanced,64,Hands-on Practice for Flow Measurement,5,Interactive Lab
Fluid Mechanics,Flow Measurement: Case Study & Project Work,Advanced,80,Advanced Flow Measurement Techniques,4,Practice Problems
Fluid Mechanics,Mini Project on Flow Measurement,Advanced,120,Flow Measurement: Case Study & Project Work,5,Practice Problems
Fluid Mechanics,Real-world Applications of Flow Measurement,Advanced,109,Mini Project on Flow Measurement,4,Mini Project
Fluid Mechanics,Interview Questions on Flow Measurement,Advanced,116,Real-world Applications of Flow Measurement,5,Mini Project
Fluid Mechanics,Mastering Flow Measurement,Advanced,65,Interview Questions on Flow Measurement,4,Interactive Lab
Fluid Mechanics,Introduction to Pumps and Turbines,Beginner,17,Mastering Flow Measurement,1,Video
Fluid Mechanics,Fundamentals of Pumps and Turbines,Beginner,17,Introduction to Pumps and Turbines,1,Video
Fluid Mechanics,Quick Revision of Pumps and Turbines,Beginner,17,Fundamentals of Pumps and Turbines,2,Video
Fluid Mechanics,Essential Terminology of Pumps and Turbines,Beginner,23,Quick Revision of Pumps and Turbines,1,Quiz
Fluid Mechanics,Pumps and Turbines: Core Concepts,Intermediate,41,Essential Terminology of Pumps and Turbines,3,Quiz
Fluid Mechanics,Pumps and Turbines: Practical Applications,Intermediate,31,Pumps and Turbines: Core Concepts,3,Video
Fluid Mechanics,Problem Solving using Pumps and Turbines,Intermediate,42,Pumps and Turbines: Practical Applications,2,Video
Fluid Mechanics,Common Mistakes in Pumps and Turbines,Intermediate,51,Problem Solving using Pumps and Turbines,4,Case Study
Fluid Mechanics,Hands-on Practice for Pumps and Turbines,Intermediate,50,Common Mistakes in Pumps and Turbines,4,Quiz
Fluid Mechanics,Advanced Pumps and Turbines Techniques,Advanced,83,Hands-on Practice for Pumps and Turbines,5,Mini Project
Fluid Mechanics,Pumps and Turbines: Case Study & Project Work,Advanced,92,Advanced Pumps and Turbines Techniques,5,Practice Problems
Fluid Mechanics,Mini Project on Pumps and Turbines,Advanced,109,Pumps and Turbines: Case Study & Project Work,5,Practice Problems
Fluid Mechanics,Real-world Applications of Pumps and Turbines,Advanced,75,Mini Project on Pumps and Turbines,5,Practice Problems
Fluid Mechanics,Interview Questions on Pumps and Turbines,Advanced,71,Real-world Applications of Pumps and Turbines,4,Interactive Lab
Fluid Mechanics,Mastering Pumps and Turbines,Advanced,101,Interview Questions on Pumps and Turbines,4,Interactive Lab
Forensic Medicine,Introduction to Medico-legal Aspects,Beginner,28,None,2,PDF Notes
Forensic Medicine,Fundamentals of Medico-legal Aspects,Beginner,22,Introduction to Medico-legal Aspects,2,Quiz
Forensic Medicine,Quick Revision of Medico-legal Aspects,Beginner,26,Fundamentals of Medico-legal Aspects,1,PDF Notes
Forensic Medicine,Essential Terminology of Medico-legal Aspects,Beginner,21,Quick Revision of Medico-legal Aspects,2,PDF Notes
Forensic Medicine,Medico-legal Aspects: Core Concepts,Intermediate,42,Essential Terminology of Medico-legal Aspects,4,Case Study
Forensic Medicine,Medico-legal Aspects: Practical Applications,Intermediate,47,Medico-legal Aspects: Core Concepts,4,Case Study
Forensic Medicine,Problem Solving using Medico-legal Aspects,Intermediate,46,Medico-legal Aspects: Practical Applications,4,Quiz
Forensic Medicine,Common Mistakes in Medico-legal Aspects,Intermediate,51,Problem Solving using Medico-legal Aspects,2,Practice Problems
Forensic Medicine,Hands-on Practice for Medico-legal Aspects,Intermediate,53,Common Mistakes in Medico-legal Aspects,3,Quiz
Forensic Medicine,Advanced Medico-legal Aspects Techniques,Advanced,77,Hands-on Practice for Medico-legal Aspects,4,Practice Problems
Forensic Medicine,Medico-legal Aspects: Case Study & Project Work,Advanced,85,Advanced Medico-legal Aspects Techniques,4,Practice Problems
Forensic Medicine,Mini Project on Medico-legal Aspects,Advanced,114,Medico-legal Aspects: Case Study & Project Work,5,Case Study
Forensic Medicine,Real-world Applications of Medico-legal Aspects,Advanced,85,Mini Project on Medico-legal Aspects,5,Interactive Lab
Forensic Medicine,Interview Questions on Medico-legal Aspects,Advanced,82,Real-world Applications of Medico-legal Aspects,4,Mini Project
Forensic Medicine,Mastering Medico-legal Aspects,Advanced,74,Interview Questions on Medico-legal Aspects,4,Interactive Lab
Forensic Medicine,Introduction to Injuries and Wounds,Beginner,23,Mastering Medico-legal Aspects,1,Video
Forensic Medicine,Fundamentals of Injuries and Wounds,Beginner,21,Introduction to Injuries and Wounds,1,Quiz
Forensic Medicine,Quick Revision of Injuries and Wounds,Beginner,15,Fundamentals of Injuries and Wounds,2,PDF Notes
Forensic Medicine,Essential Terminology of Injuries and Wounds,Beginner,27,Quick Revision of Injuries and Wounds,2,PDF Notes
Forensic Medicine,Injuries and Wounds: Core Concepts,Intermediate,48,Essential Terminology of Injuries and Wounds,2,Video
Forensic Medicine,Injuries and Wounds: Practical Applications,Intermediate,53,Injuries and Wounds: Core Concepts,2,Practice Problems
Forensic Medicine,Problem Solving using Injuries and Wounds,Intermediate,52,Injuries and Wounds: Practical Applications,3,Practice Problems
Forensic Medicine,Common Mistakes in Injuries and Wounds,Intermediate,30,Problem Solving using Injuries and Wounds,4,Case Study
Forensic Medicine,Hands-on Practice for Injuries and Wounds,Intermediate,47,Common Mistakes in Injuries and Wounds,2,Quiz
Forensic Medicine,Advanced Injuries and Wounds Techniques,Advanced,91,Hands-on Practice for Injuries and Wounds,4,Mini Project
Forensic Medicine,Injuries and Wounds: Case Study & Project Work,Advanced,76,Advanced Injuries and Wounds Techniques,4,Case Study
Forensic Medicine,Mini Project on Injuries and Wounds,Advanced,65,Injuries and Wounds: Case Study & Project Work,4,Practice Problems
Forensic Medicine,Real-world Applications of Injuries and Wounds,Advanced,96,Mini Project on Injuries and Wounds,5,Practice Problems
Forensic Medicine,Interview Questions on Injuries and Wounds,Advanced,84,Real-world Applications of Injuries and Wounds,5,Mini Project
Forensic Medicine,Mastering Injuries and Wounds,Advanced,69,Interview Questions on Injuries and Wounds,5,Interactive Lab
Forensic Medicine,Introduction to Toxicology,Beginner,25,Mastering Injuries and Wounds,1,PDF Notes
Forensic Medicine,Fundamentals of Toxicology,Beginner,27,Introduction to Toxicology,1,PDF Notes
Forensic Medicine,Quick Revision of Toxicology,Beginner,29,Fundamentals of Toxicology,1,Quiz
Forensic Medicine,Essential Terminology of Toxicology,Beginner,30,Quick Revision of Toxicology,1,PDF Notes
Forensic Medicine,Toxicology: Core Concepts,Intermediate,45,Essential Terminology of Toxicology,3,Case Study
Forensic Medicine,Toxicology: Practical Applications,Intermediate,32,Toxicology: Core Concepts,2,Quiz
Forensic Medicine,Problem Solving using Toxicology,Intermediate,47,Toxicology: Practical Applications,4,Case Study
Forensic Medicine,Common Mistakes in Toxicology,Intermediate,45,Problem Solving using Toxicology,2,Case Study
Forensic Medicine,Hands-on Practice for Toxicology,Intermediate,38,Common Mistakes in Toxicology,3,Case Study
Forensic Medicine,Advanced Toxicology Techniques,Advanced,86,Hands-on Practice for Toxicology,5,Interactive Lab
Forensic Medicine,Toxicology: Case Study & Project Work,Advanced,61,Advanced Toxicology Techniques,4,Practice Problems
Forensic Medicine,Mini Project on Toxicology,Advanced,112,Toxicology: Case Study & Project Work,4,Mini Project
Forensic Medicine,Real-world Applications of Toxicology,Advanced,62,Mini Project on Toxicology,5,Mini Project
Forensic Medicine,Interview Questions on Toxicology,Advanced,98,Real-world Applications of Toxicology,4,Case Study
Forensic Medicine,Mastering Toxicology,Advanced,60,Interview Questions on Toxicology,4,Mini Project
Forensic Medicine,Introduction to Autopsy Procedures,Beginner,27,Mastering Toxicology,2,Quiz
Forensic Medicine,Fundamentals of Autopsy Procedures,Beginner,29,Introduction to Autopsy Procedures,1,PDF Notes
Forensic Medicine,Quick Revision of Autopsy Procedures,Beginner,23,Fundamentals of Autopsy Procedures,2,PDF Notes
Forensic Medicine,Essential Terminology of Autopsy Procedures,Beginner,20,Quick Revision of Autopsy Procedures,1,PDF Notes
Forensic Medicine,Autopsy Procedures: Core Concepts,Intermediate,60,Essential Terminology of Autopsy Procedures,3,Video
Forensic Medicine,Autopsy Procedures: Practical Applications,Intermediate,53,Autopsy Procedures: Core Concepts,4,Video
Forensic Medicine,Problem Solving using Autopsy Procedures,Intermediate,58,Autopsy Procedures: Practical Applications,3,Case Study
Forensic Medicine,Common Mistakes in Autopsy Procedures,Intermediate,46,Problem Solving using Autopsy Procedures,3,Case Study
Forensic Medicine,Hands-on Practice for Autopsy Procedures,Intermediate,33,Common Mistakes in Autopsy Procedures,3,Case Study
Forensic Medicine,Advanced Autopsy Procedures Techniques,Advanced,83,Hands-on Practice for Autopsy Procedures,4,Case Study
Forensic Medicine,Autopsy Procedures: Case Study & Project Work,Advanced,113,Advanced Autopsy Procedures Techniques,4,Interactive Lab
Forensic Medicine,Mini Project on Autopsy Procedures,Advanced,118,Autopsy Procedures: Case Study & Project Work,5,Practice Problems
Forensic Medicine,Real-world Applications of Autopsy Procedures,Advanced,77,Mini Project on Autopsy Procedures,5,Mini Project
Forensic Medicine,Interview Questions on Autopsy Procedures,Advanced,96,Real-world Applications of Autopsy Procedures,5,Interactive Lab
Forensic Medicine,Mastering Autopsy Procedures,Advanced,119,Interview Questions on Autopsy Procedures,4,Practice Problems
Geography,Introduction to Physical Geography,Beginner,22,None,2,PDF Notes
Geography,Fundamentals of Physical Geography,Beginner,24,Introduction to Physical Geography,2,Quiz
Geography,Quick Revision of Physical Geography,Beginner,28,Fundamentals of Physical Geography,1,Quiz
Geography,Essential Terminology of Physical Geography,Beginner,25,Quick Revision of Physical Geography,1,Quiz
Geography,Physical Geography: Core Concepts,Intermediate,60,Essential Terminology of Physical Geography,2,Case Study
Geography,Physical Geography: Practical Applications,Intermediate,36,Physical Geography: Core Concepts,3,Video
Geography,Problem Solving using Physical Geography,Intermediate,48,Physical Geography: Practical Applications,4,Video
Geography,Common Mistakes in Physical Geography,Intermediate,40,Problem Solving using Physical Geography,2,Quiz
Geography,Hands-on Practice for Physical Geography,Intermediate,44,Common Mistakes in Physical Geography,2,Practice Problems
Geography,Advanced Physical Geography Techniques,Advanced,102,Hands-on Practice for Physical Geography,5,Practice Problems
Geography,Physical Geography: Case Study & Project Work,Advanced,61,Advanced Physical Geography Techniques,5,Case Study
Geography,Mini Project on Physical Geography,Advanced,111,Physical Geography: Case Study & Project Work,5,Mini Project
Geography,Real-world Applications of Physical Geography,Advanced,109,Mini Project on Physical Geography,5,Case Study
Geography,Interview Questions on Physical Geography,Advanced,118,Real-world Applications of Physical Geography,5,Case Study
Geography,Mastering Physical Geography,Advanced,70,Interview Questions on Physical Geography,5,Practice Problems
Geography,Introduction to Human Geography,Beginner,16,Mastering Physical Geography,1,Video
Geography,Fundamentals of Human Geography,Beginner,25,Introduction to Human Geography,1,PDF Notes
Geography,Quick Revision of Human Geography,Beginner,21,Fundamentals of Human Geography,2,PDF Notes
Geography,Essential Terminology of Human Geography,Beginner,28,Quick Revision of Human Geography,2,PDF Notes
Geography,Human Geography: Core Concepts,Intermediate,32,Essential Terminology of Human Geography,2,Video
Geography,Human Geography: Practical Applications,Intermediate,40,Human Geography: Core Concepts,4,Case Study
Geography,Problem Solving using Human Geography,Intermediate,41,Human Geography: Practical Applications,4,Quiz
Geography,Common Mistakes in Human Geography,Intermediate,36,Problem Solving using Human Geography,3,Case Study
Geography,Hands-on Practice for Human Geography,Intermediate,57,Common Mistakes in Human Geography,4,Video
Geography,Advanced Human Geography Techniques,Advanced,84,Hands-on Practice for Human Geography,4,Mini Project
Geography,Human Geography: Case Study & Project Work,Advanced,102,Advanced Human Geography Techniques,4,Case Study
Geography,Mini Project on Human Geography,Advanced,107,Human Geography: Case Study & Project Work,5,Interactive Lab
Geography,Real-world Applications of Human Geography,Advanced,119,Mini Project on Human Geography,5,Practice Problems
Geography,Interview Questions on Human Geography,Advanced,91,Real-world Applications of Human Geography,5,Case Study
Geography,Mastering Human Geography,Advanced,72,Interview Questions on Human Geography,4,Practice Problems
Geography,Introduction to Climatology,Beginner,26,Mastering Human Geography,2,Video
Geography,Fundamentals of Climatology,Beginner,23,Introduction to Climatology,1,Quiz
Geography,Quick Revision of Climatology,Beginner,19,Fundamentals of Climatology,1,PDF Notes
Geography,Essential Terminology of Climatology,Beginner,16,Quick Revision of Climatology,1,Quiz
Geography,Climatology: Core Concepts,Intermediate,46,Essential Terminology of Climatology,2,Video
Geography,Climatology: Practical Applications,Intermediate,60,Climatology: Core Concepts,3,Practice Problems
Geography,Problem Solving using Climatology,Intermediate,51,Climatology: Practical Applications,3,Video
Geography,Common Mistakes in Climatology,Intermediate,41,Problem Solving using Climatology,2,Practice Problems
Geography,Hands-on Practice for Climatology,Intermediate,31,Common Mistakes in Climatology,4,Video
Geography,Advanced Climatology Techniques,Advanced,88,Hands-on Practice for Climatology,4,Practice Problems
Geography,Climatology: Case Study & Project Work,Advanced,66,Advanced Climatology Techniques,5,Practice Problems
Geography,Mini Project on Climatology,Advanced,73,Climatology: Case Study & Project Work,5,Mini Project
Geography,Real-world Applications of Climatology,Advanced,76,Mini Project on Climatology,5,Mini Project
Geography,Interview Questions on Climatology,Advanced,65,Real-world Applications of Climatology,4,Practice Problems
Geography,Mastering Climatology,Advanced,65,Interview Questions on Climatology,4,Mini Project
Geography,Introduction to Map Reading,Beginner,22,Mastering Climatology,1,PDF Notes
Geography,Fundamentals of Map Reading,Beginner,16,Introduction to Map Reading,2,Quiz
Geography,Quick Revision of Map Reading,Beginner,29,Fundamentals of Map Reading,1,PDF Notes
Geography,Essential Terminology of Map Reading,Beginner,20,Quick Revision of Map Reading,2,Video
Geography,Map Reading: Core Concepts,Intermediate,47,Essential Terminology of Map Reading,2,Video
Geography,Map Reading: Practical Applications,Intermediate,57,Map Reading: Core Concepts,4,Video
Geography,Problem Solving using Map Reading,Intermediate,50,Map Reading: Practical Applications,3,Video
Geography,Common Mistakes in Map Reading,Intermediate,51,Problem Solving using Map Reading,3,Video
Geography,Hands-on Practice for Map Reading,Intermediate,49,Common Mistakes in Map Reading,2,Practice Problems
Geography,Advanced Map Reading Techniques,Advanced,87,Hands-on Practice for Map Reading,4,Mini Project
Geography,Map Reading: Case Study & Project Work,Advanced,73,Advanced Map Reading Techniques,5,Practice Problems
Geography,Mini Project on Map Reading,Advanced,83,Map Reading: Case Study & Project Work,5,Mini Project
Geography,Real-world Applications of Map Reading,Advanced,113,Mini Project on Map Reading,4,Interactive Lab
Geography,Interview Questions on Map Reading,Advanced,67,Real-world Applications of Map Reading,5,Case Study
Geography,Mastering Map Reading,Advanced,95,Interview Questions on Map Reading,4,Interactive Lab
Geography,Introduction to Resource Geography,Beginner,15,Mastering Map Reading,2,PDF Notes
Geography,Fundamentals of Resource Geography,Beginner,22,Introduction to Resource Geography,1,Quiz
Geography,Quick Revision of Resource Geography,Beginner,29,Fundamentals of Resource Geography,2,Video
Geography,Essential Terminology of Resource Geography,Beginner,19,Quick Revision of Resource Geography,2,Quiz
Geography,Resource Geography: Core Concepts,Intermediate,60,Essential Terminology of Resource Geography,4,Practice Problems
Geography,Resource Geography: Practical Applications,Intermediate,36,Resource Geography: Core Concepts,4,Practice Problems
Geography,Problem Solving using Resource Geography,Intermediate,50,Resource Geography: Practical Applications,3,Practice Problems
Geography,Common Mistakes in Resource Geography,Intermediate,33,Problem Solving using Resource Geography,3,Practice Problems
Geography,Hands-on Practice for Resource Geography,Intermediate,41,Common Mistakes in Resource Geography,2,Video
Geography,Advanced Resource Geography Techniques,Advanced,97,Hands-on Practice for Resource Geography,5,Interactive Lab
Geography,Resource Geography: Case Study & Project Work,Advanced,62,Advanced Resource Geography Techniques,5,Case Study
Geography,Mini Project on Resource Geography,Advanced,106,Resource Geography: Case Study & Project Work,5,Mini Project
Geography,Real-world Applications of Resource Geography,Advanced,79,Mini Project on Resource Geography,4,Practice Problems
Geography,Interview Questions on Resource Geography,Advanced,119,Real-world Applications of Resource Geography,4,Practice Problems
Geography,Mastering Resource Geography,Advanced,62,Interview Questions on Resource Geography,4,Case Study
Geotechnical Engineering,Introduction to Soil Classification,Beginner,21,None,1,Quiz
Geotechnical Engineering,Fundamentals of Soil Classification,Beginner,28,Introduction to Soil Classification,2,PDF Notes
Geotechnical Engineering,Quick Revision of Soil Classification,Beginner,17,Fundamentals of Soil Classification,2,Video
Geotechnical Engineering,Essential Terminology of Soil Classification,Beginner,30,Quick Revision of Soil Classification,1,PDF Notes
Geotechnical Engineering,Soil Classification: Core Concepts,Intermediate,38,Essential Terminology of Soil Classification,2,Practice Problems
Geotechnical Engineering,Soil Classification: Practical Applications,Intermediate,54,Soil Classification: Core Concepts,3,Case Study
Geotechnical Engineering,Problem Solving using Soil Classification,Intermediate,54,Soil Classification: Practical Applications,4,Video
Geotechnical Engineering,Common Mistakes in Soil Classification,Intermediate,52,Problem Solving using Soil Classification,4,Case Study
Geotechnical Engineering,Hands-on Practice for Soil Classification,Intermediate,56,Common Mistakes in Soil Classification,3,Video
Geotechnical Engineering,Advanced Soil Classification Techniques,Advanced,63,Hands-on Practice for Soil Classification,4,Case Study
Geotechnical Engineering,Soil Classification: Case Study & Project Work,Advanced,87,Advanced Soil Classification Techniques,4,Case Study
Geotechnical Engineering,Mini Project on Soil Classification,Advanced,106,Soil Classification: Case Study & Project Work,5,Interactive Lab
Geotechnical Engineering,Real-world Applications of Soil Classification,Advanced,107,Mini Project on Soil Classification,5,Case Study
Geotechnical Engineering,Interview Questions on Soil Classification,Advanced,89,Real-world Applications of Soil Classification,5,Case Study
Geotechnical Engineering,Mastering Soil Classification,Advanced,96,Interview Questions on Soil Classification,4,Mini Project
Geotechnical Engineering,Introduction to Soil Mechanics,Beginner,25,Mastering Soil Classification,2,PDF Notes
Geotechnical Engineering,Fundamentals of Soil Mechanics,Beginner,26,Introduction to Soil Mechanics,2,PDF Notes
Geotechnical Engineering,Quick Revision of Soil Mechanics,Beginner,25,Fundamentals of Soil Mechanics,1,Video
Geotechnical Engineering,Essential Terminology of Soil Mechanics,Beginner,25,Quick Revision of Soil Mechanics,2,PDF Notes
Geotechnical Engineering,Soil Mechanics: Core Concepts,Intermediate,38,Essential Terminology of Soil Mechanics,4,Practice Problems
Geotechnical Engineering,Soil Mechanics: Practical Applications,Intermediate,58,Soil Mechanics: Core Concepts,2,Practice Problems
Geotechnical Engineering,Problem Solving using Soil Mechanics,Intermediate,31,Soil Mechanics: Practical Applications,4,Case Study
Geotechnical Engineering,Common Mistakes in Soil Mechanics,Intermediate,34,Problem Solving using Soil Mechanics,3,Case Study
Geotechnical Engineering,Hands-on Practice for Soil Mechanics,Intermediate,30,Common Mistakes in Soil Mechanics,4,Practice Problems
Geotechnical Engineering,Advanced Soil Mechanics Techniques,Advanced,103,Hands-on Practice for Soil Mechanics,4,Practice Problems
Geotechnical Engineering,Soil Mechanics: Case Study & Project Work,Advanced,104,Advanced Soil Mechanics Techniques,4,Practice Problems
Geotechnical Engineering,Mini Project on Soil Mechanics,Advanced,86,Soil Mechanics: Case Study & Project Work,4,Case Study
Geotechnical Engineering,Real-world Applications of Soil Mechanics,Advanced,111,Mini Project on Soil Mechanics,4,Mini Project
Geotechnical Engineering,Interview Questions on Soil Mechanics,Advanced,99,Real-world Applications of Soil Mechanics,5,Interactive Lab
Geotechnical Engineering,Mastering Soil Mechanics,Advanced,76,Interview Questions on Soil Mechanics,5,Practice Problems
Geotechnical Engineering,Introduction to Foundation Engineering,Beginner,23,Mastering Soil Mechanics,2,PDF Notes
Geotechnical Engineering,Fundamentals of Foundation Engineering,Beginner,23,Introduction to Foundation Engineering,2,Quiz
Geotechnical Engineering,Quick Revision of Foundation Engineering,Beginner,17,Fundamentals of Foundation Engineering,2,Quiz
Geotechnical Engineering,Essential Terminology of Foundation Engineering,Beginner,29,Quick Revision of Foundation Engineering,1,PDF Notes
Geotechnical Engineering,Foundation Engineering: Core Concepts,Intermediate,49,Essential Terminology of Foundation Engineering,3,Quiz
Geotechnical Engineering,Foundation Engineering: Practical Applications,Intermediate,32,Foundation Engineering: Core Concepts,3,Video
Geotechnical Engineering,Problem Solving using Foundation Engineering,Intermediate,43,Foundation Engineering: Practical Applications,3,Practice Problems
Geotechnical Engineering,Common Mistakes in Foundation Engineering,Intermediate,51,Problem Solving using Foundation Engineering,4,Case Study
Geotechnical Engineering,Hands-on Practice for Foundation Engineering,Intermediate,37,Common Mistakes in Foundation Engineering,4,Video
Geotechnical Engineering,Advanced Foundation Engineering Techniques,Advanced,94,Hands-on Practice for Foundation Engineering,4,Mini Project
Geotechnical Engineering,Foundation Engineering: Case Study & Project Work,Advanced,97,Advanced Foundation Engineering Techniques,5,Mini Project
Geotechnical Engineering,Mini Project on Foundation Engineering,Advanced,96,Foundation Engineering: Case Study & Project Work,4,Practice Problems
Geotechnical Engineering,Real-world Applications of Foundation Engineering,Advanced,99,Mini Project on Foundation Engineering,5,Practice Problems
Geotechnical Engineering,Interview Questions on Foundation Engineering,Advanced,74,Real-world Applications of Foundation Engineering,5,Case Study
Geotechnical Engineering,Mastering Foundation Engineering,Advanced,76,Interview Questions on Foundation Engineering,4,Case Study
Geotechnical Engineering,Introduction to Slope Stability,Beginner,28,Mastering Foundation Engineering,2,PDF Notes
Geotechnical Engineering,Fundamentals of Slope Stability,Beginner,30,Introduction to Slope Stability,1,Video
Geotechnical Engineering,Quick Revision of Slope Stability,Beginner,15,Fundamentals of Slope Stability,2,Video
Geotechnical Engineering,Essential Terminology of Slope Stability,Beginner,27,Quick Revision of Slope Stability,1,Video
Geotechnical Engineering,Slope Stability: Core Concepts,Intermediate,55,Essential Terminology of Slope Stability,2,Quiz
Geotechnical Engineering,Slope Stability: Practical Applications,Intermediate,39,Slope Stability: Core Concepts,3,Case Study
Geotechnical Engineering,Problem Solving using Slope Stability,Intermediate,48,Slope Stability: Practical Applications,2,Quiz
Geotechnical Engineering,Common Mistakes in Slope Stability,Intermediate,30,Problem Solving using Slope Stability,2,Video
Geotechnical Engineering,Hands-on Practice for Slope Stability,Intermediate,43,Common Mistakes in Slope Stability,3,Quiz
Geotechnical Engineering,Advanced Slope Stability Techniques,Advanced,108,Hands-on Practice for Slope Stability,4,Case Study
Geotechnical Engineering,Slope Stability: Case Study & Project Work,Advanced,70,Advanced Slope Stability Techniques,5,Mini Project
Geotechnical Engineering,Mini Project on Slope Stability,Advanced,84,Slope Stability: Case Study & Project Work,4,Interactive Lab
Geotechnical Engineering,Real-world Applications of Slope Stability,Advanced,84,Mini Project on Slope Stability,4,Mini Project
Geotechnical Engineering,Interview Questions on Slope Stability,Advanced,113,Real-world Applications of Slope Stability,5,Case Study
Geotechnical Engineering,Mastering Slope Stability,Advanced,112,Interview Questions on Slope Stability,5,Mini Project
Heat Transfer,Introduction to Conduction,Beginner,21,None,2,Video
Heat Transfer,Fundamentals of Conduction,Beginner,22,Introduction to Conduction,2,Video
Heat Transfer,Quick Revision of Conduction,Beginner,28,Fundamentals of Conduction,2,Quiz
Heat Transfer,Essential Terminology of Conduction,Beginner,27,Quick Revision of Conduction,2,Quiz
Heat Transfer,Conduction: Core Concepts,Intermediate,35,Essential Terminology of Conduction,4,Video
Heat Transfer,Conduction: Practical Applications,Intermediate,33,Conduction: Core Concepts,4,Practice Problems
Heat Transfer,Problem Solving using Conduction,Intermediate,58,Conduction: Practical Applications,4,Case Study
Heat Transfer,Common Mistakes in Conduction,Intermediate,30,Problem Solving using Conduction,3,Quiz
Heat Transfer,Hands-on Practice for Conduction,Intermediate,56,Common Mistakes in Conduction,4,Case Study
Heat Transfer,Advanced Conduction Techniques,Advanced,66,Hands-on Practice for Conduction,5,Case Study
Heat Transfer,Conduction: Case Study & Project Work,Advanced,114,Advanced Conduction Techniques,4,Mini Project
Heat Transfer,Mini Project on Conduction,Advanced,107,Conduction: Case Study & Project Work,5,Practice Problems
Heat Transfer,Real-world Applications of Conduction,Advanced,68,Mini Project on Conduction,4,Mini Project
Heat Transfer,Interview Questions on Conduction,Advanced,104,Real-world Applications of Conduction,4,Case Study
Heat Transfer,Mastering Conduction,Advanced,114,Interview Questions on Conduction,5,Interactive Lab
Heat Transfer,Introduction to Convection,Beginner,22,Mastering Conduction,2,Video
Heat Transfer,Fundamentals of Convection,Beginner,16,Introduction to Convection,1,Quiz
Heat Transfer,Quick Revision of Convection,Beginner,27,Fundamentals of Convection,2,Quiz
Heat Transfer,Essential Terminology of Convection,Beginner,29,Quick Revision of Convection,1,Quiz
Heat Transfer,Convection: Core Concepts,Intermediate,30,Essential Terminology of Convection,3,Case Study
Heat Transfer,Convection: Practical Applications,Intermediate,34,Convection: Core Concepts,2,Video
Heat Transfer,Problem Solving using Convection,Intermediate,37,Convection: Practical Applications,3,Video
Heat Transfer,Common Mistakes in Convection,Intermediate,54,Problem Solving using Convection,2,Video
Heat Transfer,Hands-on Practice for Convection,Intermediate,50,Common Mistakes in Convection,2,Video
Heat Transfer,Advanced Convection Techniques,Advanced,96,Hands-on Practice for Convection,5,Mini Project
Heat Transfer,Convection: Case Study & Project Work,Advanced,102,Advanced Convection Techniques,5,Interactive Lab
Heat Transfer,Mini Project on Convection,Advanced,72,Convection: Case Study & Project Work,5,Case Study
Heat Transfer,Real-world Applications of Convection,Advanced,84,Mini Project on Convection,4,Case Study
Heat Transfer,Interview Questions on Convection,Advanced,106,Real-world Applications of Convection,4,Case Study
Heat Transfer,Mastering Convection,Advanced,97,Interview Questions on Convection,5,Case Study
Heat Transfer,Introduction to Radiation,Beginner,28,Mastering Convection,1,Quiz
Heat Transfer,Fundamentals of Radiation,Beginner,19,Introduction to Radiation,1,PDF Notes
Heat Transfer,Quick Revision of Radiation,Beginner,20,Fundamentals of Radiation,2,Video
Heat Transfer,Essential Terminology of Radiation,Beginner,18,Quick Revision of Radiation,1,Video
Heat Transfer,Radiation: Core Concepts,Intermediate,43,Essential Terminology of Radiation,2,Practice Problems
Heat Transfer,Radiation: Practical Applications,Intermediate,41,Radiation: Core Concepts,3,Practice Problems
Heat Transfer,Problem Solving using Radiation,Intermediate,56,Radiation: Practical Applications,4,Case Study
Heat Transfer,Common Mistakes in Radiation,Intermediate,39,Problem Solving using Radiation,2,Quiz
Heat Transfer,Hands-on Practice for Radiation,Intermediate,56,Common Mistakes in Radiation,3,Quiz
Heat Transfer,Advanced Radiation Techniques,Advanced,109,Hands-on Practice for Radiation,5,Practice Problems
Heat Transfer,Radiation: Case Study & Project Work,Advanced,76,Advanced Radiation Techniques,5,Case Study
Heat Transfer,Mini Project on Radiation,Advanced,115,Radiation: Case Study & Project Work,5,Practice Problems
Heat Transfer,Real-world Applications of Radiation,Advanced,97,Mini Project on Radiation,5,Interactive Lab
Heat Transfer,Interview Questions on Radiation,Advanced,88,Real-world Applications of Radiation,4,Practice Problems
Heat Transfer,Mastering Radiation,Advanced,85,Interview Questions on Radiation,4,Practice Problems
Heat Transfer,Introduction to Heat Exchangers,Beginner,26,Mastering Radiation,2,Quiz
Heat Transfer,Fundamentals of Heat Exchangers,Beginner,15,Introduction to Heat Exchangers,1,Video
Heat Transfer,Quick Revision of Heat Exchangers,Beginner,21,Fundamentals of Heat Exchangers,2,Video
Heat Transfer,Essential Terminology of Heat Exchangers,Beginner,21,Quick Revision of Heat Exchangers,2,Quiz
Heat Transfer,Heat Exchangers: Core Concepts,Intermediate,35,Essential Terminology of Heat Exchangers,3,Case Study
Heat Transfer,Heat Exchangers: Practical Applications,Intermediate,40,Heat Exchangers: Core Concepts,4,Practice Problems
Heat Transfer,Problem Solving using Heat Exchangers,Intermediate,35,Heat Exchangers: Practical Applications,3,Quiz
Heat Transfer,Common Mistakes in Heat Exchangers,Intermediate,59,Problem Solving using Heat Exchangers,2,Practice Problems
Heat Transfer,Hands-on Practice for Heat Exchangers,Intermediate,45,Common Mistakes in Heat Exchangers,2,Case Study
Heat Transfer,Advanced Heat Exchangers Techniques,Advanced,85,Hands-on Practice for Heat Exchangers,5,Mini Project
Heat Transfer,Heat Exchangers: Case Study & Project Work,Advanced,90,Advanced Heat Exchangers Techniques,4,Mini Project
Heat Transfer,Mini Project on Heat Exchangers,Advanced,115,Heat Exchangers: Case Study & Project Work,4,Practice Problems
Heat Transfer,Real-world Applications of Heat Exchangers,Advanced,112,Mini Project on Heat Exchangers,5,Mini Project
Heat Transfer,Interview Questions on Heat Exchangers,Advanced,118,Real-world Applications of Heat Exchangers,5,Interactive Lab
Heat Transfer,Mastering Heat Exchangers,Advanced,82,Interview Questions on Heat Exchangers,4,Mini Project
Heat Transfer,Introduction to Boiling and Condensation,Beginner,25,Mastering Heat Exchangers,1,PDF Notes
Heat Transfer,Fundamentals of Boiling and Condensation,Beginner,28,Introduction to Boiling and Condensation,2,Quiz
Heat Transfer,Quick Revision of Boiling and Condensation,Beginner,18,Fundamentals of Boiling and Condensation,1,PDF Notes
Heat Transfer,Essential Terminology of Boiling and Condensation,Beginner,21,Quick Revision of Boiling and Condensation,1,PDF Notes
Heat Transfer,Boiling and Condensation: Core Concepts,Intermediate,31,Essential Terminology of Boiling and Condensation,4,Practice Problems
Heat Transfer,Boiling and Condensation: Practical Applications,Intermediate,37,Boiling and Condensation: Core Concepts,2,Video
Heat Transfer,Problem Solving using Boiling and Condensation,Intermediate,56,Boiling and Condensation: Practical Applications,3,Case Study
Heat Transfer,Common Mistakes in Boiling and Condensation,Intermediate,31,Problem Solving using Boiling and Condensation,3,Video
Heat Transfer,Hands-on Practice for Boiling and Condensation,Intermediate,55,Common Mistakes in Boiling and Condensation,2,Practice Problems
Heat Transfer,Advanced Boiling and Condensation Techniques,Advanced,82,Hands-on Practice for Boiling and Condensation,5,Practice Problems
Heat Transfer,Boiling and Condensation: Case Study & Project Work,Advanced,66,Advanced Boiling and Condensation Techniques,5,Interactive Lab
Heat Transfer,Mini Project on Boiling and Condensation,Advanced,120,Boiling and Condensation: Case Study & Project Work,4,Case Study
Heat Transfer,Real-world Applications of Boiling and Condensation,Advanced,97,Mini Project on Boiling and Condensation,5,Mini Project
Heat Transfer,Interview Questions on Boiling and Condensation,Advanced,108,Real-world Applications of Boiling and Condensation,5,Practice Problems
Heat Transfer,Mastering Boiling and Condensation,Advanced,103,Interview Questions on Boiling and Condensation,5,Interactive Lab
Hindi,Introduction to Vyakaran (Grammar),Beginner,25,None,2,Quiz
Hindi,Fundamentals of Vyakaran (Grammar),Beginner,18,Introduction to Vyakaran (Grammar),2,PDF Notes
Hindi,Quick Revision of Vyakaran (Grammar),Beginner,27,Fundamentals of Vyakaran (Grammar),2,Quiz
Hindi,Essential Terminology of Vyakaran (Grammar),Beginner,25,Quick Revision of Vyakaran (Grammar),2,Quiz
Hindi,Vyakaran (Grammar): Core Concepts,Intermediate,46,Essential Terminology of Vyakaran (Grammar),4,Video
Hindi,Vyakaran (Grammar): Practical Applications,Intermediate,39,Vyakaran (Grammar): Core Concepts,4,Practice Problems
Hindi,Problem Solving using Vyakaran (Grammar),Intermediate,35,Vyakaran (Grammar): Practical Applications,4,Quiz
Hindi,Common Mistakes in Vyakaran (Grammar),Intermediate,59,Problem Solving using Vyakaran (Grammar),4,Practice Problems
Hindi,Hands-on Practice for Vyakaran (Grammar),Intermediate,33,Common Mistakes in Vyakaran (Grammar),2,Quiz
Hindi,Advanced Vyakaran (Grammar) Techniques,Advanced,99,Hands-on Practice for Vyakaran (Grammar),5,Mini Project
Hindi,Vyakaran (Grammar): Case Study & Project Work,Advanced,71,Advanced Vyakaran (Grammar) Techniques,4,Practice Problems
Hindi,Mini Project on Vyakaran (Grammar),Advanced,78,Vyakaran (Grammar): Case Study & Project Work,4,Mini Project
Hindi,Real-world Applications of Vyakaran (Grammar),Advanced,112,Mini Project on Vyakaran (Grammar),4,Practice Problems
Hindi,Interview Questions on Vyakaran (Grammar),Advanced,78,Real-world Applications of Vyakaran (Grammar),4,Mini Project
Hindi,Mastering Vyakaran (Grammar),Advanced,75,Interview Questions on Vyakaran (Grammar),5,Practice Problems
Hindi,Introduction to Gadya (Prose),Beginner,16,Mastering Vyakaran (Grammar),2,Quiz
Hindi,Fundamentals of Gadya (Prose),Beginner,21,Introduction to Gadya (Prose),2,Video
Hindi,Quick Revision of Gadya (Prose),Beginner,15,Fundamentals of Gadya (Prose),2,Video
Hindi,Essential Terminology of Gadya (Prose),Beginner,24,Quick Revision of Gadya (Prose),1,PDF Notes
Hindi,Gadya (Prose): Core Concepts,Intermediate,52,Essential Terminology of Gadya (Prose),2,Quiz
Hindi,Gadya (Prose): Practical Applications,Intermediate,33,Gadya (Prose): Core Concepts,2,Quiz
Hindi,Problem Solving using Gadya (Prose),Intermediate,49,Gadya (Prose): Practical Applications,4,Quiz
Hindi,Common Mistakes in Gadya (Prose),Intermediate,36,Problem Solving using Gadya (Prose),4,Practice Problems
Hindi,Hands-on Practice for Gadya (Prose),Intermediate,46,Common Mistakes in Gadya (Prose),2,Practice Problems
Hindi,Advanced Gadya (Prose) Techniques,Advanced,66,Hands-on Practice for Gadya (Prose),4,Case Study
Hindi,Gadya (Prose): Case Study & Project Work,Advanced,117,Advanced Gadya (Prose) Techniques,5,Case Study
Hindi,Mini Project on Gadya (Prose),Advanced,68,Gadya (Prose): Case Study & Project Work,5,Case Study
Hindi,Real-world Applications of Gadya (Prose),Advanced,63,Mini Project on Gadya (Prose),5,Practice Problems
Hindi,Interview Questions on Gadya (Prose),Advanced,116,Real-world Applications of Gadya (Prose),4,Case Study
Hindi,Mastering Gadya (Prose),Advanced,78,Interview Questions on Gadya (Prose),5,Interactive Lab
Hindi,Introduction to Padya (Poetry),Beginner,21,Mastering Gadya (Prose),2,Video
Hindi,Fundamentals of Padya (Poetry),Beginner,26,Introduction to Padya (Poetry),2,Quiz
Hindi,Quick Revision of Padya (Poetry),Beginner,25,Fundamentals of Padya (Poetry),1,Video
Hindi,Essential Terminology of Padya (Poetry),Beginner,30,Quick Revision of Padya (Poetry),2,Video
Hindi,Padya (Poetry): Core Concepts,Intermediate,60,Essential Terminology of Padya (Poetry),3,Video
Hindi,Padya (Poetry): Practical Applications,Intermediate,44,Padya (Poetry): Core Concepts,2,Video
Hindi,Problem Solving using Padya (Poetry),Intermediate,31,Padya (Poetry): Practical Applications,4,Case Study
Hindi,Common Mistakes in Padya (Poetry),Intermediate,40,Problem Solving using Padya (Poetry),2,Practice Problems
Hindi,Hands-on Practice for Padya (Poetry),Intermediate,58,Common Mistakes in Padya (Poetry),4,Quiz
Hindi,Advanced Padya (Poetry) Techniques,Advanced,96,Hands-on Practice for Padya (Poetry),4,Interactive Lab
Hindi,Padya (Poetry): Case Study & Project Work,Advanced,103,Advanced Padya (Poetry) Techniques,5,Case Study
Hindi,Mini Project on Padya (Poetry),Advanced,66,Padya (Poetry): Case Study & Project Work,5,Practice Problems
Hindi,Real-world Applications of Padya (Poetry),Advanced,72,Mini Project on Padya (Poetry),4,Mini Project
Hindi,Interview Questions on Padya (Poetry),Advanced,100,Real-world Applications of Padya (Poetry),5,Case Study
Hindi,Mastering Padya (Poetry),Advanced,83,Interview Questions on Padya (Poetry),5,Interactive Lab
Hindi,Introduction to Lekhan Kaushal (Writing Skills),Beginner,24,Mastering Padya (Poetry),1,Video
Hindi,Fundamentals of Lekhan Kaushal (Writing Skills),Beginner,21,Introduction to Lekhan Kaushal (Writing Skills),1,PDF Notes
Hindi,Quick Revision of Lekhan Kaushal (Writing Skills),Beginner,25,Fundamentals of Lekhan Kaushal (Writing Skills),1,Quiz
Hindi,Essential Terminology of Lekhan Kaushal (Writing Skills),Beginner,21,Quick Revision of Lekhan Kaushal (Writing Skills),2,Quiz
Hindi,Lekhan Kaushal (Writing Skills): Core Concepts,Intermediate,33,Essential Terminology of Lekhan Kaushal (Writing Skills),3,Practice Problems
Hindi,Lekhan Kaushal (Writing Skills): Practical Applications,Intermediate,46,Lekhan Kaushal (Writing Skills): Core Concepts,2,Quiz
Hindi,Problem Solving using Lekhan Kaushal (Writing Skills),Intermediate,58,Lekhan Kaushal (Writing Skills): Practical Applications,3,Video
Hindi,Common Mistakes in Lekhan Kaushal (Writing Skills),Intermediate,38,Problem Solving using Lekhan Kaushal (Writing Skills),2,Quiz
Hindi,Hands-on Practice for Lekhan Kaushal (Writing Skills),Intermediate,60,Common Mistakes in Lekhan Kaushal (Writing Skills),2,Video
Hindi,Advanced Lekhan Kaushal (Writing Skills) Techniques,Advanced,65,Hands-on Practice for Lekhan Kaushal (Writing Skills),5,Mini Project
Hindi,Lekhan Kaushal (Writing Skills): Case Study & Project Work,Advanced,87,Advanced Lekhan Kaushal (Writing Skills) Techniques,4,Interactive Lab
Hindi,Mini Project on Lekhan Kaushal (Writing Skills),Advanced,60,Lekhan Kaushal (Writing Skills): Case Study & Project Work,4,Interactive Lab
Hindi,Real-world Applications of Lekhan Kaushal (Writing Skills),Advanced,79,Mini Project on Lekhan Kaushal (Writing Skills),4,Practice Problems
Hindi,Interview Questions on Lekhan Kaushal (Writing Skills),Advanced,62,Real-world Applications of Lekhan Kaushal (Writing Skills),5,Interactive Lab
Hindi,Mastering Lekhan Kaushal (Writing Skills),Advanced,73,Interview Questions on Lekhan Kaushal (Writing Skills),4,Case Study
History,Introduction to Ancient Civilizations,Beginner,15,None,1,PDF Notes
History,Fundamentals of Ancient Civilizations,Beginner,27,Introduction to Ancient Civilizations,2,Video
History,Quick Revision of Ancient Civilizations,Beginner,24,Fundamentals of Ancient Civilizations,1,Video
History,Essential Terminology of Ancient Civilizations,Beginner,20,Quick Revision of Ancient Civilizations,1,Video
History,Ancient Civilizations: Core Concepts,Intermediate,31,Essential Terminology of Ancient Civilizations,4,Practice Problems
History,Ancient Civilizations: Practical Applications,Intermediate,34,Ancient Civilizations: Core Concepts,3,Case Study
History,Problem Solving using Ancient Civilizations,Intermediate,50,Ancient Civilizations: Practical Applications,2,Practice Problems
History,Common Mistakes in Ancient Civilizations,Intermediate,34,Problem Solving using Ancient Civilizations,4,Quiz
History,Hands-on Practice for Ancient Civilizations,Intermediate,55,Common Mistakes in Ancient Civilizations,4,Video
History,Advanced Ancient Civilizations Techniques,Advanced,79,Hands-on Practice for Ancient Civilizations,4,Mini Project
History,Ancient Civilizations: Case Study & Project Work,Advanced,115,Advanced Ancient Civilizations Techniques,5,Interactive Lab
History,Mini Project on Ancient Civilizations,Advanced,80,Ancient Civilizations: Case Study & Project Work,5,Practice Problems
History,Real-world Applications of Ancient Civilizations,Advanced,105,Mini Project on Ancient Civilizations,5,Practice Problems
History,Interview Questions on Ancient Civilizations,Advanced,79,Real-world Applications of Ancient Civilizations,4,Practice Problems
History,Mastering Ancient Civilizations,Advanced,67,Interview Questions on Ancient Civilizations,5,Case Study
History,Introduction to Medieval History,Beginner,23,Mastering Ancient Civilizations,1,Video
History,Fundamentals of Medieval History,Beginner,16,Introduction to Medieval History,1,PDF Notes
History,Quick Revision of Medieval History,Beginner,26,Fundamentals of Medieval History,2,PDF Notes
History,Essential Terminology of Medieval History,Beginner,20,Quick Revision of Medieval History,2,Video
History,Medieval History: Core Concepts,Intermediate,56,Essential Terminology of Medieval History,2,Quiz
History,Medieval History: Practical Applications,Intermediate,34,Medieval History: Core Concepts,3,Quiz
History,Problem Solving using Medieval History,Intermediate,56,Medieval History: Practical Applications,2,Case Study
History,Common Mistakes in Medieval History,Intermediate,43,Problem Solving using Medieval History,4,Video
History,Hands-on Practice for Medieval History,Intermediate,48,Common Mistakes in Medieval History,4,Quiz
History,Advanced Medieval History Techniques,Advanced,89,Hands-on Practice for Medieval History,4,Practice Problems
History,Medieval History: Case Study & Project Work,Advanced,73,Advanced Medieval History Techniques,5,Practice Problems
History,Mini Project on Medieval History,Advanced,103,Medieval History: Case Study & Project Work,4,Case Study
History,Real-world Applications of Medieval History,Advanced,76,Mini Project on Medieval History,5,Interactive Lab
History,Interview Questions on Medieval History,Advanced,80,Real-world Applications of Medieval History,4,Case Study
History,Mastering Medieval History,Advanced,79,Interview Questions on Medieval History,5,Case Study
History,Introduction to Modern History,Beginner,23,Mastering Medieval History,1,PDF Notes
History,Fundamentals of Modern History,Beginner,24,Introduction to Modern History,2,Quiz
History,Quick Revision of Modern History,Beginner,26,Fundamentals of Modern History,2,Quiz
History,Essential Terminology of Modern History,Beginner,21,Quick Revision of Modern History,1,Quiz
History,Modern History: Core Concepts,Intermediate,55,Essential Terminology of Modern History,2,Quiz
History,Modern History: Practical Applications,Intermediate,34,Modern History: Core Concepts,3,Quiz
History,Problem Solving using Modern History,Intermediate,35,Modern History: Practical Applications,3,Practice Problems
History,Common Mistakes in Modern History,Intermediate,38,Problem Solving using Modern History,2,Quiz
History,Hands-on Practice for Modern History,Intermediate,44,Common Mistakes in Modern History,3,Case Study
History,Advanced Modern History Techniques,Advanced,110,Hands-on Practice for Modern History,5,Practice Problems
History,Modern History: Case Study & Project Work,Advanced,97,Advanced Modern History Techniques,4,Mini Project
History,Mini Project on Modern History,Advanced,113,Modern History: Case Study & Project Work,4,Mini Project
History,Real-world Applications of Modern History,Advanced,60,Mini Project on Modern History,5,Mini Project
History,Interview Questions on Modern History,Advanced,95,Real-world Applications of Modern History,5,Practice Problems
History,Mastering Modern History,Advanced,97,Interview Questions on Modern History,4,Practice Problems
History,Introduction to World Wars,Beginner,24,Mastering Modern History,2,Quiz
History,Fundamentals of World Wars,Beginner,21,Introduction to World Wars,1,Quiz
History,Quick Revision of World Wars,Beginner,15,Fundamentals of World Wars,1,PDF Notes
History,Essential Terminology of World Wars,Beginner,23,Quick Revision of World Wars,2,Video
History,World Wars: Core Concepts,Intermediate,60,Essential Terminology of World Wars,4,Quiz
History,World Wars: Practical Applications,Intermediate,38,World Wars: Core Concepts,3,Case Study
History,Problem Solving using World Wars,Intermediate,31,World Wars: Practical Applications,3,Video
History,Common Mistakes in World Wars,Intermediate,32,Problem Solving using World Wars,4,Video
History,Hands-on Practice for World Wars,Intermediate,35,Common Mistakes in World Wars,4,Case Study
History,Advanced World Wars Techniques,Advanced,70,Hands-on Practice for World Wars,4,Interactive Lab
History,World Wars: Case Study & Project Work,Advanced,111,Advanced World Wars Techniques,5,Mini Project
History,Mini Project on World Wars,Advanced,97,World Wars: Case Study & Project Work,4,Interactive Lab
History,Real-world Applications of World Wars,Advanced,109,Mini Project on World Wars,5,Case Study
History,Interview Questions on World Wars,Advanced,74,Real-world Applications of World Wars,5,Mini Project
History,Mastering World Wars,Advanced,111,Interview Questions on World Wars,4,Practice Problems
History,Introduction to Independence Movements,Beginner,16,Mastering World Wars,2,PDF Notes
History,Fundamentals of Independence Movements,Beginner,25,Introduction to Independence Movements,2,Quiz
History,Quick Revision of Independence Movements,Beginner,20,Fundamentals of Independence Movements,2,PDF Notes
History,Essential Terminology of Independence Movements,Beginner,19,Quick Revision of Independence Movements,1,Video
History,Independence Movements: Core Concepts,Intermediate,31,Essential Terminology of Independence Movements,2,Video
History,Independence Movements: Practical Applications,Intermediate,31,Independence Movements: Core Concepts,2,Case Study
History,Problem Solving using Independence Movements,Intermediate,58,Independence Movements: Practical Applications,4,Quiz
History,Common Mistakes in Independence Movements,Intermediate,53,Problem Solving using Independence Movements,4,Case Study
History,Hands-on Practice for Independence Movements,Intermediate,51,Common Mistakes in Independence Movements,3,Quiz
History,Advanced Independence Movements Techniques,Advanced,89,Hands-on Practice for Independence Movements,5,Interactive Lab
History,Independence Movements: Case Study & Project Work,Advanced,83,Advanced Independence Movements Techniques,5,Practice Problems
History,Mini Project on Independence Movements,Advanced,64,Independence Movements: Case Study & Project Work,4,Practice Problems
History,Real-world Applications of Independence Movements,Advanced,119,Mini Project on Independence Movements,4,Case Study
History,Interview Questions on Independence Movements,Advanced,72,Real-world Applications of Independence Movements,5,Practice Problems
History,Mastering Independence Movements,Advanced,72,Interview Questions on Independence Movements,5,Mini Project
Human Resource Management,Introduction to Recruitment and Selection,Beginner,24,None,2,PDF Notes
Human Resource Management,Fundamentals of Recruitment and Selection,Beginner,28,Introduction to Recruitment and Selection,1,Video
Human Resource Management,Quick Revision of Recruitment and Selection,Beginner,25,Fundamentals of Recruitment and Selection,1,Quiz
Human Resource Management,Essential Terminology of Recruitment and Selection,Beginner,25,Quick Revision of Recruitment and Selection,1,Video
Human Resource Management,Recruitment and Selection: Core Concepts,Intermediate,46,Essential Terminology of Recruitment and Selection,3,Practice Problems
Human Resource Management,Recruitment and Selection: Practical Applications,Intermediate,36,Recruitment and Selection: Core Concepts,3,Case Study
Human Resource Management,Problem Solving using Recruitment and Selection,Intermediate,58,Recruitment and Selection: Practical Applications,4,Video
Human Resource Management,Common Mistakes in Recruitment and Selection,Intermediate,49,Problem Solving using Recruitment and Selection,3,Video
Human Resource Management,Hands-on Practice for Recruitment and Selection,Intermediate,39,Common Mistakes in Recruitment and Selection,3,Case Study
Human Resource Management,Advanced Recruitment and Selection Techniques,Advanced,106,Hands-on Practice for Recruitment and Selection,5,Mini Project
Human Resource Management,Recruitment and Selection: Case Study & Project Work,Advanced,91,Advanced Recruitment and Selection Techniques,5,Mini Project
Human Resource Management,Mini Project on Recruitment and Selection,Advanced,91,Recruitment and Selection: Case Study & Project Work,5,Case Study
Human Resource Management,Real-world Applications of Recruitment and Selection,Advanced,60,Mini Project on Recruitment and Selection,5,Interactive Lab
Human Resource Management,Interview Questions on Recruitment and Selection,Advanced,117,Real-world Applications of Recruitment and Selection,5,Mini Project
Human Resource Management,Mastering Recruitment and Selection,Advanced,76,Interview Questions on Recruitment and Selection,5,Practice Problems
Human Resource Management,Introduction to Training and Development,Beginner,21,Mastering Recruitment and Selection,1,Quiz
Human Resource Management,Fundamentals of Training and Development,Beginner,23,Introduction to Training and Development,2,PDF Notes
Human Resource Management,Quick Revision of Training and Development,Beginner,28,Fundamentals of Training and Development,1,Video
Human Resource Management,Essential Terminology of Training and Development,Beginner,23,Quick Revision of Training and Development,2,Video
Human Resource Management,Training and Development: Core Concepts,Intermediate,48,Essential Terminology of Training and Development,2,Case Study
Human Resource Management,Training and Development: Practical Applications,Intermediate,38,Training and Development: Core Concepts,2,Case Study
Human Resource Management,Problem Solving using Training and Development,Intermediate,51,Training and Development: Practical Applications,3,Case Study
Human Resource Management,Common Mistakes in Training and Development,Intermediate,39,Problem Solving using Training and Development,4,Video
Human Resource Management,Hands-on Practice for Training and Development,Intermediate,38,Common Mistakes in Training and Development,3,Video
Human Resource Management,Advanced Training and Development Techniques,Advanced,107,Hands-on Practice for Training and Development,5,Case Study
Human Resource Management,Training and Development: Case Study & Project Work,Advanced,66,Advanced Training and Development Techniques,5,Interactive Lab
Human Resource Management,Mini Project on Training and Development,Advanced,75,Training and Development: Case Study & Project Work,4,Case Study
Human Resource Management,Real-world Applications of Training and Development,Advanced,96,Mini Project on Training and Development,4,Case Study
Human Resource Management,Interview Questions on Training and Development,Advanced,113,Real-world Applications of Training and Development,4,Interactive Lab
Human Resource Management,Mastering Training and Development,Advanced,76,Interview Questions on Training and Development,5,Mini Project
Human Resource Management,Introduction to Performance Management,Beginner,20,Mastering Training and Development,2,Video
Human Resource Management,Fundamentals of Performance Management,Beginner,27,Introduction to Performance Management,1,PDF Notes
Human Resource Management,Quick Revision of Performance Management,Beginner,28,Fundamentals of Performance Management,1,PDF Notes
Human Resource Management,Essential Terminology of Performance Management,Beginner,25,Quick Revision of Performance Management,1,PDF Notes
Human Resource Management,Performance Management: Core Concepts,Intermediate,53,Essential Terminology of Performance Management,2,Case Study
Human Resource Management,Performance Management: Practical Applications,Intermediate,42,Performance Management: Core Concepts,2,Quiz
Human Resource Management,Problem Solving using Performance Management,Intermediate,47,Performance Management: Practical Applications,2,Video
Human Resource Management,Common Mistakes in Performance Management,Intermediate,53,Problem Solving using Performance Management,3,Case Study
Human Resource Management,Hands-on Practice for Performance Management,Intermediate,30,Common Mistakes in Performance Management,3,Video
Human Resource Management,Advanced Performance Management Techniques,Advanced,68,Hands-on Practice for Performance Management,5,Case Study
Human Resource Management,Performance Management: Case Study & Project Work,Advanced,116,Advanced Performance Management Techniques,4,Interactive Lab
Human Resource Management,Mini Project on Performance Management,Advanced,69,Performance Management: Case Study & Project Work,4,Mini Project
Human Resource Management,Real-world Applications of Performance Management,Advanced,80,Mini Project on Performance Management,4,Practice Problems
Human Resource Management,Interview Questions on Performance Management,Advanced,106,Real-world Applications of Performance Management,4,Case Study
Human Resource Management,Mastering Performance Management,Advanced,116,Interview Questions on Performance Management,4,Interactive Lab
Human Resource Management,Introduction to Compensation,Beginner,24,Mastering Performance Management,2,Video
Human Resource Management,Fundamentals of Compensation,Beginner,21,Introduction to Compensation,1,Quiz
Human Resource Management,Quick Revision of Compensation,Beginner,26,Fundamentals of Compensation,1,Quiz
Human Resource Management,Essential Terminology of Compensation,Beginner,23,Quick Revision of Compensation,2,Quiz
Human Resource Management,Compensation: Core Concepts,Intermediate,31,Essential Terminology of Compensation,4,Quiz
Human Resource Management,Compensation: Practical Applications,Intermediate,57,Compensation: Core Concepts,2,Quiz
Human Resource Management,Problem Solving using Compensation,Intermediate,30,Compensation: Practical Applications,4,Case Study
Human Resource Management,Common Mistakes in Compensation,Intermediate,35,Problem Solving using Compensation,2,Video
Human Resource Management,Hands-on Practice for Compensation,Intermediate,31,Common Mistakes in Compensation,2,Practice Problems
Human Resource Management,Advanced Compensation Techniques,Advanced,88,Hands-on Practice for Compensation,5,Mini Project
Human Resource Management,Compensation: Case Study & Project Work,Advanced,95,Advanced Compensation Techniques,5,Interactive Lab
Human Resource Management,Mini Project on Compensation,Advanced,74,Compensation: Case Study & Project Work,5,Mini Project
Human Resource Management,Real-world Applications of Compensation,Advanced,95,Mini Project on Compensation,5,Interactive Lab
Human Resource Management,Interview Questions on Compensation,Advanced,87,Real-world Applications of Compensation,5,Mini Project
Human Resource Management,Mastering Compensation,Advanced,75,Interview Questions on Compensation,5,Practice Problems
Human Rights Law,Introduction to Civil and Political Rights,Beginner,30,None,1,PDF Notes
Human Rights Law,Fundamentals of Civil and Political Rights,Beginner,24,Introduction to Civil and Political Rights,1,Video
Human Rights Law,Quick Revision of Civil and Political Rights,Beginner,29,Fundamentals of Civil and Political Rights,2,PDF Notes
Human Rights Law,Essential Terminology of Civil and Political Rights,Beginner,24,Quick Revision of Civil and Political Rights,1,PDF Notes
Human Rights Law,Civil and Political Rights: Core Concepts,Intermediate,30,Essential Terminology of Civil and Political Rights,4,Quiz
Human Rights Law,Civil and Political Rights: Practical Applications,Intermediate,30,Civil and Political Rights: Core Concepts,4,Case Study
Human Rights Law,Problem Solving using Civil and Political Rights,Intermediate,57,Civil and Political Rights: Practical Applications,2,Case Study
Human Rights Law,Common Mistakes in Civil and Political Rights,Intermediate,39,Problem Solving using Civil and Political Rights,4,Quiz
Human Rights Law,Hands-on Practice for Civil and Political Rights,Intermediate,31,Common Mistakes in Civil and Political Rights,3,Case Study
Human Rights Law,Advanced Civil and Political Rights Techniques,Advanced,92,Hands-on Practice for Civil and Political Rights,5,Case Study
Human Rights Law,Civil and Political Rights: Case Study & Project Work,Advanced,120,Advanced Civil and Political Rights Techniques,5,Mini Project
Human Rights Law,Mini Project on Civil and Political Rights,Advanced,79,Civil and Political Rights: Case Study & Project Work,4,Interactive Lab
Human Rights Law,Real-world Applications of Civil and Political Rights,Advanced,60,Mini Project on Civil and Political Rights,4,Practice Problems
Human Rights Law,Interview Questions on Civil and Political Rights,Advanced,74,Real-world Applications of Civil and Political Rights,4,Practice Problems
Human Rights Law,Mastering Civil and Political Rights,Advanced,90,Interview Questions on Civil and Political Rights,4,Practice Problems
Human Rights Law,Introduction to Economic and Social Rights,Beginner,27,Mastering Civil and Political Rights,1,Video
Human Rights Law,Fundamentals of Economic and Social Rights,Beginner,15,Introduction to Economic and Social Rights,2,Video
Human Rights Law,Quick Revision of Economic and Social Rights,Beginner,28,Fundamentals of Economic and Social Rights,1,PDF Notes
Human Rights Law,Essential Terminology of Economic and Social Rights,Beginner,30,Quick Revision of Economic and Social Rights,1,Video
Human Rights Law,Economic and Social Rights: Core Concepts,Intermediate,56,Essential Terminology of Economic and Social Rights,4,Quiz
Human Rights Law,Economic and Social Rights: Practical Applications,Intermediate,44,Economic and Social Rights: Core Concepts,2,Practice Problems
Human Rights Law,Problem Solving using Economic and Social Rights,Intermediate,37,Economic and Social Rights: Practical Applications,2,Quiz
Human Rights Law,Common Mistakes in Economic and Social Rights,Intermediate,56,Problem Solving using Economic and Social Rights,3,Quiz
Human Rights Law,Hands-on Practice for Economic and Social Rights,Intermediate,35,Common Mistakes in Economic and Social Rights,3,Video
Human Rights Law,Advanced Economic and Social Rights Techniques,Advanced,76,Hands-on Practice for Economic and Social Rights,4,Practice Problems
Human Rights Law,Economic and Social Rights: Case Study & Project Work,Advanced,107,Advanced Economic and Social Rights Techniques,4,Mini Project
Human Rights Law,Mini Project on Economic and Social Rights,Advanced,96,Economic and Social Rights: Case Study & Project Work,4,Practice Problems
Human Rights Law,Real-world Applications of Economic and Social Rights,Advanced,95,Mini Project on Economic and Social Rights,5,Mini Project
Human Rights Law,Interview Questions on Economic and Social Rights,Advanced,84,Real-world Applications of Economic and Social Rights,4,Interactive Lab
Human Rights Law,Mastering Economic and Social Rights,Advanced,81,Interview Questions on Economic and Social Rights,4,Practice Problems
Human Rights Law,Introduction to International Human Rights Bodies,Beginner,24,Mastering Economic and Social Rights,2,Quiz
Human Rights Law,Fundamentals of International Human Rights Bodies,Beginner,24,Introduction to International Human Rights Bodies,2,PDF Notes
Human Rights Law,Quick Revision of International Human Rights Bodies,Beginner,20,Fundamentals of International Human Rights Bodies,2,PDF Notes
Human Rights Law,Essential Terminology of International Human Rights Bodies,Beginner,28,Quick Revision of International Human Rights Bodies,2,PDF Notes
Human Rights Law,International Human Rights Bodies: Core Concepts,Intermediate,45,Essential Terminology of International Human Rights Bodies,2,Quiz
Human Rights Law,International Human Rights Bodies: Practical Applications,Intermediate,37,International Human Rights Bodies: Core Concepts,3,Quiz
Human Rights Law,Problem Solving using International Human Rights Bodies,Intermediate,44,International Human Rights Bodies: Practical Applications,2,Case Study
Human Rights Law,Common Mistakes in International Human Rights Bodies,Intermediate,37,Problem Solving using International Human Rights Bodies,3,Practice Problems
Human Rights Law,Hands-on Practice for International Human Rights Bodies,Intermediate,34,Common Mistakes in International Human Rights Bodies,3,Video
Human Rights Law,Advanced International Human Rights Bodies Techniques,Advanced,106,Hands-on Practice for International Human Rights Bodies,5,Case Study
Human Rights Law,International Human Rights Bodies: Case Study & Project Work,Advanced,70,Advanced International Human Rights Bodies Techniques,4,Case Study
Human Rights Law,Mini Project on International Human Rights Bodies,Advanced,79,International Human Rights Bodies: Case Study & Project Work,5,Interactive Lab
Human Rights Law,Real-world Applications of International Human Rights Bodies,Advanced,77,Mini Project on International Human Rights Bodies,4,Mini Project
Human Rights Law,Interview Questions on International Human Rights Bodies,Advanced,69,Real-world Applications of International Human Rights Bodies,5,Mini Project
Human Rights Law,Mastering International Human Rights Bodies,Advanced,89,Interview Questions on International Human Rights Bodies,4,Mini Project
International Law,Introduction to Treaties and Conventions,Beginner,17,None,1,PDF Notes
International Law,Fundamentals of Treaties and Conventions,Beginner,21,Introduction to Treaties and Conventions,2,Video
International Law,Quick Revision of Treaties and Conventions,Beginner,27,Fundamentals of Treaties and Conventions,2,PDF Notes
International Law,Essential Terminology of Treaties and Conventions,Beginner,18,Quick Revision of Treaties and Conventions,2,Quiz
International Law,Treaties and Conventions: Core Concepts,Intermediate,45,Essential Terminology of Treaties and Conventions,4,Quiz
International Law,Treaties and Conventions: Practical Applications,Intermediate,48,Treaties and Conventions: Core Concepts,2,Video
International Law,Problem Solving using Treaties and Conventions,Intermediate,46,Treaties and Conventions: Practical Applications,3,Video
International Law,Common Mistakes in Treaties and Conventions,Intermediate,58,Problem Solving using Treaties and Conventions,4,Case Study
International Law,Hands-on Practice for Treaties and Conventions,Intermediate,59,Common Mistakes in Treaties and Conventions,2,Case Study
International Law,Advanced Treaties and Conventions Techniques,Advanced,70,Hands-on Practice for Treaties and Conventions,5,Case Study
International Law,Treaties and Conventions: Case Study & Project Work,Advanced,85,Advanced Treaties and Conventions Techniques,5,Mini Project
International Law,Mini Project on Treaties and Conventions,Advanced,84,Treaties and Conventions: Case Study & Project Work,4,Case Study
International Law,Real-world Applications of Treaties and Conventions,Advanced,85,Mini Project on Treaties and Conventions,5,Interactive Lab
International Law,Interview Questions on Treaties and Conventions,Advanced,95,Real-world Applications of Treaties and Conventions,4,Case Study
International Law,Mastering Treaties and Conventions,Advanced,72,Interview Questions on Treaties and Conventions,4,Mini Project
International Law,Introduction to International Organizations,Beginner,16,Mastering Treaties and Conventions,2,Video
International Law,Fundamentals of International Organizations,Beginner,26,Introduction to International Organizations,1,Quiz
International Law,Quick Revision of International Organizations,Beginner,23,Fundamentals of International Organizations,1,Quiz
International Law,Essential Terminology of International Organizations,Beginner,19,Quick Revision of International Organizations,2,PDF Notes
International Law,International Organizations: Core Concepts,Intermediate,31,Essential Terminology of International Organizations,4,Quiz
International Law,International Organizations: Practical Applications,Intermediate,45,International Organizations: Core Concepts,3,Practice Problems
International Law,Problem Solving using International Organizations,Intermediate,51,International Organizations: Practical Applications,3,Case Study
International Law,Common Mistakes in International Organizations,Intermediate,34,Problem Solving using International Organizations,2,Quiz
International Law,Hands-on Practice for International Organizations,Intermediate,38,Common Mistakes in International Organizations,3,Video
International Law,Advanced International Organizations Techniques,Advanced,63,Hands-on Practice for International Organizations,4,Mini Project
International Law,International Organizations: Case Study & Project Work,Advanced,69,Advanced International Organizations Techniques,4,Case Study
International Law,Mini Project on International Organizations,Advanced,73,International Organizations: Case Study & Project Work,5,Practice Problems
International Law,Real-world Applications of International Organizations,Advanced,104,Mini Project on International Organizations,4,Practice Problems
International Law,Interview Questions on International Organizations,Advanced,94,Real-world Applications of International Organizations,5,Case Study
International Law,Mastering International Organizations,Advanced,120,Interview Questions on International Organizations,4,Case Study
International Law,Introduction to Law of the Sea,Beginner,27,Mastering International Organizations,2,Quiz
International Law,Fundamentals of Law of the Sea,Beginner,28,Introduction to Law of the Sea,2,Video
International Law,Quick Revision of Law of the Sea,Beginner,20,Fundamentals of Law of the Sea,1,PDF Notes
International Law,Essential Terminology of Law of the Sea,Beginner,22,Quick Revision of Law of the Sea,2,PDF Notes
International Law,Law of the Sea: Core Concepts,Intermediate,47,Essential Terminology of Law of the Sea,3,Quiz
International Law,Law of the Sea: Practical Applications,Intermediate,60,Law of the Sea: Core Concepts,2,Video
International Law,Problem Solving using Law of the Sea,Intermediate,37,Law of the Sea: Practical Applications,4,Video
International Law,Common Mistakes in Law of the Sea,Intermediate,32,Problem Solving using Law of the Sea,4,Practice Problems
International Law,Hands-on Practice for Law of the Sea,Intermediate,46,Common Mistakes in Law of the Sea,2,Practice Problems
International Law,Advanced Law of the Sea Techniques,Advanced,110,Hands-on Practice for Law of the Sea,4,Mini Project
International Law,Law of the Sea: Case Study & Project Work,Advanced,89,Advanced Law of the Sea Techniques,4,Practice Problems
International Law,Mini Project on Law of the Sea,Advanced,96,Law of the Sea: Case Study & Project Work,5,Case Study
International Law,Real-world Applications of Law of the Sea,Advanced,79,Mini Project on Law of the Sea,4,Interactive Lab
International Law,Interview Questions on Law of the Sea,Advanced,106,Real-world Applications of Law of the Sea,5,Case Study
International Law,Mastering Law of the Sea,Advanced,111,Interview Questions on Law of the Sea,5,Practice Problems
International Law,Introduction to Human Rights Law Basics,Beginner,25,Mastering Law of the Sea,2,PDF Notes
International Law,Fundamentals of Human Rights Law Basics,Beginner,29,Introduction to Human Rights Law Basics,2,Quiz
International Law,Quick Revision of Human Rights Law Basics,Beginner,19,Fundamentals of Human Rights Law Basics,2,Quiz
International Law,Essential Terminology of Human Rights Law Basics,Beginner,27,Quick Revision of Human Rights Law Basics,1,Video
International Law,Human Rights Law Basics: Core Concepts,Intermediate,33,Essential Terminology of Human Rights Law Basics,2,Quiz
International Law,Human Rights Law Basics: Practical Applications,Intermediate,45,Human Rights Law Basics: Core Concepts,3,Practice Problems
International Law,Problem Solving using Human Rights Law Basics,Intermediate,39,Human Rights Law Basics: Practical Applications,2,Video
International Law,Common Mistakes in Human Rights Law Basics,Intermediate,57,Problem Solving using Human Rights Law Basics,3,Video
International Law,Hands-on Practice for Human Rights Law Basics,Intermediate,53,Common Mistakes in Human Rights Law Basics,4,Quiz
International Law,Advanced Human Rights Law Basics Techniques,Advanced,72,Hands-on Practice for Human Rights Law Basics,4,Mini Project
International Law,Human Rights Law Basics: Case Study & Project Work,Advanced,87,Advanced Human Rights Law Basics Techniques,4,Mini Project
International Law,Mini Project on Human Rights Law Basics,Advanced,69,Human Rights Law Basics: Case Study & Project Work,5,Mini Project
International Law,Real-world Applications of Human Rights Law Basics,Advanced,72,Mini Project on Human Rights Law Basics,5,Interactive Lab
International Law,Interview Questions on Human Rights Law Basics,Advanced,92,Real-world Applications of Human Rights Law Basics,5,Interactive Lab
International Law,Mastering Human Rights Law Basics,Advanced,107,Interview Questions on Human Rights Law Basics,5,Case Study
Jurisprudence,Introduction to Schools of Jurisprudence,Beginner,30,None,1,Video
Jurisprudence,Fundamentals of Schools of Jurisprudence,Beginner,22,Introduction to Schools of Jurisprudence,2,PDF Notes
Jurisprudence,Quick Revision of Schools of Jurisprudence,Beginner,27,Fundamentals of Schools of Jurisprudence,2,Quiz
Jurisprudence,Essential Terminology of Schools of Jurisprudence,Beginner,29,Quick Revision of Schools of Jurisprudence,2,PDF Notes
Jurisprudence,Schools of Jurisprudence: Core Concepts,Intermediate,46,Essential Terminology of Schools of Jurisprudence,4,Case Study
Jurisprudence,Schools of Jurisprudence: Practical Applications,Intermediate,49,Schools of Jurisprudence: Core Concepts,4,Quiz
Jurisprudence,Problem Solving using Schools of Jurisprudence,Intermediate,41,Schools of Jurisprudence: Practical Applications,3,Case Study
Jurisprudence,Common Mistakes in Schools of Jurisprudence,Intermediate,56,Problem Solving using Schools of Jurisprudence,2,Quiz
Jurisprudence,Hands-on Practice for Schools of Jurisprudence,Intermediate,60,Common Mistakes in Schools of Jurisprudence,3,Video
Jurisprudence,Advanced Schools of Jurisprudence Techniques,Advanced,108,Hands-on Practice for Schools of Jurisprudence,4,Mini Project
Jurisprudence,Schools of Jurisprudence: Case Study & Project Work,Advanced,92,Advanced Schools of Jurisprudence Techniques,5,Case Study
Jurisprudence,Mini Project on Schools of Jurisprudence,Advanced,71,Schools of Jurisprudence: Case Study & Project Work,4,Mini Project
Jurisprudence,Real-world Applications of Schools of Jurisprudence,Advanced,87,Mini Project on Schools of Jurisprudence,5,Case Study
Jurisprudence,Interview Questions on Schools of Jurisprudence,Advanced,73,Real-world Applications of Schools of Jurisprudence,5,Interactive Lab
Jurisprudence,Mastering Schools of Jurisprudence,Advanced,104,Interview Questions on Schools of Jurisprudence,5,Case Study
Jurisprudence,Introduction to Legal Rights and Duties,Beginner,21,Mastering Schools of Jurisprudence,1,PDF Notes
Jurisprudence,Fundamentals of Legal Rights and Duties,Beginner,28,Introduction to Legal Rights and Duties,2,PDF Notes
Jurisprudence,Quick Revision of Legal Rights and Duties,Beginner,28,Fundamentals of Legal Rights and Duties,2,Video
Jurisprudence,Essential Terminology of Legal Rights and Duties,Beginner,20,Quick Revision of Legal Rights and Duties,2,Quiz
Jurisprudence,Legal Rights and Duties: Core Concepts,Intermediate,58,Essential Terminology of Legal Rights and Duties,4,Practice Problems
Jurisprudence,Legal Rights and Duties: Practical Applications,Intermediate,54,Legal Rights and Duties: Core Concepts,3,Case Study
Jurisprudence,Problem Solving using Legal Rights and Duties,Intermediate,54,Legal Rights and Duties: Practical Applications,4,Practice Problems
Jurisprudence,Common Mistakes in Legal Rights and Duties,Intermediate,51,Problem Solving using Legal Rights and Duties,2,Case Study
Jurisprudence,Hands-on Practice for Legal Rights and Duties,Intermediate,54,Common Mistakes in Legal Rights and Duties,3,Quiz
Jurisprudence,Advanced Legal Rights and Duties Techniques,Advanced,93,Hands-on Practice for Legal Rights and Duties,4,Case Study
Jurisprudence,Legal Rights and Duties: Case Study & Project Work,Advanced,64,Advanced Legal Rights and Duties Techniques,4,Interactive Lab
Jurisprudence,Mini Project on Legal Rights and Duties,Advanced,84,Legal Rights and Duties: Case Study & Project Work,5,Practice Problems
Jurisprudence,Real-world Applications of Legal Rights and Duties,Advanced,113,Mini Project on Legal Rights and Duties,5,Interactive Lab
Jurisprudence,Interview Questions on Legal Rights and Duties,Advanced,111,Real-world Applications of Legal Rights and Duties,4,Case Study
Jurisprudence,Mastering Legal Rights and Duties,Advanced,60,Interview Questions on Legal Rights and Duties,5,Case Study
Jurisprudence,Introduction to Sources of Law,Beginner,20,Mastering Legal Rights and Duties,2,PDF Notes
Jurisprudence,Fundamentals of Sources of Law,Beginner,18,Introduction to Sources of Law,2,Quiz
Jurisprudence,Quick Revision of Sources of Law,Beginner,23,Fundamentals of Sources of Law,2,Quiz
Jurisprudence,Essential Terminology of Sources of Law,Beginner,24,Quick Revision of Sources of Law,1,Quiz
Jurisprudence,Sources of Law: Core Concepts,Intermediate,44,Essential Terminology of Sources of Law,2,Video
Jurisprudence,Sources of Law: Practical Applications,Intermediate,54,Sources of Law: Core Concepts,4,Video
Jurisprudence,Problem Solving using Sources of Law,Intermediate,46,Sources of Law: Practical Applications,2,Video
Jurisprudence,Common Mistakes in Sources of Law,Intermediate,48,Problem Solving using Sources of Law,2,Case Study
Jurisprudence,Hands-on Practice for Sources of Law,Intermediate,58,Common Mistakes in Sources of Law,4,Video
Jurisprudence,Advanced Sources of Law Techniques,Advanced,106,Hands-on Practice for Sources of Law,4,Case Study
Jurisprudence,Sources of Law: Case Study & Project Work,Advanced,71,Advanced Sources of Law Techniques,5,Practice Problems
Jurisprudence,Mini Project on Sources of Law,Advanced,96,Sources of Law: Case Study & Project Work,4,Interactive Lab
Jurisprudence,Real-world Applications of Sources of Law,Advanced,117,Mini Project on Sources of Law,4,Case Study
Jurisprudence,Interview Questions on Sources of Law,Advanced,85,Real-world Applications of Sources of Law,5,Case Study
Jurisprudence,Mastering Sources of Law,Advanced,82,Interview Questions on Sources of Law,4,Interactive Lab
Jurisprudence,Introduction to Theories of Justice,Beginner,30,Mastering Sources of Law,1,Video
Jurisprudence,Fundamentals of Theories of Justice,Beginner,26,Introduction to Theories of Justice,1,Quiz
Jurisprudence,Quick Revision of Theories of Justice,Beginner,30,Fundamentals of Theories of Justice,2,Video
Jurisprudence,Essential Terminology of Theories of Justice,Beginner,20,Quick Revision of Theories of Justice,2,Video
Jurisprudence,Theories of Justice: Core Concepts,Intermediate,47,Essential Terminology of Theories of Justice,4,Video
Jurisprudence,Theories of Justice: Practical Applications,Intermediate,38,Theories of Justice: Core Concepts,2,Case Study
Jurisprudence,Problem Solving using Theories of Justice,Intermediate,52,Theories of Justice: Practical Applications,2,Video
Jurisprudence,Common Mistakes in Theories of Justice,Intermediate,40,Problem Solving using Theories of Justice,3,Case Study
Jurisprudence,Hands-on Practice for Theories of Justice,Intermediate,30,Common Mistakes in Theories of Justice,4,Case Study
Jurisprudence,Advanced Theories of Justice Techniques,Advanced,100,Hands-on Practice for Theories of Justice,5,Practice Problems
Jurisprudence,Theories of Justice: Case Study & Project Work,Advanced,79,Advanced Theories of Justice Techniques,5,Interactive Lab
Jurisprudence,Mini Project on Theories of Justice,Advanced,104,Theories of Justice: Case Study & Project Work,5,Case Study
Jurisprudence,Real-world Applications of Theories of Justice,Advanced,71,Mini Project on Theories of Justice,5,Mini Project
Jurisprudence,Interview Questions on Theories of Justice,Advanced,89,Real-world Applications of Theories of Justice,5,Practice Problems
Jurisprudence,Mastering Theories of Justice,Advanced,96,Interview Questions on Theories of Justice,4,Practice Problems
Law of Torts,Introduction to Negligence,Beginner,23,None,2,Video
Law of Torts,Fundamentals of Negligence,Beginner,23,Introduction to Negligence,1,Video
Law of Torts,Quick Revision of Negligence,Beginner,28,Fundamentals of Negligence,2,PDF Notes
Law of Torts,Essential Terminology of Negligence,Beginner,29,Quick Revision of Negligence,1,Quiz
Law of Torts,Negligence: Core Concepts,Intermediate,49,Essential Terminology of Negligence,2,Practice Problems
Law of Torts,Negligence: Practical Applications,Intermediate,30,Negligence: Core Concepts,2,Quiz
Law of Torts,Problem Solving using Negligence,Intermediate,56,Negligence: Practical Applications,2,Quiz
Law of Torts,Common Mistakes in Negligence,Intermediate,38,Problem Solving using Negligence,4,Video
Law of Torts,Hands-on Practice for Negligence,Intermediate,52,Common Mistakes in Negligence,2,Practice Problems
Law of Torts,Advanced Negligence Techniques,Advanced,89,Hands-on Practice for Negligence,5,Practice Problems
Law of Torts,Negligence: Case Study & Project Work,Advanced,92,Advanced Negligence Techniques,5,Mini Project
Law of Torts,Mini Project on Negligence,Advanced,105,Negligence: Case Study & Project Work,4,Mini Project
Law of Torts,Real-world Applications of Negligence,Advanced,117,Mini Project on Negligence,4,Practice Problems
Law of Torts,Interview Questions on Negligence,Advanced,74,Real-world Applications of Negligence,5,Case Study
Law of Torts,Mastering Negligence,Advanced,103,Interview Questions on Negligence,5,Mini Project
Law of Torts,Introduction to Defamation,Beginner,27,Mastering Negligence,2,Quiz
Law of Torts,Fundamentals of Defamation,Beginner,21,Introduction to Defamation,1,Quiz
Law of Torts,Quick Revision of Defamation,Beginner,22,Fundamentals of Defamation,2,PDF Notes
Law of Torts,Essential Terminology of Defamation,Beginner,25,Quick Revision of Defamation,2,Quiz
Law of Torts,Defamation: Core Concepts,Intermediate,52,Essential Terminology of Defamation,2,Case Study
Law of Torts,Defamation: Practical Applications,Intermediate,57,Defamation: Core Concepts,4,Case Study
Law of Torts,Problem Solving using Defamation,Intermediate,43,Defamation: Practical Applications,4,Quiz
Law of Torts,Common Mistakes in Defamation,Intermediate,39,Problem Solving using Defamation,2,Quiz
Law of Torts,Hands-on Practice for Defamation,Intermediate,33,Common Mistakes in Defamation,4,Case Study
Law of Torts,Advanced Defamation Techniques,Advanced,92,Hands-on Practice for Defamation,4,Mini Project
Law of Torts,Defamation: Case Study & Project Work,Advanced,76,Advanced Defamation Techniques,4,Case Study
Law of Torts,Mini Project on Defamation,Advanced,91,Defamation: Case Study & Project Work,5,Case Study
Law of Torts,Real-world Applications of Defamation,Advanced,72,Mini Project on Defamation,5,Mini Project
Law of Torts,Interview Questions on Defamation,Advanced,119,Real-world Applications of Defamation,4,Practice Problems
Law of Torts,Mastering Defamation,Advanced,104,Interview Questions on Defamation,5,Case Study
Law of Torts,Introduction to Strict Liability,Beginner,25,Mastering Defamation,2,Quiz
Law of Torts,Fundamentals of Strict Liability,Beginner,24,Introduction to Strict Liability,1,Quiz
Law of Torts,Quick Revision of Strict Liability,Beginner,26,Fundamentals of Strict Liability,1,Video
Law of Torts,Essential Terminology of Strict Liability,Beginner,15,Quick Revision of Strict Liability,1,PDF Notes
Law of Torts,Strict Liability: Core Concepts,Intermediate,60,Essential Terminology of Strict Liability,2,Practice Problems
Law of Torts,Strict Liability: Practical Applications,Intermediate,58,Strict Liability: Core Concepts,3,Video
Law of Torts,Problem Solving using Strict Liability,Intermediate,35,Strict Liability: Practical Applications,4,Quiz
Law of Torts,Common Mistakes in Strict Liability,Intermediate,35,Problem Solving using Strict Liability,2,Practice Problems
Law of Torts,Hands-on Practice for Strict Liability,Intermediate,41,Common Mistakes in Strict Liability,4,Practice Problems
Law of Torts,Advanced Strict Liability Techniques,Advanced,113,Hands-on Practice for Strict Liability,5,Case Study
Law of Torts,Strict Liability: Case Study & Project Work,Advanced,90,Advanced Strict Liability Techniques,4,Mini Project
Law of Torts,Mini Project on Strict Liability,Advanced,100,Strict Liability: Case Study & Project Work,5,Mini Project
Law of Torts,Real-world Applications of Strict Liability,Advanced,107,Mini Project on Strict Liability,4,Case Study
Law of Torts,Interview Questions on Strict Liability,Advanced,87,Real-world Applications of Strict Liability,5,Interactive Lab
Law of Torts,Mastering Strict Liability,Advanced,114,Interview Questions on Strict Liability,4,Mini Project
Law of Torts,Introduction to Vicarious Liability,Beginner,25,Mastering Strict Liability,1,Video
Law of Torts,Fundamentals of Vicarious Liability,Beginner,18,Introduction to Vicarious Liability,1,Quiz
Law of Torts,Quick Revision of Vicarious Liability,Beginner,23,Fundamentals of Vicarious Liability,1,PDF Notes
Law of Torts,Essential Terminology of Vicarious Liability,Beginner,27,Quick Revision of Vicarious Liability,2,Quiz
Law of Torts,Vicarious Liability: Core Concepts,Intermediate,60,Essential Terminology of Vicarious Liability,2,Quiz
Law of Torts,Vicarious Liability: Practical Applications,Intermediate,37,Vicarious Liability: Core Concepts,3,Case Study
Law of Torts,Problem Solving using Vicarious Liability,Intermediate,48,Vicarious Liability: Practical Applications,3,Practice Problems
Law of Torts,Common Mistakes in Vicarious Liability,Intermediate,59,Problem Solving using Vicarious Liability,2,Case Study
Law of Torts,Hands-on Practice for Vicarious Liability,Intermediate,51,Common Mistakes in Vicarious Liability,2,Quiz
Law of Torts,Advanced Vicarious Liability Techniques,Advanced,109,Hands-on Practice for Vicarious Liability,4,Mini Project
Law of Torts,Vicarious Liability: Case Study & Project Work,Advanced,66,Advanced Vicarious Liability Techniques,5,Mini Project
Law of Torts,Mini Project on Vicarious Liability,Advanced,67,Vicarious Liability: Case Study & Project Work,5,Mini Project
Law of Torts,Real-world Applications of Vicarious Liability,Advanced,98,Mini Project on Vicarious Liability,4,Practice Problems
Law of Torts,Interview Questions on Vicarious Liability,Advanced,81,Real-world Applications of Vicarious Liability,5,Case Study
Law of Torts,Mastering Vicarious Liability,Advanced,116,Interview Questions on Vicarious Liability,4,Interactive Lab
Machine Design,Introduction to Design Principles,Beginner,29,None,1,Video
Machine Design,Fundamentals of Design Principles,Beginner,27,Introduction to Design Principles,2,Quiz
Machine Design,Quick Revision of Design Principles,Beginner,17,Fundamentals of Design Principles,1,Video
Machine Design,Essential Terminology of Design Principles,Beginner,30,Quick Revision of Design Principles,1,PDF Notes
Machine Design,Design Principles: Core Concepts,Intermediate,54,Essential Terminology of Design Principles,4,Video
Machine Design,Design Principles: Practical Applications,Intermediate,53,Design Principles: Core Concepts,3,Practice Problems
Machine Design,Problem Solving using Design Principles,Intermediate,42,Design Principles: Practical Applications,2,Quiz
Machine Design,Common Mistakes in Design Principles,Intermediate,49,Problem Solving using Design Principles,4,Quiz
Machine Design,Hands-on Practice for Design Principles,Intermediate,57,Common Mistakes in Design Principles,4,Quiz
Machine Design,Advanced Design Principles Techniques,Advanced,113,Hands-on Practice for Design Principles,5,Practice Problems
Machine Design,Design Principles: Case Study & Project Work,Advanced,74,Advanced Design Principles Techniques,5,Case Study
Machine Design,Mini Project on Design Principles,Advanced,102,Design Principles: Case Study & Project Work,5,Case Study
Machine Design,Real-world Applications of Design Principles,Advanced,65,Mini Project on Design Principles,5,Interactive Lab
Machine Design,Interview Questions on Design Principles,Advanced,96,Real-world Applications of Design Principles,5,Mini Project
Machine Design,Mastering Design Principles,Advanced,97,Interview Questions on Design Principles,5,Mini Project
Machine Design,Introduction to Stress Analysis,Beginner,26,Mastering Design Principles,1,Quiz
Machine Design,Fundamentals of Stress Analysis,Beginner,17,Introduction to Stress Analysis,1,Quiz
Machine Design,Quick Revision of Stress Analysis,Beginner,19,Fundamentals of Stress Analysis,2,Quiz
Machine Design,Essential Terminology of Stress Analysis,Beginner,20,Quick Revision of Stress Analysis,2,PDF Notes
Machine Design,Stress Analysis: Core Concepts,Intermediate,53,Essential Terminology of Stress Analysis,2,Quiz
Machine Design,Stress Analysis: Practical Applications,Intermediate,40,Stress Analysis: Core Concepts,4,Video
Machine Design,Problem Solving using Stress Analysis,Intermediate,50,Stress Analysis: Practical Applications,4,Practice Problems
Machine Design,Common Mistakes in Stress Analysis,Intermediate,48,Problem Solving using Stress Analysis,3,Quiz
Machine Design,Hands-on Practice for Stress Analysis,Intermediate,57,Common Mistakes in Stress Analysis,3,Case Study
Machine Design,Advanced Stress Analysis Techniques,Advanced,77,Hands-on Practice for Stress Analysis,5,Practice Problems
Machine Design,Stress Analysis: Case Study & Project Work,Advanced,101,Advanced Stress Analysis Techniques,4,Interactive Lab
Machine Design,Mini Project on Stress Analysis,Advanced,63,Stress Analysis: Case Study & Project Work,5,Interactive Lab
Machine Design,Real-world Applications of Stress Analysis,Advanced,120,Mini Project on Stress Analysis,4,Interactive Lab
Machine Design,Interview Questions on Stress Analysis,Advanced,63,Real-world Applications of Stress Analysis,5,Interactive Lab
Machine Design,Mastering Stress Analysis,Advanced,90,Interview Questions on Stress Analysis,4,Case Study
Machine Design,Introduction to Fasteners,Beginner,16,Mastering Stress Analysis,1,Video
Machine Design,Fundamentals of Fasteners,Beginner,15,Introduction to Fasteners,2,PDF Notes
Machine Design,Quick Revision of Fasteners,Beginner,22,Fundamentals of Fasteners,1,Quiz
Machine Design,Essential Terminology of Fasteners,Beginner,23,Quick Revision of Fasteners,2,PDF Notes
Machine Design,Fasteners: Core Concepts,Intermediate,30,Essential Terminology of Fasteners,2,Case Study
Machine Design,Fasteners: Practical Applications,Intermediate,36,Fasteners: Core Concepts,4,Video
Machine Design,Problem Solving using Fasteners,Intermediate,33,Fasteners: Practical Applications,2,Quiz
Machine Design,Common Mistakes in Fasteners,Intermediate,48,Problem Solving using Fasteners,4,Case Study
Machine Design,Hands-on Practice for Fasteners,Intermediate,35,Common Mistakes in Fasteners,3,Video
Machine Design,Advanced Fasteners Techniques,Advanced,115,Hands-on Practice for Fasteners,4,Mini Project
Machine Design,Fasteners: Case Study & Project Work,Advanced,98,Advanced Fasteners Techniques,5,Mini Project
Machine Design,Mini Project on Fasteners,Advanced,73,Fasteners: Case Study & Project Work,4,Interactive Lab
Machine Design,Real-world Applications of Fasteners,Advanced,78,Mini Project on Fasteners,5,Interactive Lab
Machine Design,Interview Questions on Fasteners,Advanced,114,Real-world Applications of Fasteners,4,Case Study
Machine Design,Mastering Fasteners,Advanced,78,Interview Questions on Fasteners,4,Practice Problems
Machine Design,Introduction to Gears,Beginner,24,Mastering Fasteners,1,PDF Notes
Machine Design,Fundamentals of Gears,Beginner,23,Introduction to Gears,1,Video
Machine Design,Quick Revision of Gears,Beginner,22,Fundamentals of Gears,2,PDF Notes
Machine Design,Essential Terminology of Gears,Beginner,23,Quick Revision of Gears,2,Quiz
Machine Design,Gears: Core Concepts,Intermediate,40,Essential Terminology of Gears,2,Quiz
Machine Design,Gears: Practical Applications,Intermediate,46,Gears: Core Concepts,4,Video
Machine Design,Problem Solving using Gears,Intermediate,44,Gears: Practical Applications,2,Video
Machine Design,Common Mistakes in Gears,Intermediate,43,Problem Solving using Gears,2,Video
Machine Design,Hands-on Practice for Gears,Intermediate,57,Common Mistakes in Gears,2,Practice Problems
Machine Design,Advanced Gears Techniques,Advanced,81,Hands-on Practice for Gears,5,Practice Problems
Machine Design,Gears: Case Study & Project Work,Advanced,88,Advanced Gears Techniques,4,Mini Project
Machine Design,Mini Project on Gears,Advanced,63,Gears: Case Study & Project Work,4,Mini Project
Machine Design,Real-world Applications of Gears,Advanced,115,Mini Project on Gears,5,Case Study
Machine Design,Interview Questions on Gears,Advanced,75,Real-world Applications of Gears,4,Interactive Lab
Machine Design,Mastering Gears,Advanced,98,Interview Questions on Gears,5,Mini Project
Machine Design,Introduction to Bearings,Beginner,23,Mastering Gears,1,Quiz
Machine Design,Fundamentals of Bearings,Beginner,26,Introduction to Bearings,2,Video
Machine Design,Quick Revision of Bearings,Beginner,17,Fundamentals of Bearings,2,Quiz
Machine Design,Essential Terminology of Bearings,Beginner,28,Quick Revision of Bearings,2,Video
Machine Design,Bearings: Core Concepts,Intermediate,44,Essential Terminology of Bearings,3,Case Study
Machine Design,Bearings: Practical Applications,Intermediate,43,Bearings: Core Concepts,4,Case Study
Machine Design,Problem Solving using Bearings,Intermediate,47,Bearings: Practical Applications,4,Quiz
Machine Design,Common Mistakes in Bearings,Intermediate,35,Problem Solving using Bearings,3,Video
Machine Design,Hands-on Practice for Bearings,Intermediate,36,Common Mistakes in Bearings,4,Video
Machine Design,Advanced Bearings Techniques,Advanced,85,Hands-on Practice for Bearings,4,Practice Problems
Machine Design,Bearings: Case Study & Project Work,Advanced,63,Advanced Bearings Techniques,4,Interactive Lab
Machine Design,Mini Project on Bearings,Advanced,60,Bearings: Case Study & Project Work,4,Mini Project
Machine Design,Real-world Applications of Bearings,Advanced,105,Mini Project on Bearings,5,Case Study
Machine Design,Interview Questions on Bearings,Advanced,69,Real-world Applications of Bearings,4,Mini Project
Machine Design,Mastering Bearings,Advanced,76,Interview Questions on Bearings,5,Practice Problems
Machine Learning,Introduction to Supervised Learning,Beginner,29,None,2,Video
Machine Learning,Fundamentals of Supervised Learning,Beginner,27,Introduction to Supervised Learning,1,Quiz
Machine Learning,Quick Revision of Supervised Learning,Beginner,25,Fundamentals of Supervised Learning,2,Video
Machine Learning,Essential Terminology of Supervised Learning,Beginner,20,Quick Revision of Supervised Learning,2,Video
Machine Learning,Supervised Learning: Core Concepts,Intermediate,51,Essential Terminology of Supervised Learning,4,Practice Problems
Machine Learning,Supervised Learning: Practical Applications,Intermediate,34,Supervised Learning: Core Concepts,4,Video
Machine Learning,Problem Solving using Supervised Learning,Intermediate,47,Supervised Learning: Practical Applications,3,Case Study
Machine Learning,Common Mistakes in Supervised Learning,Intermediate,44,Problem Solving using Supervised Learning,3,Quiz
Machine Learning,Hands-on Practice for Supervised Learning,Intermediate,55,Common Mistakes in Supervised Learning,3,Case Study
Machine Learning,Advanced Supervised Learning Techniques,Advanced,66,Hands-on Practice for Supervised Learning,5,Practice Problems
Machine Learning,Supervised Learning: Case Study & Project Work,Advanced,69,Advanced Supervised Learning Techniques,5,Interactive Lab
Machine Learning,Mini Project on Supervised Learning,Advanced,89,Supervised Learning: Case Study & Project Work,4,Practice Problems
Machine Learning,Real-world Applications of Supervised Learning,Advanced,72,Mini Project on Supervised Learning,4,Interactive Lab
Machine Learning,Interview Questions on Supervised Learning,Advanced,106,Real-world Applications of Supervised Learning,4,Mini Project
Machine Learning,Mastering Supervised Learning,Advanced,84,Interview Questions on Supervised Learning,5,Interactive Lab
Machine Learning,Introduction to Unsupervised Learning,Beginner,25,Mastering Supervised Learning,2,Video
Machine Learning,Fundamentals of Unsupervised Learning,Beginner,19,Introduction to Unsupervised Learning,1,Video
Machine Learning,Quick Revision of Unsupervised Learning,Beginner,28,Fundamentals of Unsupervised Learning,1,Video
Machine Learning,Essential Terminology of Unsupervised Learning,Beginner,30,Quick Revision of Unsupervised Learning,2,Video
Machine Learning,Unsupervised Learning: Core Concepts,Intermediate,44,Essential Terminology of Unsupervised Learning,2,Case Study
Machine Learning,Unsupervised Learning: Practical Applications,Intermediate,34,Unsupervised Learning: Core Concepts,3,Quiz
Machine Learning,Problem Solving using Unsupervised Learning,Intermediate,30,Unsupervised Learning: Practical Applications,2,Quiz
Machine Learning,Common Mistakes in Unsupervised Learning,Intermediate,39,Problem Solving using Unsupervised Learning,3,Video
Machine Learning,Hands-on Practice for Unsupervised Learning,Intermediate,46,Common Mistakes in Unsupervised Learning,4,Case Study
Machine Learning,Advanced Unsupervised Learning Techniques,Advanced,102,Hands-on Practice for Unsupervised Learning,4,Mini Project
Machine Learning,Unsupervised Learning: Case Study & Project Work,Advanced,61,Advanced Unsupervised Learning Techniques,4,Practice Problems
Machine Learning,Mini Project on Unsupervised Learning,Advanced,76,Unsupervised Learning: Case Study & Project Work,5,Mini Project
Machine Learning,Real-world Applications of Unsupervised Learning,Advanced,95,Mini Project on Unsupervised Learning,4,Interactive Lab
Machine Learning,Interview Questions on Unsupervised Learning,Advanced,108,Real-world Applications of Unsupervised Learning,5,Practice Problems
Machine Learning,Mastering Unsupervised Learning,Advanced,79,Interview Questions on Unsupervised Learning,5,Case Study
Machine Learning,Introduction to Model Evaluation,Beginner,25,Mastering Unsupervised Learning,1,PDF Notes
Machine Learning,Fundamentals of Model Evaluation,Beginner,18,Introduction to Model Evaluation,1,PDF Notes
Machine Learning,Quick Revision of Model Evaluation,Beginner,19,Fundamentals of Model Evaluation,2,PDF Notes
Machine Learning,Essential Terminology of Model Evaluation,Beginner,29,Quick Revision of Model Evaluation,1,Quiz
Machine Learning,Model Evaluation: Core Concepts,Intermediate,52,Essential Terminology of Model Evaluation,3,Case Study
Machine Learning,Model Evaluation: Practical Applications,Intermediate,58,Model Evaluation: Core Concepts,3,Case Study
Machine Learning,Problem Solving using Model Evaluation,Intermediate,59,Model Evaluation: Practical Applications,3,Quiz
Machine Learning,Common Mistakes in Model Evaluation,Intermediate,53,Problem Solving using Model Evaluation,2,Practice Problems
Machine Learning,Hands-on Practice for Model Evaluation,Intermediate,41,Common Mistakes in Model Evaluation,2,Practice Problems
Machine Learning,Advanced Model Evaluation Techniques,Advanced,84,Hands-on Practice for Model Evaluation,5,Interactive Lab
Machine Learning,Model Evaluation: Case Study & Project Work,Advanced,74,Advanced Model Evaluation Techniques,5,Case Study
Machine Learning,Mini Project on Model Evaluation,Advanced,86,Model Evaluation: Case Study & Project Work,5,Mini Project
Machine Learning,Real-world Applications of Model Evaluation,Advanced,120,Mini Project on Model Evaluation,5,Case Study
Machine Learning,Interview Questions on Model Evaluation,Advanced,86,Real-world Applications of Model Evaluation,5,Mini Project
Machine Learning,Mastering Model Evaluation,Advanced,90,Interview Questions on Model Evaluation,5,Practice Problems
Machine Learning,Introduction to Feature Engineering,Beginner,23,Mastering Model Evaluation,1,Video
Machine Learning,Fundamentals of Feature Engineering,Beginner,17,Introduction to Feature Engineering,1,Video
Machine Learning,Quick Revision of Feature Engineering,Beginner,28,Fundamentals of Feature Engineering,1,PDF Notes
Machine Learning,Essential Terminology of Feature Engineering,Beginner,30,Quick Revision of Feature Engineering,1,Quiz
Machine Learning,Feature Engineering: Core Concepts,Intermediate,49,Essential Terminology of Feature Engineering,4,Quiz
Machine Learning,Feature Engineering: Practical Applications,Intermediate,60,Feature Engineering: Core Concepts,4,Case Study
Machine Learning,Problem Solving using Feature Engineering,Intermediate,49,Feature Engineering: Practical Applications,3,Practice Problems
Machine Learning,Common Mistakes in Feature Engineering,Intermediate,52,Problem Solving using Feature Engineering,4,Quiz
Machine Learning,Hands-on Practice for Feature Engineering,Intermediate,42,Common Mistakes in Feature Engineering,4,Practice Problems
Machine Learning,Advanced Feature Engineering Techniques,Advanced,94,Hands-on Practice for Feature Engineering,4,Mini Project
Machine Learning,Feature Engineering: Case Study & Project Work,Advanced,81,Advanced Feature Engineering Techniques,4,Case Study
Machine Learning,Mini Project on Feature Engineering,Advanced,107,Feature Engineering: Case Study & Project Work,4,Case Study
Machine Learning,Real-world Applications of Feature Engineering,Advanced,96,Mini Project on Feature Engineering,5,Interactive Lab
Machine Learning,Interview Questions on Feature Engineering,Advanced,94,Real-world Applications of Feature Engineering,5,Practice Problems
Machine Learning,Mastering Feature Engineering,Advanced,75,Interview Questions on Feature Engineering,4,Mini Project
Machine Learning,Introduction to Ensemble Methods,Beginner,23,Mastering Feature Engineering,2,Quiz
Machine Learning,Fundamentals of Ensemble Methods,Beginner,24,Introduction to Ensemble Methods,1,Video
Machine Learning,Quick Revision of Ensemble Methods,Beginner,24,Fundamentals of Ensemble Methods,2,Quiz
Machine Learning,Essential Terminology of Ensemble Methods,Beginner,24,Quick Revision of Ensemble Methods,1,Video
Machine Learning,Ensemble Methods: Core Concepts,Intermediate,41,Essential Terminology of Ensemble Methods,4,Quiz
Machine Learning,Ensemble Methods: Practical Applications,Intermediate,31,Ensemble Methods: Core Concepts,2,Case Study
Machine Learning,Problem Solving using Ensemble Methods,Intermediate,35,Ensemble Methods: Practical Applications,2,Quiz
Machine Learning,Common Mistakes in Ensemble Methods,Intermediate,38,Problem Solving using Ensemble Methods,2,Video
Machine Learning,Hands-on Practice for Ensemble Methods,Intermediate,58,Common Mistakes in Ensemble Methods,4,Practice Problems
Machine Learning,Advanced Ensemble Methods Techniques,Advanced,101,Hands-on Practice for Ensemble Methods,5,Practice Problems
Machine Learning,Ensemble Methods: Case Study & Project Work,Advanced,102,Advanced Ensemble Methods Techniques,5,Mini Project
Machine Learning,Mini Project on Ensemble Methods,Advanced,72,Ensemble Methods: Case Study & Project Work,4,Interactive Lab
Machine Learning,Real-world Applications of Ensemble Methods,Advanced,98,Mini Project on Ensemble Methods,5,Case Study
Machine Learning,Interview Questions on Ensemble Methods,Advanced,89,Real-world Applications of Ensemble Methods,5,Interactive Lab
Machine Learning,Mastering Ensemble Methods,Advanced,78,Interview Questions on Ensemble Methods,4,Interactive Lab
Manufacturing Processes,Introduction to Casting,Beginner,17,None,1,PDF Notes
Manufacturing Processes,Fundamentals of Casting,Beginner,22,Introduction to Casting,2,PDF Notes
Manufacturing Processes,Quick Revision of Casting,Beginner,27,Fundamentals of Casting,1,PDF Notes
Manufacturing Processes,Essential Terminology of Casting,Beginner,16,Quick Revision of Casting,2,Quiz
Manufacturing Processes,Casting: Core Concepts,Intermediate,60,Essential Terminology of Casting,2,Practice Problems
Manufacturing Processes,Casting: Practical Applications,Intermediate,45,Casting: Core Concepts,4,Quiz
Manufacturing Processes,Problem Solving using Casting,Intermediate,59,Casting: Practical Applications,4,Case Study
Manufacturing Processes,Common Mistakes in Casting,Intermediate,60,Problem Solving using Casting,2,Case Study
Manufacturing Processes,Hands-on Practice for Casting,Intermediate,59,Common Mistakes in Casting,3,Video
Manufacturing Processes,Advanced Casting Techniques,Advanced,73,Hands-on Practice for Casting,5,Interactive Lab
Manufacturing Processes,Casting: Case Study & Project Work,Advanced,102,Advanced Casting Techniques,5,Case Study
Manufacturing Processes,Mini Project on Casting,Advanced,76,Casting: Case Study & Project Work,4,Mini Project
Manufacturing Processes,Real-world Applications of Casting,Advanced,65,Mini Project on Casting,4,Interactive Lab
Manufacturing Processes,Interview Questions on Casting,Advanced,68,Real-world Applications of Casting,5,Interactive Lab
Manufacturing Processes,Mastering Casting,Advanced,90,Interview Questions on Casting,5,Case Study
Manufacturing Processes,Introduction to Welding,Beginner,20,Mastering Casting,2,PDF Notes
Manufacturing Processes,Fundamentals of Welding,Beginner,19,Introduction to Welding,1,Quiz
Manufacturing Processes,Quick Revision of Welding,Beginner,18,Fundamentals of Welding,1,PDF Notes
Manufacturing Processes,Essential Terminology of Welding,Beginner,22,Quick Revision of Welding,1,Video
Manufacturing Processes,Welding: Core Concepts,Intermediate,46,Essential Terminology of Welding,4,Practice Problems
Manufacturing Processes,Welding: Practical Applications,Intermediate,33,Welding: Core Concepts,4,Quiz
Manufacturing Processes,Problem Solving using Welding,Intermediate,41,Welding: Practical Applications,2,Quiz
Manufacturing Processes,Common Mistakes in Welding,Intermediate,48,Problem Solving using Welding,2,Case Study
Manufacturing Processes,Hands-on Practice for Welding,Intermediate,47,Common Mistakes in Welding,4,Case Study
Manufacturing Processes,Advanced Welding Techniques,Advanced,62,Hands-on Practice for Welding,4,Interactive Lab
Manufacturing Processes,Welding: Case Study & Project Work,Advanced,103,Advanced Welding Techniques,5,Mini Project
Manufacturing Processes,Mini Project on Welding,Advanced,99,Welding: Case Study & Project Work,4,Interactive Lab
Manufacturing Processes,Real-world Applications of Welding,Advanced,63,Mini Project on Welding,5,Practice Problems
Manufacturing Processes,Interview Questions on Welding,Advanced,112,Real-world Applications of Welding,5,Case Study
Manufacturing Processes,Mastering Welding,Advanced,112,Interview Questions on Welding,5,Case Study
Manufacturing Processes,Introduction to Machining,Beginner,15,Mastering Welding,2,Quiz
Manufacturing Processes,Fundamentals of Machining,Beginner,24,Introduction to Machining,1,PDF Notes
Manufacturing Processes,Quick Revision of Machining,Beginner,22,Fundamentals of Machining,1,PDF Notes
Manufacturing Processes,Essential Terminology of Machining,Beginner,15,Quick Revision of Machining,1,Video
Manufacturing Processes,Machining: Core Concepts,Intermediate,55,Essential Terminology of Machining,4,Video
Manufacturing Processes,Machining: Practical Applications,Intermediate,41,Machining: Core Concepts,2,Video
Manufacturing Processes,Problem Solving using Machining,Intermediate,32,Machining: Practical Applications,2,Video
Manufacturing Processes,Common Mistakes in Machining,Intermediate,58,Problem Solving using Machining,2,Quiz
Manufacturing Processes,Hands-on Practice for Machining,Intermediate,33,Common Mistakes in Machining,2,Quiz
Manufacturing Processes,Advanced Machining Techniques,Advanced,117,Hands-on Practice for Machining,5,Practice Problems
Manufacturing Processes,Machining: Case Study & Project Work,Advanced,108,Advanced Machining Techniques,5,Mini Project
Manufacturing Processes,Mini Project on Machining,Advanced,86,Machining: Case Study & Project Work,4,Mini Project
Manufacturing Processes,Real-world Applications of Machining,Advanced,107,Mini Project on Machining,4,Case Study
Manufacturing Processes,Interview Questions on Machining,Advanced,80,Real-world Applications of Machining,4,Case Study
Manufacturing Processes,Mastering Machining,Advanced,63,Interview Questions on Machining,4,Interactive Lab
Manufacturing Processes,Introduction to Forming Processes,Beginner,25,Mastering Machining,1,Video
Manufacturing Processes,Fundamentals of Forming Processes,Beginner,24,Introduction to Forming Processes,1,PDF Notes
Manufacturing Processes,Quick Revision of Forming Processes,Beginner,17,Fundamentals of Forming Processes,2,Quiz
Manufacturing Processes,Essential Terminology of Forming Processes,Beginner,23,Quick Revision of Forming Processes,1,Quiz
Manufacturing Processes,Forming Processes: Core Concepts,Intermediate,52,Essential Terminology of Forming Processes,4,Quiz
Manufacturing Processes,Forming Processes: Practical Applications,Intermediate,49,Forming Processes: Core Concepts,2,Practice Problems
Manufacturing Processes,Problem Solving using Forming Processes,Intermediate,48,Forming Processes: Practical Applications,3,Quiz
Manufacturing Processes,Common Mistakes in Forming Processes,Intermediate,51,Problem Solving using Forming Processes,3,Quiz
Manufacturing Processes,Hands-on Practice for Forming Processes,Intermediate,54,Common Mistakes in Forming Processes,4,Practice Problems
Manufacturing Processes,Advanced Forming Processes Techniques,Advanced,103,Hands-on Practice for Forming Processes,5,Interactive Lab
Manufacturing Processes,Forming Processes: Case Study & Project Work,Advanced,72,Advanced Forming Processes Techniques,5,Interactive Lab
Manufacturing Processes,Mini Project on Forming Processes,Advanced,71,Forming Processes: Case Study & Project Work,4,Case Study
Manufacturing Processes,Real-world Applications of Forming Processes,Advanced,97,Mini Project on Forming Processes,4,Interactive Lab
Manufacturing Processes,Interview Questions on Forming Processes,Advanced,92,Real-world Applications of Forming Processes,4,Interactive Lab
Manufacturing Processes,Mastering Forming Processes,Advanced,65,Interview Questions on Forming Processes,4,Practice Problems
Manufacturing Processes,Introduction to Quality Control,Beginner,29,Mastering Forming Processes,1,PDF Notes
Manufacturing Processes,Fundamentals of Quality Control,Beginner,15,Introduction to Quality Control,1,PDF Notes
Manufacturing Processes,Quick Revision of Quality Control,Beginner,22,Fundamentals of Quality Control,2,Video
Manufacturing Processes,Essential Terminology of Quality Control,Beginner,29,Quick Revision of Quality Control,1,Quiz
Manufacturing Processes,Quality Control: Core Concepts,Intermediate,56,Essential Terminology of Quality Control,3,Case Study
Manufacturing Processes,Quality Control: Practical Applications,Intermediate,31,Quality Control: Core Concepts,2,Case Study
Manufacturing Processes,Problem Solving using Quality Control,Intermediate,48,Quality Control: Practical Applications,4,Quiz
Manufacturing Processes,Common Mistakes in Quality Control,Intermediate,42,Problem Solving using Quality Control,2,Practice Problems
Manufacturing Processes,Hands-on Practice for Quality Control,Intermediate,30,Common Mistakes in Quality Control,2,Case Study
Manufacturing Processes,Advanced Quality Control Techniques,Advanced,62,Hands-on Practice for Quality Control,4,Practice Problems
Manufacturing Processes,Quality Control: Case Study & Project Work,Advanced,66,Advanced Quality Control Techniques,5,Case Study
Manufacturing Processes,Mini Project on Quality Control,Advanced,81,Quality Control: Case Study & Project Work,4,Interactive Lab
Manufacturing Processes,Real-world Applications of Quality Control,Advanced,82,Mini Project on Quality Control,5,Practice Problems
Manufacturing Processes,Interview Questions on Quality Control,Advanced,77,Real-world Applications of Quality Control,5,Practice Problems
Manufacturing Processes,Mastering Quality Control,Advanced,112,Interview Questions on Quality Control,4,Interactive Lab
Marketing Management,Introduction to Marketing Mix,Beginner,19,None,1,Video
Marketing Management,Fundamentals of Marketing Mix,Beginner,22,Introduction to Marketing Mix,1,PDF Notes
Marketing Management,Quick Revision of Marketing Mix,Beginner,19,Fundamentals of Marketing Mix,1,Video
Marketing Management,Essential Terminology of Marketing Mix,Beginner,19,Quick Revision of Marketing Mix,2,PDF Notes
Marketing Management,Marketing Mix: Core Concepts,Intermediate,55,Essential Terminology of Marketing Mix,3,Quiz
Marketing Management,Marketing Mix: Practical Applications,Intermediate,33,Marketing Mix: Core Concepts,4,Practice Problems
Marketing Management,Problem Solving using Marketing Mix,Intermediate,55,Marketing Mix: Practical Applications,2,Quiz
Marketing Management,Common Mistakes in Marketing Mix,Intermediate,37,Problem Solving using Marketing Mix,2,Quiz
Marketing Management,Hands-on Practice for Marketing Mix,Intermediate,52,Common Mistakes in Marketing Mix,4,Practice Problems
Marketing Management,Advanced Marketing Mix Techniques,Advanced,82,Hands-on Practice for Marketing Mix,5,Mini Project
Marketing Management,Marketing Mix: Case Study & Project Work,Advanced,90,Advanced Marketing Mix Techniques,5,Mini Project
Marketing Management,Mini Project on Marketing Mix,Advanced,71,Marketing Mix: Case Study & Project Work,4,Mini Project
Marketing Management,Real-world Applications of Marketing Mix,Advanced,68,Mini Project on Marketing Mix,4,Practice Problems
Marketing Management,Interview Questions on Marketing Mix,Advanced,110,Real-world Applications of Marketing Mix,5,Interactive Lab
Marketing Management,Mastering Marketing Mix,Advanced,101,Interview Questions on Marketing Mix,4,Practice Problems
Marketing Management,Introduction to Consumer Behavior,Beginner,22,Mastering Marketing Mix,2,PDF Notes
Marketing Management,Fundamentals of Consumer Behavior,Beginner,27,Introduction to Consumer Behavior,1,PDF Notes
Marketing Management,Quick Revision of Consumer Behavior,Beginner,15,Fundamentals of Consumer Behavior,2,Video
Marketing Management,Essential Terminology of Consumer Behavior,Beginner,27,Quick Revision of Consumer Behavior,2,Quiz
Marketing Management,Consumer Behavior: Core Concepts,Intermediate,45,Essential Terminology of Consumer Behavior,4,Quiz
Marketing Management,Consumer Behavior: Practical Applications,Intermediate,48,Consumer Behavior: Core Concepts,2,Video
Marketing Management,Problem Solving using Consumer Behavior,Intermediate,51,Consumer Behavior: Practical Applications,4,Quiz
Marketing Management,Common Mistakes in Consumer Behavior,Intermediate,50,Problem Solving using Consumer Behavior,4,Case Study
Marketing Management,Hands-on Practice for Consumer Behavior,Intermediate,49,Common Mistakes in Consumer Behavior,3,Quiz
Marketing Management,Advanced Consumer Behavior Techniques,Advanced,68,Hands-on Practice for Consumer Behavior,4,Interactive Lab
Marketing Management,Consumer Behavior: Case Study & Project Work,Advanced,92,Advanced Consumer Behavior Techniques,5,Case Study
Marketing Management,Mini Project on Consumer Behavior,Advanced,105,Consumer Behavior: Case Study & Project Work,5,Mini Project
Marketing Management,Real-world Applications of Consumer Behavior,Advanced,100,Mini Project on Consumer Behavior,5,Interactive Lab
Marketing Management,Interview Questions on Consumer Behavior,Advanced,65,Real-world Applications of Consumer Behavior,4,Practice Problems
Marketing Management,Mastering Consumer Behavior,Advanced,84,Interview Questions on Consumer Behavior,5,Practice Problems
Marketing Management,Introduction to Market Segmentation,Beginner,28,Mastering Consumer Behavior,2,Quiz
Marketing Management,Fundamentals of Market Segmentation,Beginner,21,Introduction to Market Segmentation,1,PDF Notes
Marketing Management,Quick Revision of Market Segmentation,Beginner,24,Fundamentals of Market Segmentation,2,Video
Marketing Management,Essential Terminology of Market Segmentation,Beginner,29,Quick Revision of Market Segmentation,1,Video
Marketing Management,Market Segmentation: Core Concepts,Intermediate,54,Essential Terminology of Market Segmentation,2,Video
Marketing Management,Market Segmentation: Practical Applications,Intermediate,42,Market Segmentation: Core Concepts,3,Case Study
Marketing Management,Problem Solving using Market Segmentation,Intermediate,55,Market Segmentation: Practical Applications,3,Video
Marketing Management,Common Mistakes in Market Segmentation,Intermediate,34,Problem Solving using Market Segmentation,4,Quiz
Marketing Management,Hands-on Practice for Market Segmentation,Intermediate,60,Common Mistakes in Market Segmentation,4,Quiz
Marketing Management,Advanced Market Segmentation Techniques,Advanced,71,Hands-on Practice for Market Segmentation,4,Practice Problems
Marketing Management,Market Segmentation: Case Study & Project Work,Advanced,67,Advanced Market Segmentation Techniques,5,Interactive Lab
Marketing Management,Mini Project on Market Segmentation,Advanced,97,Market Segmentation: Case Study & Project Work,5,Mini Project
Marketing Management,Real-world Applications of Market Segmentation,Advanced,93,Mini Project on Market Segmentation,4,Practice Problems
Marketing Management,Interview Questions on Market Segmentation,Advanced,79,Real-world Applications of Market Segmentation,5,Mini Project
Marketing Management,Mastering Market Segmentation,Advanced,92,Interview Questions on Market Segmentation,5,Practice Problems
Marketing Management,Introduction to Branding,Beginner,30,Mastering Market Segmentation,2,PDF Notes
Marketing Management,Fundamentals of Branding,Beginner,18,Introduction to Branding,1,Video
Marketing Management,Quick Revision of Branding,Beginner,25,Fundamentals of Branding,2,Quiz
Marketing Management,Essential Terminology of Branding,Beginner,18,Quick Revision of Branding,1,Quiz
Marketing Management,Branding: Core Concepts,Intermediate,50,Essential Terminology of Branding,3,Quiz
Marketing Management,Branding: Practical Applications,Intermediate,38,Branding: Core Concepts,2,Video
Marketing Management,Problem Solving using Branding,Intermediate,46,Branding: Practical Applications,2,Quiz
Marketing Management,Common Mistakes in Branding,Intermediate,37,Problem Solving using Branding,3,Quiz
Marketing Management,Hands-on Practice for Branding,Intermediate,56,Common Mistakes in Branding,2,Quiz
Marketing Management,Advanced Branding Techniques,Advanced,71,Hands-on Practice for Branding,5,Interactive Lab
Marketing Management,Branding: Case Study & Project Work,Advanced,114,Advanced Branding Techniques,4,Case Study
Marketing Management,Mini Project on Branding,Advanced,75,Branding: Case Study & Project Work,5,Interactive Lab
Marketing Management,Real-world Applications of Branding,Advanced,77,Mini Project on Branding,4,Case Study
Marketing Management,Interview Questions on Branding,Advanced,113,Real-world Applications of Branding,4,Practice Problems
Marketing Management,Mastering Branding,Advanced,62,Interview Questions on Branding,5,Interactive Lab
Marketing Management,Introduction to Digital Marketing,Beginner,24,Mastering Branding,1,Quiz
Marketing Management,Fundamentals of Digital Marketing,Beginner,22,Introduction to Digital Marketing,1,PDF Notes
Marketing Management,Quick Revision of Digital Marketing,Beginner,16,Fundamentals of Digital Marketing,1,Quiz
Marketing Management,Essential Terminology of Digital Marketing,Beginner,15,Quick Revision of Digital Marketing,1,PDF Notes
Marketing Management,Digital Marketing: Core Concepts,Intermediate,58,Essential Terminology of Digital Marketing,2,Video
Marketing Management,Digital Marketing: Practical Applications,Intermediate,45,Digital Marketing: Core Concepts,4,Case Study
Marketing Management,Problem Solving using Digital Marketing,Intermediate,44,Digital Marketing: Practical Applications,3,Quiz
Marketing Management,Common Mistakes in Digital Marketing,Intermediate,36,Problem Solving using Digital Marketing,3,Video
Marketing Management,Hands-on Practice for Digital Marketing,Intermediate,50,Common Mistakes in Digital Marketing,4,Case Study
Marketing Management,Advanced Digital Marketing Techniques,Advanced,84,Hands-on Practice for Digital Marketing,5,Mini Project
Marketing Management,Digital Marketing: Case Study & Project Work,Advanced,81,Advanced Digital Marketing Techniques,4,Practice Problems
Marketing Management,Mini Project on Digital Marketing,Advanced,111,Digital Marketing: Case Study & Project Work,4,Practice Problems
Marketing Management,Real-world Applications of Digital Marketing,Advanced,71,Mini Project on Digital Marketing,4,Interactive Lab
Marketing Management,Interview Questions on Digital Marketing,Advanced,86,Real-world Applications of Digital Marketing,4,Interactive Lab
Marketing Management,Mastering Digital Marketing,Advanced,67,Interview Questions on Digital Marketing,5,Interactive Lab
Mathematics,Introduction to Number Systems,Beginner,26,None,1,Quiz
Mathematics,Fundamentals of Number Systems,Beginner,17,Introduction to Number Systems,1,Video
Mathematics,Quick Revision of Number Systems,Beginner,20,Fundamentals of Number Systems,2,Video
Mathematics,Essential Terminology of Number Systems,Beginner,23,Quick Revision of Number Systems,2,PDF Notes
Mathematics,Number Systems: Core Concepts,Intermediate,58,Essential Terminology of Number Systems,4,Video
Mathematics,Number Systems: Practical Applications,Intermediate,33,Number Systems: Core Concepts,2,Quiz
Mathematics,Problem Solving using Number Systems,Intermediate,53,Number Systems: Practical Applications,3,Practice Problems
Mathematics,Common Mistakes in Number Systems,Intermediate,32,Problem Solving using Number Systems,2,Practice Problems
Mathematics,Hands-on Practice for Number Systems,Intermediate,32,Common Mistakes in Number Systems,4,Video
Mathematics,Advanced Number Systems Techniques,Advanced,89,Hands-on Practice for Number Systems,5,Interactive Lab
Mathematics,Number Systems: Case Study & Project Work,Advanced,120,Advanced Number Systems Techniques,4,Case Study
Mathematics,Mini Project on Number Systems,Advanced,113,Number Systems: Case Study & Project Work,5,Interactive Lab
Mathematics,Real-world Applications of Number Systems,Advanced,72,Mini Project on Number Systems,5,Interactive Lab
Mathematics,Interview Questions on Number Systems,Advanced,93,Real-world Applications of Number Systems,4,Practice Problems
Mathematics,Mastering Number Systems,Advanced,96,Interview Questions on Number Systems,4,Mini Project
Mathematics,Introduction to Algebra,Beginner,30,Mastering Number Systems,1,Quiz
Mathematics,Fundamentals of Algebra,Beginner,20,Introduction to Algebra,2,Video
Mathematics,Quick Revision of Algebra,Beginner,23,Fundamentals of Algebra,2,PDF Notes
Mathematics,Essential Terminology of Algebra,Beginner,30,Quick Revision of Algebra,2,PDF Notes
Mathematics,Algebra: Core Concepts,Intermediate,50,Essential Terminology of Algebra,4,Practice Problems
Mathematics,Algebra: Practical Applications,Intermediate,40,Algebra: Core Concepts,2,Case Study
Mathematics,Problem Solving using Algebra,Intermediate,56,Algebra: Practical Applications,2,Quiz
Mathematics,Common Mistakes in Algebra,Intermediate,41,Problem Solving using Algebra,2,Quiz
Mathematics,Hands-on Practice for Algebra,Intermediate,60,Common Mistakes in Algebra,2,Quiz
Mathematics,Advanced Algebra Techniques,Advanced,118,Hands-on Practice for Algebra,5,Case Study
Mathematics,Algebra: Case Study & Project Work,Advanced,82,Advanced Algebra Techniques,5,Case Study
Mathematics,Mini Project on Algebra,Advanced,64,Algebra: Case Study & Project Work,4,Interactive Lab
Mathematics,Real-world Applications of Algebra,Advanced,89,Mini Project on Algebra,4,Mini Project
Mathematics,Interview Questions on Algebra,Advanced,84,Real-world Applications of Algebra,4,Practice Problems
Mathematics,Mastering Algebra,Advanced,80,Interview Questions on Algebra,5,Mini Project
Mathematics,Introduction to Geometry,Beginner,30,Mastering Algebra,1,Quiz
Mathematics,Fundamentals of Geometry,Beginner,27,Introduction to Geometry,1,Video
Mathematics,Quick Revision of Geometry,Beginner,29,Fundamentals of Geometry,2,Quiz
Mathematics,Essential Terminology of Geometry,Beginner,16,Quick Revision of Geometry,2,PDF Notes
Mathematics,Geometry: Core Concepts,Intermediate,39,Essential Terminology of Geometry,4,Quiz
Mathematics,Geometry: Practical Applications,Intermediate,58,Geometry: Core Concepts,2,Quiz
Mathematics,Problem Solving using Geometry,Intermediate,30,Geometry: Practical Applications,4,Case Study
Mathematics,Common Mistakes in Geometry,Intermediate,32,Problem Solving using Geometry,4,Video
Mathematics,Hands-on Practice for Geometry,Intermediate,33,Common Mistakes in Geometry,4,Video
Mathematics,Advanced Geometry Techniques,Advanced,99,Hands-on Practice for Geometry,4,Interactive Lab
Mathematics,Geometry: Case Study & Project Work,Advanced,89,Advanced Geometry Techniques,4,Mini Project
Mathematics,Mini Project on Geometry,Advanced,70,Geometry: Case Study & Project Work,4,Interactive Lab
Mathematics,Real-world Applications of Geometry,Advanced,119,Mini Project on Geometry,5,Practice Problems
Mathematics,Interview Questions on Geometry,Advanced,60,Real-world Applications of Geometry,4,Mini Project
Mathematics,Mastering Geometry,Advanced,87,Interview Questions on Geometry,4,Case Study
Mathematics,Introduction to Trigonometry,Beginner,17,Mastering Geometry,1,Quiz
Mathematics,Fundamentals of Trigonometry,Beginner,29,Introduction to Trigonometry,1,Video
Mathematics,Quick Revision of Trigonometry,Beginner,25,Fundamentals of Trigonometry,1,Video
Mathematics,Essential Terminology of Trigonometry,Beginner,24,Quick Revision of Trigonometry,2,Video
Mathematics,Trigonometry: Core Concepts,Intermediate,49,Essential Terminology of Trigonometry,2,Quiz
Mathematics,Trigonometry: Practical Applications,Intermediate,34,Trigonometry: Core Concepts,2,Practice Problems
Mathematics,Problem Solving using Trigonometry,Intermediate,56,Trigonometry: Practical Applications,4,Practice Problems
Mathematics,Common Mistakes in Trigonometry,Intermediate,37,Problem Solving using Trigonometry,4,Case Study
Mathematics,Hands-on Practice for Trigonometry,Intermediate,48,Common Mistakes in Trigonometry,4,Practice Problems
Mathematics,Advanced Trigonometry Techniques,Advanced,63,Hands-on Practice for Trigonometry,5,Case Study
Mathematics,Trigonometry: Case Study & Project Work,Advanced,90,Advanced Trigonometry Techniques,4,Interactive Lab
Mathematics,Mini Project on Trigonometry,Advanced,112,Trigonometry: Case Study & Project Work,4,Mini Project
Mathematics,Real-world Applications of Trigonometry,Advanced,114,Mini Project on Trigonometry,5,Mini Project
Mathematics,Interview Questions on Trigonometry,Advanced,113,Real-world Applications of Trigonometry,5,Practice Problems
Mathematics,Mastering Trigonometry,Advanced,90,Interview Questions on Trigonometry,4,Case Study
Mathematics,Introduction to Probability & Statistics,Beginner,25,Mastering Trigonometry,2,PDF Notes
Mathematics,Fundamentals of Probability & Statistics,Beginner,16,Introduction to Probability & Statistics,1,Video
Mathematics,Quick Revision of Probability & Statistics,Beginner,27,Fundamentals of Probability & Statistics,1,PDF Notes
Mathematics,Essential Terminology of Probability & Statistics,Beginner,26,Quick Revision of Probability & Statistics,1,Video
Mathematics,Probability & Statistics: Core Concepts,Intermediate,37,Essential Terminology of Probability & Statistics,3,Case Study
Mathematics,Probability & Statistics: Practical Applications,Intermediate,58,Probability & Statistics: Core Concepts,3,Case Study
Mathematics,Problem Solving using Probability & Statistics,Intermediate,35,Probability & Statistics: Practical Applications,4,Video
Mathematics,Common Mistakes in Probability & Statistics,Intermediate,46,Problem Solving using Probability & Statistics,4,Video
Mathematics,Hands-on Practice for Probability & Statistics,Intermediate,40,Common Mistakes in Probability & Statistics,3,Case Study
Mathematics,Advanced Probability & Statistics Techniques,Advanced,70,Hands-on Practice for Probability & Statistics,5,Interactive Lab
Mathematics,Probability & Statistics: Case Study & Project Work,Advanced,85,Advanced Probability & Statistics Techniques,5,Practice Problems
Mathematics,Mini Project on Probability & Statistics,Advanced,90,Probability & Statistics: Case Study & Project Work,5,Interactive Lab
Mathematics,Real-world Applications of Probability & Statistics,Advanced,80,Mini Project on Probability & Statistics,5,Case Study
Mathematics,Interview Questions on Probability & Statistics,Advanced,78,Real-world Applications of Probability & Statistics,5,Practice Problems
Mathematics,Mastering Probability & Statistics,Advanced,73,Interview Questions on Probability & Statistics,5,Practice Problems
Mathematics,Introduction to Calculus Basics,Beginner,26,Mastering Probability & Statistics,1,PDF Notes
Mathematics,Fundamentals of Calculus Basics,Beginner,29,Introduction to Calculus Basics,2,Quiz
Mathematics,Quick Revision of Calculus Basics,Beginner,30,Fundamentals of Calculus Basics,2,Video
Mathematics,Essential Terminology of Calculus Basics,Beginner,16,Quick Revision of Calculus Basics,1,Video
Mathematics,Calculus Basics: Core Concepts,Intermediate,31,Essential Terminology of Calculus Basics,3,Quiz
Mathematics,Calculus Basics: Practical Applications,Intermediate,33,Calculus Basics: Core Concepts,2,Case Study
Mathematics,Problem Solving using Calculus Basics,Intermediate,38,Calculus Basics: Practical Applications,2,Video
Mathematics,Common Mistakes in Calculus Basics,Intermediate,57,Problem Solving using Calculus Basics,3,Quiz
Mathematics,Hands-on Practice for Calculus Basics,Intermediate,39,Common Mistakes in Calculus Basics,2,Practice Problems
Mathematics,Advanced Calculus Basics Techniques,Advanced,81,Hands-on Practice for Calculus Basics,4,Interactive Lab
Mathematics,Calculus Basics: Case Study & Project Work,Advanced,77,Advanced Calculus Basics Techniques,5,Mini Project
Mathematics,Mini Project on Calculus Basics,Advanced,111,Calculus Basics: Case Study & Project Work,5,Case Study
Mathematics,Real-world Applications of Calculus Basics,Advanced,107,Mini Project on Calculus Basics,5,Interactive Lab
Mathematics,Interview Questions on Calculus Basics,Advanced,114,Real-world Applications of Calculus Basics,4,Practice Problems
Mathematics,Mastering Calculus Basics,Advanced,120,Interview Questions on Calculus Basics,4,Case Study
Microbiology,Introduction to Bacteriology,Beginner,15,None,2,PDF Notes
Microbiology,Fundamentals of Bacteriology,Beginner,21,Introduction to Bacteriology,1,Video
Microbiology,Quick Revision of Bacteriology,Beginner,27,Fundamentals of Bacteriology,1,Quiz
Microbiology,Essential Terminology of Bacteriology,Beginner,28,Quick Revision of Bacteriology,2,Video
Microbiology,Bacteriology: Core Concepts,Intermediate,51,Essential Terminology of Bacteriology,2,Quiz
Microbiology,Bacteriology: Practical Applications,Intermediate,45,Bacteriology: Core Concepts,2,Practice Problems
Microbiology,Problem Solving using Bacteriology,Intermediate,32,Bacteriology: Practical Applications,4,Practice Problems
Microbiology,Common Mistakes in Bacteriology,Intermediate,48,Problem Solving using Bacteriology,2,Video
Microbiology,Hands-on Practice for Bacteriology,Intermediate,43,Common Mistakes in Bacteriology,4,Quiz
Microbiology,Advanced Bacteriology Techniques,Advanced,72,Hands-on Practice for Bacteriology,5,Mini Project
Microbiology,Bacteriology: Case Study & Project Work,Advanced,65,Advanced Bacteriology Techniques,5,Practice Problems
Microbiology,Mini Project on Bacteriology,Advanced,84,Bacteriology: Case Study & Project Work,5,Practice Problems
Microbiology,Real-world Applications of Bacteriology,Advanced,106,Mini Project on Bacteriology,5,Case Study
Microbiology,Interview Questions on Bacteriology,Advanced,105,Real-world Applications of Bacteriology,4,Case Study
Microbiology,Mastering Bacteriology,Advanced,105,Interview Questions on Bacteriology,5,Interactive Lab
Microbiology,Introduction to Virology,Beginner,27,Mastering Bacteriology,1,Video
Microbiology,Fundamentals of Virology,Beginner,25,Introduction to Virology,1,Video
Microbiology,Quick Revision of Virology,Beginner,26,Fundamentals of Virology,1,PDF Notes
Microbiology,Essential Terminology of Virology,Beginner,17,Quick Revision of Virology,1,Video
Microbiology,Virology: Core Concepts,Intermediate,32,Essential Terminology of Virology,3,Practice Problems
Microbiology,Virology: Practical Applications,Intermediate,52,Virology: Core Concepts,2,Case Study
Microbiology,Problem Solving using Virology,Intermediate,52,Virology: Practical Applications,3,Quiz
Microbiology,Common Mistakes in Virology,Intermediate,45,Problem Solving using Virology,4,Case Study
Microbiology,Hands-on Practice for Virology,Intermediate,34,Common Mistakes in Virology,2,Practice Problems
Microbiology,Advanced Virology Techniques,Advanced,72,Hands-on Practice for Virology,4,Practice Problems
Microbiology,Virology: Case Study & Project Work,Advanced,64,Advanced Virology Techniques,4,Case Study
Microbiology,Mini Project on Virology,Advanced,87,Virology: Case Study & Project Work,5,Mini Project
Microbiology,Real-world Applications of Virology,Advanced,77,Mini Project on Virology,5,Case Study
Microbiology,Interview Questions on Virology,Advanced,94,Real-world Applications of Virology,5,Interactive Lab
Microbiology,Mastering Virology,Advanced,98,Interview Questions on Virology,4,Case Study
Microbiology,Introduction to Mycology,Beginner,26,Mastering Virology,2,Video
Microbiology,Fundamentals of Mycology,Beginner,23,Introduction to Mycology,2,Quiz
Microbiology,Quick Revision of Mycology,Beginner,19,Fundamentals of Mycology,1,PDF Notes
Microbiology,Essential Terminology of Mycology,Beginner,15,Quick Revision of Mycology,1,Video
Microbiology,Mycology: Core Concepts,Intermediate,40,Essential Terminology of Mycology,4,Video
Microbiology,Mycology: Practical Applications,Intermediate,47,Mycology: Core Concepts,2,Practice Problems
Microbiology,Problem Solving using Mycology,Intermediate,36,Mycology: Practical Applications,4,Practice Problems
Microbiology,Common Mistakes in Mycology,Intermediate,51,Problem Solving using Mycology,2,Video
Microbiology,Hands-on Practice for Mycology,Intermediate,59,Common Mistakes in Mycology,4,Video
Microbiology,Advanced Mycology Techniques,Advanced,120,Hands-on Practice for Mycology,5,Interactive Lab
Microbiology,Mycology: Case Study & Project Work,Advanced,63,Advanced Mycology Techniques,4,Practice Problems
Microbiology,Mini Project on Mycology,Advanced,91,Mycology: Case Study & Project Work,5,Mini Project
Microbiology,Real-world Applications of Mycology,Advanced,90,Mini Project on Mycology,5,Mini Project
Microbiology,Interview Questions on Mycology,Advanced,97,Real-world Applications of Mycology,4,Case Study
Microbiology,Mastering Mycology,Advanced,106,Interview Questions on Mycology,4,Case Study
Microbiology,Introduction to Immunology Basics,Beginner,19,Mastering Mycology,2,PDF Notes
Microbiology,Fundamentals of Immunology Basics,Beginner,30,Introduction to Immunology Basics,1,PDF Notes
Microbiology,Quick Revision of Immunology Basics,Beginner,28,Fundamentals of Immunology Basics,1,PDF Notes
Microbiology,Essential Terminology of Immunology Basics,Beginner,17,Quick Revision of Immunology Basics,2,Video
Microbiology,Immunology Basics: Core Concepts,Intermediate,32,Essential Terminology of Immunology Basics,4,Practice Problems
Microbiology,Immunology Basics: Practical Applications,Intermediate,53,Immunology Basics: Core Concepts,4,Quiz
Microbiology,Problem Solving using Immunology Basics,Intermediate,48,Immunology Basics: Practical Applications,3,Case Study
Microbiology,Common Mistakes in Immunology Basics,Intermediate,47,Problem Solving using Immunology Basics,4,Quiz
Microbiology,Hands-on Practice for Immunology Basics,Intermediate,33,Common Mistakes in Immunology Basics,2,Practice Problems
Microbiology,Advanced Immunology Basics Techniques,Advanced,101,Hands-on Practice for Immunology Basics,4,Case Study
Microbiology,Immunology Basics: Case Study & Project Work,Advanced,74,Advanced Immunology Basics Techniques,5,Practice Problems
Microbiology,Mini Project on Immunology Basics,Advanced,78,Immunology Basics: Case Study & Project Work,4,Interactive Lab
Microbiology,Real-world Applications of Immunology Basics,Advanced,61,Mini Project on Immunology Basics,5,Practice Problems
Microbiology,Interview Questions on Immunology Basics,Advanced,114,Real-world Applications of Immunology Basics,4,Practice Problems
Microbiology,Mastering Immunology Basics,Advanced,100,Interview Questions on Immunology Basics,4,Case Study
Microbiology,Introduction to Parasitology,Beginner,21,Mastering Immunology Basics,2,Quiz
Microbiology,Fundamentals of Parasitology,Beginner,30,Introduction to Parasitology,2,Video
Microbiology,Quick Revision of Parasitology,Beginner,22,Fundamentals of Parasitology,2,Video
Microbiology,Essential Terminology of Parasitology,Beginner,20,Quick Revision of Parasitology,2,PDF Notes
Microbiology,Parasitology: Core Concepts,Intermediate,47,Essential Terminology of Parasitology,3,Case Study
Microbiology,Parasitology: Practical Applications,Intermediate,60,Parasitology: Core Concepts,2,Video
Microbiology,Problem Solving using Parasitology,Intermediate,47,Parasitology: Practical Applications,4,Video
Microbiology,Common Mistakes in Parasitology,Intermediate,38,Problem Solving using Parasitology,4,Quiz
Microbiology,Hands-on Practice for Parasitology,Intermediate,31,Common Mistakes in Parasitology,4,Practice Problems
Microbiology,Advanced Parasitology Techniques,Advanced,88,Hands-on Practice for Parasitology,5,Practice Problems
Microbiology,Parasitology: Case Study & Project Work,Advanced,111,Advanced Parasitology Techniques,5,Practice Problems
Microbiology,Mini Project on Parasitology,Advanced,116,Parasitology: Case Study & Project Work,5,Mini Project
Microbiology,Real-world Applications of Parasitology,Advanced,97,Mini Project on Parasitology,5,Case Study
Microbiology,Interview Questions on Parasitology,Advanced,85,Real-world Applications of Parasitology,4,Practice Problems
Microbiology,Mastering Parasitology,Advanced,87,Interview Questions on Parasitology,4,Case Study
Microprocessors,Introduction to 8085 Architecture,Beginner,27,None,2,Quiz
Microprocessors,Fundamentals of 8085 Architecture,Beginner,30,Introduction to 8085 Architecture,1,Quiz
Microprocessors,Quick Revision of 8085 Architecture,Beginner,16,Fundamentals of 8085 Architecture,1,Video
Microprocessors,Essential Terminology of 8085 Architecture,Beginner,30,Quick Revision of 8085 Architecture,2,Video
Microprocessors,8085 Architecture: Core Concepts,Intermediate,38,Essential Terminology of 8085 Architecture,4,Video
Microprocessors,8085 Architecture: Practical Applications,Intermediate,32,8085 Architecture: Core Concepts,2,Practice Problems
Microprocessors,Problem Solving using 8085 Architecture,Intermediate,32,8085 Architecture: Practical Applications,4,Quiz
Microprocessors,Common Mistakes in 8085 Architecture,Intermediate,35,Problem Solving using 8085 Architecture,2,Case Study
Microprocessors,Hands-on Practice for 8085 Architecture,Intermediate,44,Common Mistakes in 8085 Architecture,2,Case Study
Microprocessors,Advanced 8085 Architecture Techniques,Advanced,94,Hands-on Practice for 8085 Architecture,5,Interactive Lab
Microprocessors,8085 Architecture: Case Study & Project Work,Advanced,110,Advanced 8085 Architecture Techniques,4,Case Study
Microprocessors,Mini Project on 8085 Architecture,Advanced,82,8085 Architecture: Case Study & Project Work,4,Case Study
Microprocessors,Real-world Applications of 8085 Architecture,Advanced,103,Mini Project on 8085 Architecture,4,Case Study
Microprocessors,Interview Questions on 8085 Architecture,Advanced,88,Real-world Applications of 8085 Architecture,5,Practice Problems
Microprocessors,Mastering 8085 Architecture,Advanced,84,Interview Questions on 8085 Architecture,4,Case Study
Microprocessors,Introduction to Instruction Sets,Beginner,26,Mastering 8085 Architecture,1,Quiz
Microprocessors,Fundamentals of Instruction Sets,Beginner,22,Introduction to Instruction Sets,2,Quiz
Microprocessors,Quick Revision of Instruction Sets,Beginner,17,Fundamentals of Instruction Sets,1,Video
Microprocessors,Essential Terminology of Instruction Sets,Beginner,21,Quick Revision of Instruction Sets,1,Video
Microprocessors,Instruction Sets: Core Concepts,Intermediate,38,Essential Terminology of Instruction Sets,2,Practice Problems
Microprocessors,Instruction Sets: Practical Applications,Intermediate,52,Instruction Sets: Core Concepts,2,Video
Microprocessors,Problem Solving using Instruction Sets,Intermediate,58,Instruction Sets: Practical Applications,3,Quiz
Microprocessors,Common Mistakes in Instruction Sets,Intermediate,36,Problem Solving using Instruction Sets,4,Case Study
Microprocessors,Hands-on Practice for Instruction Sets,Intermediate,51,Common Mistakes in Instruction Sets,4,Video
Microprocessors,Advanced Instruction Sets Techniques,Advanced,76,Hands-on Practice for Instruction Sets,5,Case Study
Microprocessors,Instruction Sets: Case Study & Project Work,Advanced,60,Advanced Instruction Sets Techniques,5,Case Study
Microprocessors,Mini Project on Instruction Sets,Advanced,112,Instruction Sets: Case Study & Project Work,4,Practice Problems
Microprocessors,Real-world Applications of Instruction Sets,Advanced,92,Mini Project on Instruction Sets,5,Mini Project
Microprocessors,Interview Questions on Instruction Sets,Advanced,95,Real-world Applications of Instruction Sets,4,Case Study
Microprocessors,Mastering Instruction Sets,Advanced,104,Interview Questions on Instruction Sets,5,Practice Problems
Microprocessors,Introduction to Interfacing,Beginner,29,Mastering Instruction Sets,2,Video
Microprocessors,Fundamentals of Interfacing,Beginner,21,Introduction to Interfacing,1,Quiz
Microprocessors,Quick Revision of Interfacing,Beginner,27,Fundamentals of Interfacing,1,Video
Microprocessors,Essential Terminology of Interfacing,Beginner,20,Quick Revision of Interfacing,1,Quiz
Microprocessors,Interfacing: Core Concepts,Intermediate,45,Essential Terminology of Interfacing,3,Practice Problems
Microprocessors,Interfacing: Practical Applications,Intermediate,38,Interfacing: Core Concepts,2,Quiz
Microprocessors,Problem Solving using Interfacing,Intermediate,46,Interfacing: Practical Applications,2,Case Study
Microprocessors,Common Mistakes in Interfacing,Intermediate,41,Problem Solving using Interfacing,2,Practice Problems
Microprocessors,Hands-on Practice for Interfacing,Intermediate,41,Common Mistakes in Interfacing,3,Practice Problems
Microprocessors,Advanced Interfacing Techniques,Advanced,114,Hands-on Practice for Interfacing,4,Interactive Lab
Microprocessors,Interfacing: Case Study & Project Work,Advanced,61,Advanced Interfacing Techniques,5,Case Study
Microprocessors,Mini Project on Interfacing,Advanced,66,Interfacing: Case Study & Project Work,5,Case Study
Microprocessors,Real-world Applications of Interfacing,Advanced,106,Mini Project on Interfacing,5,Mini Project
Microprocessors,Interview Questions on Interfacing,Advanced,62,Real-world Applications of Interfacing,5,Case Study
Microprocessors,Mastering Interfacing,Advanced,75,Interview Questions on Interfacing,5,Case Study
Microprocessors,Introduction to Interrupts,Beginner,26,Mastering Interfacing,1,PDF Notes
Microprocessors,Fundamentals of Interrupts,Beginner,25,Introduction to Interrupts,2,PDF Notes
Microprocessors,Quick Revision of Interrupts,Beginner,21,Fundamentals of Interrupts,2,Video
Microprocessors,Essential Terminology of Interrupts,Beginner,22,Quick Revision of Interrupts,2,Quiz
Microprocessors,Interrupts: Core Concepts,Intermediate,33,Essential Terminology of Interrupts,2,Case Study
Microprocessors,Interrupts: Practical Applications,Intermediate,34,Interrupts: Core Concepts,4,Quiz
Microprocessors,Problem Solving using Interrupts,Intermediate,59,Interrupts: Practical Applications,3,Quiz
Microprocessors,Common Mistakes in Interrupts,Intermediate,55,Problem Solving using Interrupts,4,Practice Problems
Microprocessors,Hands-on Practice for Interrupts,Intermediate,34,Common Mistakes in Interrupts,4,Practice Problems
Microprocessors,Advanced Interrupts Techniques,Advanced,110,Hands-on Practice for Interrupts,4,Mini Project
Microprocessors,Interrupts: Case Study & Project Work,Advanced,62,Advanced Interrupts Techniques,4,Mini Project
Microprocessors,Mini Project on Interrupts,Advanced,102,Interrupts: Case Study & Project Work,4,Interactive Lab
Microprocessors,Real-world Applications of Interrupts,Advanced,108,Mini Project on Interrupts,4,Interactive Lab
Microprocessors,Interview Questions on Interrupts,Advanced,112,Real-world Applications of Interrupts,4,Mini Project
Microprocessors,Mastering Interrupts,Advanced,72,Interview Questions on Interrupts,4,Mini Project
Microprocessors,Introduction to Memory Organization,Beginner,29,Mastering Interrupts,1,Video
Microprocessors,Fundamentals of Memory Organization,Beginner,17,Introduction to Memory Organization,1,Quiz
Microprocessors,Quick Revision of Memory Organization,Beginner,22,Fundamentals of Memory Organization,2,PDF Notes
Microprocessors,Essential Terminology of Memory Organization,Beginner,27,Quick Revision of Memory Organization,1,Video
Microprocessors,Memory Organization: Core Concepts,Intermediate,32,Essential Terminology of Memory Organization,2,Practice Problems
Microprocessors,Memory Organization: Practical Applications,Intermediate,37,Memory Organization: Core Concepts,2,Video
Microprocessors,Problem Solving using Memory Organization,Intermediate,38,Memory Organization: Practical Applications,3,Practice Problems
Microprocessors,Common Mistakes in Memory Organization,Intermediate,50,Problem Solving using Memory Organization,4,Practice Problems
Microprocessors,Hands-on Practice for Memory Organization,Intermediate,47,Common Mistakes in Memory Organization,2,Practice Problems
Microprocessors,Advanced Memory Organization Techniques,Advanced,93,Hands-on Practice for Memory Organization,4,Practice Problems
Microprocessors,Memory Organization: Case Study & Project Work,Advanced,110,Advanced Memory Organization Techniques,5,Case Study
Microprocessors,Mini Project on Memory Organization,Advanced,116,Memory Organization: Case Study & Project Work,5,Practice Problems
Microprocessors,Real-world Applications of Memory Organization,Advanced,84,Mini Project on Memory Organization,5,Mini Project
Microprocessors,Interview Questions on Memory Organization,Advanced,101,Real-world Applications of Memory Organization,4,Interactive Lab
Microprocessors,Mastering Memory Organization,Advanced,76,Interview Questions on Memory Organization,5,Practice Problems
Natural Language Processing,Introduction to Text Preprocessing,Beginner,23,None,1,Video
Natural Language Processing,Fundamentals of Text Preprocessing,Beginner,16,Introduction to Text Preprocessing,2,Quiz
Natural Language Processing,Quick Revision of Text Preprocessing,Beginner,25,Fundamentals of Text Preprocessing,2,Video
Natural Language Processing,Essential Terminology of Text Preprocessing,Beginner,28,Quick Revision of Text Preprocessing,2,Video
Natural Language Processing,Text Preprocessing: Core Concepts,Intermediate,42,Essential Terminology of Text Preprocessing,4,Case Study
Natural Language Processing,Text Preprocessing: Practical Applications,Intermediate,51,Text Preprocessing: Core Concepts,4,Case Study
Natural Language Processing,Problem Solving using Text Preprocessing,Intermediate,31,Text Preprocessing: Practical Applications,3,Video
Natural Language Processing,Common Mistakes in Text Preprocessing,Intermediate,51,Problem Solving using Text Preprocessing,3,Case Study
Natural Language Processing,Hands-on Practice for Text Preprocessing,Intermediate,50,Common Mistakes in Text Preprocessing,3,Practice Problems
Natural Language Processing,Advanced Text Preprocessing Techniques,Advanced,82,Hands-on Practice for Text Preprocessing,4,Practice Problems
Natural Language Processing,Text Preprocessing: Case Study & Project Work,Advanced,79,Advanced Text Preprocessing Techniques,5,Interactive Lab
Natural Language Processing,Mini Project on Text Preprocessing,Advanced,100,Text Preprocessing: Case Study & Project Work,5,Case Study
Natural Language Processing,Real-world Applications of Text Preprocessing,Advanced,105,Mini Project on Text Preprocessing,5,Interactive Lab
Natural Language Processing,Interview Questions on Text Preprocessing,Advanced,79,Real-world Applications of Text Preprocessing,4,Interactive Lab
Natural Language Processing,Mastering Text Preprocessing,Advanced,67,Interview Questions on Text Preprocessing,4,Mini Project
Natural Language Processing,Introduction to Word Embeddings,Beginner,25,Mastering Text Preprocessing,2,PDF Notes
Natural Language Processing,Fundamentals of Word Embeddings,Beginner,17,Introduction to Word Embeddings,2,Video
Natural Language Processing,Quick Revision of Word Embeddings,Beginner,27,Fundamentals of Word Embeddings,1,Quiz
Natural Language Processing,Essential Terminology of Word Embeddings,Beginner,19,Quick Revision of Word Embeddings,2,Quiz
Natural Language Processing,Word Embeddings: Core Concepts,Intermediate,47,Essential Terminology of Word Embeddings,4,Practice Problems
Natural Language Processing,Word Embeddings: Practical Applications,Intermediate,39,Word Embeddings: Core Concepts,4,Case Study
Natural Language Processing,Problem Solving using Word Embeddings,Intermediate,36,Word Embeddings: Practical Applications,2,Quiz
Natural Language Processing,Common Mistakes in Word Embeddings,Intermediate,55,Problem Solving using Word Embeddings,3,Practice Problems
Natural Language Processing,Hands-on Practice for Word Embeddings,Intermediate,44,Common Mistakes in Word Embeddings,4,Case Study
Natural Language Processing,Advanced Word Embeddings Techniques,Advanced,92,Hands-on Practice for Word Embeddings,5,Interactive Lab
Natural Language Processing,Word Embeddings: Case Study & Project Work,Advanced,106,Advanced Word Embeddings Techniques,4,Case Study
Natural Language Processing,Mini Project on Word Embeddings,Advanced,60,Word Embeddings: Case Study & Project Work,5,Practice Problems
Natural Language Processing,Real-world Applications of Word Embeddings,Advanced,118,Mini Project on Word Embeddings,5,Interactive Lab
Natural Language Processing,Interview Questions on Word Embeddings,Advanced,78,Real-world Applications of Word Embeddings,4,Interactive Lab
Natural Language Processing,Mastering Word Embeddings,Advanced,91,Interview Questions on Word Embeddings,4,Practice Problems
Natural Language Processing,Introduction to Sequence Models,Beginner,29,Mastering Word Embeddings,1,Video
Natural Language Processing,Fundamentals of Sequence Models,Beginner,17,Introduction to Sequence Models,2,Video
Natural Language Processing,Quick Revision of Sequence Models,Beginner,23,Fundamentals of Sequence Models,2,Quiz
Natural Language Processing,Essential Terminology of Sequence Models,Beginner,21,Quick Revision of Sequence Models,2,PDF Notes
Natural Language Processing,Sequence Models: Core Concepts,Intermediate,44,Essential Terminology of Sequence Models,4,Quiz
Natural Language Processing,Sequence Models: Practical Applications,Intermediate,34,Sequence Models: Core Concepts,2,Practice Problems
Natural Language Processing,Problem Solving using Sequence Models,Intermediate,56,Sequence Models: Practical Applications,4,Quiz
Natural Language Processing,Common Mistakes in Sequence Models,Intermediate,45,Problem Solving using Sequence Models,2,Case Study
Natural Language Processing,Hands-on Practice for Sequence Models,Intermediate,55,Common Mistakes in Sequence Models,4,Practice Problems
Natural Language Processing,Advanced Sequence Models Techniques,Advanced,70,Hands-on Practice for Sequence Models,5,Interactive Lab
Natural Language Processing,Sequence Models: Case Study & Project Work,Advanced,85,Advanced Sequence Models Techniques,5,Interactive Lab
Natural Language Processing,Mini Project on Sequence Models,Advanced,82,Sequence Models: Case Study & Project Work,4,Mini Project
Natural Language Processing,Real-world Applications of Sequence Models,Advanced,117,Mini Project on Sequence Models,5,Practice Problems
Natural Language Processing,Interview Questions on Sequence Models,Advanced,74,Real-world Applications of Sequence Models,5,Case Study
Natural Language Processing,Mastering Sequence Models,Advanced,101,Interview Questions on Sequence Models,4,Interactive Lab
Natural Language Processing,Introduction to Language Models,Beginner,21,Mastering Sequence Models,1,Video
Natural Language Processing,Fundamentals of Language Models,Beginner,26,Introduction to Language Models,1,PDF Notes
Natural Language Processing,Quick Revision of Language Models,Beginner,18,Fundamentals of Language Models,1,Quiz
Natural Language Processing,Essential Terminology of Language Models,Beginner,15,Quick Revision of Language Models,1,Quiz
Natural Language Processing,Language Models: Core Concepts,Intermediate,35,Essential Terminology of Language Models,3,Case Study
Natural Language Processing,Language Models: Practical Applications,Intermediate,33,Language Models: Core Concepts,3,Practice Problems
Natural Language Processing,Problem Solving using Language Models,Intermediate,42,Language Models: Practical Applications,3,Quiz
Natural Language Processing,Common Mistakes in Language Models,Intermediate,35,Problem Solving using Language Models,3,Video
Natural Language Processing,Hands-on Practice for Language Models,Intermediate,53,Common Mistakes in Language Models,2,Video
Natural Language Processing,Advanced Language Models Techniques,Advanced,111,Hands-on Practice for Language Models,5,Interactive Lab
Natural Language Processing,Language Models: Case Study & Project Work,Advanced,119,Advanced Language Models Techniques,5,Case Study
Natural Language Processing,Mini Project on Language Models,Advanced,60,Language Models: Case Study & Project Work,5,Case Study
Natural Language Processing,Real-world Applications of Language Models,Advanced,85,Mini Project on Language Models,5,Practice Problems
Natural Language Processing,Interview Questions on Language Models,Advanced,73,Real-world Applications of Language Models,4,Practice Problems
Natural Language Processing,Mastering Language Models,Advanced,102,Interview Questions on Language Models,5,Practice Problems
Natural Language Processing,Introduction to Sentiment Analysis,Beginner,21,Mastering Language Models,2,Quiz
Natural Language Processing,Fundamentals of Sentiment Analysis,Beginner,23,Introduction to Sentiment Analysis,2,PDF Notes
Natural Language Processing,Quick Revision of Sentiment Analysis,Beginner,24,Fundamentals of Sentiment Analysis,1,PDF Notes
Natural Language Processing,Essential Terminology of Sentiment Analysis,Beginner,28,Quick Revision of Sentiment Analysis,2,PDF Notes
Natural Language Processing,Sentiment Analysis: Core Concepts,Intermediate,40,Essential Terminology of Sentiment Analysis,3,Quiz
Natural Language Processing,Sentiment Analysis: Practical Applications,Intermediate,43,Sentiment Analysis: Core Concepts,3,Case Study
Natural Language Processing,Problem Solving using Sentiment Analysis,Intermediate,48,Sentiment Analysis: Practical Applications,3,Video
Natural Language Processing,Common Mistakes in Sentiment Analysis,Intermediate,38,Problem Solving using Sentiment Analysis,4,Case Study
Natural Language Processing,Hands-on Practice for Sentiment Analysis,Intermediate,51,Common Mistakes in Sentiment Analysis,2,Case Study
Natural Language Processing,Advanced Sentiment Analysis Techniques,Advanced,77,Hands-on Practice for Sentiment Analysis,4,Interactive Lab
Natural Language Processing,Sentiment Analysis: Case Study & Project Work,Advanced,80,Advanced Sentiment Analysis Techniques,4,Case Study
Natural Language Processing,Mini Project on Sentiment Analysis,Advanced,100,Sentiment Analysis: Case Study & Project Work,5,Interactive Lab
Natural Language Processing,Real-world Applications of Sentiment Analysis,Advanced,91,Mini Project on Sentiment Analysis,5,Interactive Lab
Natural Language Processing,Interview Questions on Sentiment Analysis,Advanced,118,Real-world Applications of Sentiment Analysis,5,Interactive Lab
Natural Language Processing,Mastering Sentiment Analysis,Advanced,120,Interview Questions on Sentiment Analysis,5,Case Study
OOP,Introduction to Classes and Objects,Beginner,16,None,1,PDF Notes
OOP,Fundamentals of Classes and Objects,Beginner,20,Introduction to Classes and Objects,1,PDF Notes
OOP,Quick Revision of Classes and Objects,Beginner,19,Fundamentals of Classes and Objects,2,PDF Notes
OOP,Essential Terminology of Classes and Objects,Beginner,19,Quick Revision of Classes and Objects,1,Video
OOP,Classes and Objects: Core Concepts,Intermediate,38,Essential Terminology of Classes and Objects,2,Practice Problems
OOP,Classes and Objects: Practical Applications,Intermediate,56,Classes and Objects: Core Concepts,3,Case Study
OOP,Problem Solving using Classes and Objects,Intermediate,39,Classes and Objects: Practical Applications,2,Practice Problems
OOP,Common Mistakes in Classes and Objects,Intermediate,58,Problem Solving using Classes and Objects,4,Practice Problems
OOP,Hands-on Practice for Classes and Objects,Intermediate,35,Common Mistakes in Classes and Objects,3,Quiz
OOP,Advanced Classes and Objects Techniques,Advanced,64,Hands-on Practice for Classes and Objects,5,Mini Project
OOP,Classes and Objects: Case Study & Project Work,Advanced,118,Advanced Classes and Objects Techniques,5,Case Study
OOP,Mini Project on Classes and Objects,Advanced,106,Classes and Objects: Case Study & Project Work,4,Case Study
OOP,Real-world Applications of Classes and Objects,Advanced,110,Mini Project on Classes and Objects,5,Interactive Lab
OOP,Interview Questions on Classes and Objects,Advanced,63,Real-world Applications of Classes and Objects,5,Case Study
OOP,Mastering Classes and Objects,Advanced,107,Interview Questions on Classes and Objects,5,Practice Problems
OOP,Introduction to Inheritance,Beginner,17,Mastering Classes and Objects,2,Quiz
OOP,Fundamentals of Inheritance,Beginner,24,Introduction to Inheritance,2,PDF Notes
OOP,Quick Revision of Inheritance,Beginner,25,Fundamentals of Inheritance,2,Quiz
OOP,Essential Terminology of Inheritance,Beginner,19,Quick Revision of Inheritance,1,PDF Notes
OOP,Inheritance: Core Concepts,Intermediate,54,Essential Terminology of Inheritance,4,Quiz
OOP,Inheritance: Practical Applications,Intermediate,38,Inheritance: Core Concepts,2,Video
OOP,Problem Solving using Inheritance,Intermediate,59,Inheritance: Practical Applications,4,Practice Problems
OOP,Common Mistakes in Inheritance,Intermediate,52,Problem Solving using Inheritance,4,Video
OOP,Hands-on Practice for Inheritance,Intermediate,59,Common Mistakes in Inheritance,4,Quiz
OOP,Advanced Inheritance Techniques,Advanced,118,Hands-on Practice for Inheritance,4,Practice Problems
OOP,Inheritance: Case Study & Project Work,Advanced,87,Advanced Inheritance Techniques,5,Mini Project
OOP,Mini Project on Inheritance,Advanced,99,Inheritance: Case Study & Project Work,4,Case Study
OOP,Real-world Applications of Inheritance,Advanced,114,Mini Project on Inheritance,5,Interactive Lab
OOP,Interview Questions on Inheritance,Advanced,65,Real-world Applications of Inheritance,4,Practice Problems
OOP,Mastering Inheritance,Advanced,92,Interview Questions on Inheritance,4,Case Study
OOP,Introduction to Polymorphism,Beginner,19,Mastering Inheritance,2,Video
OOP,Fundamentals of Polymorphism,Beginner,29,Introduction to Polymorphism,1,Video
OOP,Quick Revision of Polymorphism,Beginner,25,Fundamentals of Polymorphism,1,Video
OOP,Essential Terminology of Polymorphism,Beginner,19,Quick Revision of Polymorphism,2,Video
OOP,Polymorphism: Core Concepts,Intermediate,53,Essential Terminology of Polymorphism,4,Quiz
OOP,Polymorphism: Practical Applications,Intermediate,58,Polymorphism: Core Concepts,2,Practice Problems
OOP,Problem Solving using Polymorphism,Intermediate,57,Polymorphism: Practical Applications,3,Video
OOP,Common Mistakes in Polymorphism,Intermediate,57,Problem Solving using Polymorphism,3,Quiz
OOP,Hands-on Practice for Polymorphism,Intermediate,47,Common Mistakes in Polymorphism,2,Practice Problems
OOP,Advanced Polymorphism Techniques,Advanced,85,Hands-on Practice for Polymorphism,4,Mini Project
OOP,Polymorphism: Case Study & Project Work,Advanced,75,Advanced Polymorphism Techniques,5,Practice Problems
OOP,Mini Project on Polymorphism,Advanced,72,Polymorphism: Case Study & Project Work,4,Practice Problems
OOP,Real-world Applications of Polymorphism,Advanced,83,Mini Project on Polymorphism,5,Case Study
OOP,Interview Questions on Polymorphism,Advanced,91,Real-world Applications of Polymorphism,5,Case Study
OOP,Mastering Polymorphism,Advanced,94,Interview Questions on Polymorphism,4,Mini Project
OOP,Introduction to Encapsulation,Beginner,19,Mastering Polymorphism,1,PDF Notes
OOP,Fundamentals of Encapsulation,Beginner,19,Introduction to Encapsulation,2,PDF Notes
OOP,Quick Revision of Encapsulation,Beginner,15,Fundamentals of Encapsulation,2,Video
OOP,Essential Terminology of Encapsulation,Beginner,29,Quick Revision of Encapsulation,1,PDF Notes
OOP,Encapsulation: Core Concepts,Intermediate,36,Essential Terminology of Encapsulation,3,Case Study
OOP,Encapsulation: Practical Applications,Intermediate,49,Encapsulation: Core Concepts,4,Case Study
OOP,Problem Solving using Encapsulation,Intermediate,45,Encapsulation: Practical Applications,2,Quiz
OOP,Common Mistakes in Encapsulation,Intermediate,57,Problem Solving using Encapsulation,2,Case Study
OOP,Hands-on Practice for Encapsulation,Intermediate,49,Common Mistakes in Encapsulation,3,Case Study
OOP,Advanced Encapsulation Techniques,Advanced,78,Hands-on Practice for Encapsulation,5,Case Study
OOP,Encapsulation: Case Study & Project Work,Advanced,71,Advanced Encapsulation Techniques,4,Mini Project
OOP,Mini Project on Encapsulation,Advanced,120,Encapsulation: Case Study & Project Work,5,Interactive Lab
OOP,Real-world Applications of Encapsulation,Advanced,113,Mini Project on Encapsulation,5,Case Study
OOP,Interview Questions on Encapsulation,Advanced,104,Real-world Applications of Encapsulation,4,Case Study
OOP,Mastering Encapsulation,Advanced,60,Interview Questions on Encapsulation,5,Case Study
OOP,Introduction to Abstraction,Beginner,23,Mastering Encapsulation,2,Quiz
OOP,Fundamentals of Abstraction,Beginner,25,Introduction to Abstraction,1,PDF Notes
OOP,Quick Revision of Abstraction,Beginner,25,Fundamentals of Abstraction,2,Quiz
OOP,Essential Terminology of Abstraction,Beginner,22,Quick Revision of Abstraction,1,Quiz
OOP,Abstraction: Core Concepts,Intermediate,54,Essential Terminology of Abstraction,2,Quiz
OOP,Abstraction: Practical Applications,Intermediate,59,Abstraction: Core Concepts,2,Video
OOP,Problem Solving using Abstraction,Intermediate,59,Abstraction: Practical Applications,2,Practice Problems
OOP,Common Mistakes in Abstraction,Intermediate,33,Problem Solving using Abstraction,3,Practice Problems
OOP,Hands-on Practice for Abstraction,Intermediate,32,Common Mistakes in Abstraction,2,Practice Problems
OOP,Advanced Abstraction Techniques,Advanced,109,Hands-on Practice for Abstraction,5,Practice Problems
OOP,Abstraction: Case Study & Project Work,Advanced,61,Advanced Abstraction Techniques,4,Mini Project
OOP,Mini Project on Abstraction,Advanced,113,Abstraction: Case Study & Project Work,4,Interactive Lab
OOP,Real-world Applications of Abstraction,Advanced,62,Mini Project on Abstraction,4,Interactive Lab
OOP,Interview Questions on Abstraction,Advanced,96,Real-world Applications of Abstraction,4,Case Study
OOP,Mastering Abstraction,Advanced,94,Interview Questions on Abstraction,5,Case Study
OOP,Introduction to Design Patterns,Beginner,26,Mastering Abstraction,2,PDF Notes
OOP,Fundamentals of Design Patterns,Beginner,16,Introduction to Design Patterns,2,Video
OOP,Quick Revision of Design Patterns,Beginner,30,Fundamentals of Design Patterns,2,Video
OOP,Essential Terminology of Design Patterns,Beginner,22,Quick Revision of Design Patterns,1,Video
OOP,Design Patterns: Core Concepts,Intermediate,37,Essential Terminology of Design Patterns,2,Case Study
OOP,Design Patterns: Practical Applications,Intermediate,59,Design Patterns: Core Concepts,4,Video
OOP,Problem Solving using Design Patterns,Intermediate,55,Design Patterns: Practical Applications,4,Case Study
OOP,Common Mistakes in Design Patterns,Intermediate,48,Problem Solving using Design Patterns,4,Practice Problems
OOP,Hands-on Practice for Design Patterns,Intermediate,36,Common Mistakes in Design Patterns,2,Case Study
OOP,Advanced Design Patterns Techniques,Advanced,100,Hands-on Practice for Design Patterns,4,Practice Problems
OOP,Design Patterns: Case Study & Project Work,Advanced,113,Advanced Design Patterns Techniques,5,Mini Project
OOP,Mini Project on Design Patterns,Advanced,70,Design Patterns: Case Study & Project Work,4,Interactive Lab
OOP,Real-world Applications of Design Patterns,Advanced,69,Mini Project on Design Patterns,4,Interactive Lab
OOP,Interview Questions on Design Patterns,Advanced,95,Real-world Applications of Design Patterns,5,Mini Project
OOP,Mastering Design Patterns,Advanced,78,Interview Questions on Design Patterns,5,Case Study
Operating Systems,Introduction to Process Management,Beginner,15,None,1,Video
Operating Systems,Fundamentals of Process Management,Beginner,15,Introduction to Process Management,2,Video
Operating Systems,Quick Revision of Process Management,Beginner,22,Fundamentals of Process Management,1,Quiz
Operating Systems,Essential Terminology of Process Management,Beginner,30,Quick Revision of Process Management,1,Quiz
Operating Systems,Process Management: Core Concepts,Intermediate,35,Essential Terminology of Process Management,3,Video
Operating Systems,Process Management: Practical Applications,Intermediate,40,Process Management: Core Concepts,2,Case Study
Operating Systems,Problem Solving using Process Management,Intermediate,58,Process Management: Practical Applications,3,Practice Problems
Operating Systems,Common Mistakes in Process Management,Intermediate,42,Problem Solving using Process Management,4,Quiz
Operating Systems,Hands-on Practice for Process Management,Intermediate,39,Common Mistakes in Process Management,3,Case Study
Operating Systems,Advanced Process Management Techniques,Advanced,87,Hands-on Practice for Process Management,5,Interactive Lab
Operating Systems,Process Management: Case Study & Project Work,Advanced,96,Advanced Process Management Techniques,4,Practice Problems
Operating Systems,Mini Project on Process Management,Advanced,71,Process Management: Case Study & Project Work,5,Case Study
Operating Systems,Real-world Applications of Process Management,Advanced,120,Mini Project on Process Management,5,Mini Project
Operating Systems,Interview Questions on Process Management,Advanced,61,Real-world Applications of Process Management,5,Interactive Lab
Operating Systems,Mastering Process Management,Advanced,104,Interview Questions on Process Management,4,Mini Project
Operating Systems,Introduction to Memory Management,Beginner,23,Mastering Process Management,2,PDF Notes
Operating Systems,Fundamentals of Memory Management,Beginner,29,Introduction to Memory Management,1,Video
Operating Systems,Quick Revision of Memory Management,Beginner,26,Fundamentals of Memory Management,2,PDF Notes
Operating Systems,Essential Terminology of Memory Management,Beginner,17,Quick Revision of Memory Management,1,Quiz
Operating Systems,Memory Management: Core Concepts,Intermediate,48,Essential Terminology of Memory Management,4,Video
Operating Systems,Memory Management: Practical Applications,Intermediate,39,Memory Management: Core Concepts,4,Practice Problems
Operating Systems,Problem Solving using Memory Management,Intermediate,55,Memory Management: Practical Applications,2,Practice Problems
Operating Systems,Common Mistakes in Memory Management,Intermediate,47,Problem Solving using Memory Management,4,Practice Problems
Operating Systems,Hands-on Practice for Memory Management,Intermediate,57,Common Mistakes in Memory Management,4,Video
Operating Systems,Advanced Memory Management Techniques,Advanced,114,Hands-on Practice for Memory Management,4,Case Study
Operating Systems,Memory Management: Case Study & Project Work,Advanced,117,Advanced Memory Management Techniques,5,Case Study
Operating Systems,Mini Project on Memory Management,Advanced,86,Memory Management: Case Study & Project Work,5,Case Study
Operating Systems,Real-world Applications of Memory Management,Advanced,84,Mini Project on Memory Management,5,Practice Problems
Operating Systems,Interview Questions on Memory Management,Advanced,67,Real-world Applications of Memory Management,4,Mini Project
Operating Systems,Mastering Memory Management,Advanced,96,Interview Questions on Memory Management,5,Interactive Lab
Operating Systems,Introduction to File Systems,Beginner,17,Mastering Memory Management,1,Video
Operating Systems,Fundamentals of File Systems,Beginner,18,Introduction to File Systems,2,Quiz
Operating Systems,Quick Revision of File Systems,Beginner,29,Fundamentals of File Systems,2,PDF Notes
Operating Systems,Essential Terminology of File Systems,Beginner,20,Quick Revision of File Systems,1,PDF Notes
Operating Systems,File Systems: Core Concepts,Intermediate,50,Essential Terminology of File Systems,2,Practice Problems
Operating Systems,File Systems: Practical Applications,Intermediate,47,File Systems: Core Concepts,2,Video
Operating Systems,Problem Solving using File Systems,Intermediate,33,File Systems: Practical Applications,4,Quiz
Operating Systems,Common Mistakes in File Systems,Intermediate,47,Problem Solving using File Systems,2,Quiz
Operating Systems,Hands-on Practice for File Systems,Intermediate,55,Common Mistakes in File Systems,4,Case Study
Operating Systems,Advanced File Systems Techniques,Advanced,103,Hands-on Practice for File Systems,4,Case Study
Operating Systems,File Systems: Case Study & Project Work,Advanced,75,Advanced File Systems Techniques,4,Mini Project
Operating Systems,Mini Project on File Systems,Advanced,112,File Systems: Case Study & Project Work,4,Case Study
Operating Systems,Real-world Applications of File Systems,Advanced,107,Mini Project on File Systems,4,Mini Project
Operating Systems,Interview Questions on File Systems,Advanced,103,Real-world Applications of File Systems,5,Case Study
Operating Systems,Mastering File Systems,Advanced,93,Interview Questions on File Systems,5,Interactive Lab
Operating Systems,Introduction to Scheduling Algorithms,Beginner,28,Mastering File Systems,2,Quiz
Operating Systems,Fundamentals of Scheduling Algorithms,Beginner,18,Introduction to Scheduling Algorithms,1,PDF Notes
Operating Systems,Quick Revision of Scheduling Algorithms,Beginner,30,Fundamentals of Scheduling Algorithms,1,PDF Notes
Operating Systems,Essential Terminology of Scheduling Algorithms,Beginner,17,Quick Revision of Scheduling Algorithms,1,Video
Operating Systems,Scheduling Algorithms: Core Concepts,Intermediate,50,Essential Terminology of Scheduling Algorithms,2,Practice Problems
Operating Systems,Scheduling Algorithms: Practical Applications,Intermediate,56,Scheduling Algorithms: Core Concepts,2,Quiz
Operating Systems,Problem Solving using Scheduling Algorithms,Intermediate,53,Scheduling Algorithms: Practical Applications,2,Case Study
Operating Systems,Common Mistakes in Scheduling Algorithms,Intermediate,49,Problem Solving using Scheduling Algorithms,3,Quiz
Operating Systems,Hands-on Practice for Scheduling Algorithms,Intermediate,50,Common Mistakes in Scheduling Algorithms,3,Case Study
Operating Systems,Advanced Scheduling Algorithms Techniques,Advanced,97,Hands-on Practice for Scheduling Algorithms,4,Practice Problems
Operating Systems,Scheduling Algorithms: Case Study & Project Work,Advanced,76,Advanced Scheduling Algorithms Techniques,5,Case Study
Operating Systems,Mini Project on Scheduling Algorithms,Advanced,81,Scheduling Algorithms: Case Study & Project Work,4,Interactive Lab
Operating Systems,Real-world Applications of Scheduling Algorithms,Advanced,88,Mini Project on Scheduling Algorithms,5,Case Study
Operating Systems,Interview Questions on Scheduling Algorithms,Advanced,89,Real-world Applications of Scheduling Algorithms,4,Case Study
Operating Systems,Mastering Scheduling Algorithms,Advanced,77,Interview Questions on Scheduling Algorithms,4,Mini Project
Operating Systems,Introduction to Deadlocks,Beginner,28,Mastering Scheduling Algorithms,2,PDF Notes
Operating Systems,Fundamentals of Deadlocks,Beginner,25,Introduction to Deadlocks,1,Quiz
Operating Systems,Quick Revision of Deadlocks,Beginner,21,Fundamentals of Deadlocks,2,Quiz
Operating Systems,Essential Terminology of Deadlocks,Beginner,16,Quick Revision of Deadlocks,1,Video
Operating Systems,Deadlocks: Core Concepts,Intermediate,53,Essential Terminology of Deadlocks,4,Video
Operating Systems,Deadlocks: Practical Applications,Intermediate,41,Deadlocks: Core Concepts,2,Practice Problems
Operating Systems,Problem Solving using Deadlocks,Intermediate,60,Deadlocks: Practical Applications,3,Case Study
Operating Systems,Common Mistakes in Deadlocks,Intermediate,57,Problem Solving using Deadlocks,2,Quiz
Operating Systems,Hands-on Practice for Deadlocks,Intermediate,41,Common Mistakes in Deadlocks,4,Practice Problems
Operating Systems,Advanced Deadlocks Techniques,Advanced,66,Hands-on Practice for Deadlocks,4,Mini Project
Operating Systems,Deadlocks: Case Study & Project Work,Advanced,83,Advanced Deadlocks Techniques,4,Case Study
Operating Systems,Mini Project on Deadlocks,Advanced,95,Deadlocks: Case Study & Project Work,4,Interactive Lab
Operating Systems,Real-world Applications of Deadlocks,Advanced,107,Mini Project on Deadlocks,4,Practice Problems
Operating Systems,Interview Questions on Deadlocks,Advanced,97,Real-world Applications of Deadlocks,5,Case Study
Operating Systems,Mastering Deadlocks,Advanced,88,Interview Questions on Deadlocks,5,Practice Problems
Operations Management,Introduction to Process Design,Beginner,29,None,1,Video
Operations Management,Fundamentals of Process Design,Beginner,20,Introduction to Process Design,2,Quiz
Operations Management,Quick Revision of Process Design,Beginner,27,Fundamentals of Process Design,1,PDF Notes
Operations Management,Essential Terminology of Process Design,Beginner,28,Quick Revision of Process Design,1,Video
Operations Management,Process Design: Core Concepts,Intermediate,49,Essential Terminology of Process Design,3,Video
Operations Management,Process Design: Practical Applications,Intermediate,34,Process Design: Core Concepts,2,Practice Problems
Operations Management,Problem Solving using Process Design,Intermediate,52,Process Design: Practical Applications,3,Video
Operations Management,Common Mistakes in Process Design,Intermediate,30,Problem Solving using Process Design,4,Case Study
Operations Management,Hands-on Practice for Process Design,Intermediate,44,Common Mistakes in Process Design,4,Video
Operations Management,Advanced Process Design Techniques,Advanced,86,Hands-on Practice for Process Design,5,Mini Project
Operations Management,Process Design: Case Study & Project Work,Advanced,111,Advanced Process Design Techniques,4,Practice Problems
Operations Management,Mini Project on Process Design,Advanced,67,Process Design: Case Study & Project Work,5,Case Study
Operations Management,Real-world Applications of Process Design,Advanced,75,Mini Project on Process Design,4,Case Study
Operations Management,Interview Questions on Process Design,Advanced,91,Real-world Applications of Process Design,4,Practice Problems
Operations Management,Mastering Process Design,Advanced,73,Interview Questions on Process Design,5,Practice Problems
Operations Management,Introduction to Inventory Management,Beginner,24,Mastering Process Design,1,PDF Notes
Operations Management,Fundamentals of Inventory Management,Beginner,25,Introduction to Inventory Management,2,Quiz
Operations Management,Quick Revision of Inventory Management,Beginner,25,Fundamentals of Inventory Management,1,Video
Operations Management,Essential Terminology of Inventory Management,Beginner,30,Quick Revision of Inventory Management,2,Video
Operations Management,Inventory Management: Core Concepts,Intermediate,42,Essential Terminology of Inventory Management,4,Practice Problems
Operations Management,Inventory Management: Practical Applications,Intermediate,40,Inventory Management: Core Concepts,2,Case Study
Operations Management,Problem Solving using Inventory Management,Intermediate,54,Inventory Management: Practical Applications,3,Quiz
Operations Management,Common Mistakes in Inventory Management,Intermediate,32,Problem Solving using Inventory Management,4,Video
Operations Management,Hands-on Practice for Inventory Management,Intermediate,49,Common Mistakes in Inventory Management,4,Video
Operations Management,Advanced Inventory Management Techniques,Advanced,86,Hands-on Practice for Inventory Management,4,Interactive Lab
Operations Management,Inventory Management: Case Study & Project Work,Advanced,100,Advanced Inventory Management Techniques,5,Interactive Lab
Operations Management,Mini Project on Inventory Management,Advanced,101,Inventory Management: Case Study & Project Work,4,Practice Problems
Operations Management,Real-world Applications of Inventory Management,Advanced,105,Mini Project on Inventory Management,4,Mini Project
Operations Management,Interview Questions on Inventory Management,Advanced,73,Real-world Applications of Inventory Management,5,Practice Problems
Operations Management,Mastering Inventory Management,Advanced,73,Interview Questions on Inventory Management,4,Practice Problems
Operations Management,Introduction to Quality Management,Beginner,16,Mastering Inventory Management,1,Quiz
Operations Management,Fundamentals of Quality Management,Beginner,22,Introduction to Quality Management,1,Quiz
Operations Management,Quick Revision of Quality Management,Beginner,17,Fundamentals of Quality Management,1,Video
Operations Management,Essential Terminology of Quality Management,Beginner,23,Quick Revision of Quality Management,2,Quiz
Operations Management,Quality Management: Core Concepts,Intermediate,54,Essential Terminology of Quality Management,3,Video
Operations Management,Quality Management: Practical Applications,Intermediate,53,Quality Management: Core Concepts,2,Case Study
Operations Management,Problem Solving using Quality Management,Intermediate,37,Quality Management: Practical Applications,2,Video
Operations Management,Common Mistakes in Quality Management,Intermediate,42,Problem Solving using Quality Management,4,Case Study
Operations Management,Hands-on Practice for Quality Management,Intermediate,46,Common Mistakes in Quality Management,3,Video
Operations Management,Advanced Quality Management Techniques,Advanced,73,Hands-on Practice for Quality Management,4,Interactive Lab
Operations Management,Quality Management: Case Study & Project Work,Advanced,89,Advanced Quality Management Techniques,4,Case Study
Operations Management,Mini Project on Quality Management,Advanced,86,Quality Management: Case Study & Project Work,4,Practice Problems
Operations Management,Real-world Applications of Quality Management,Advanced,110,Mini Project on Quality Management,5,Case Study
Operations Management,Interview Questions on Quality Management,Advanced,92,Real-world Applications of Quality Management,5,Mini Project
Operations Management,Mastering Quality Management,Advanced,75,Interview Questions on Quality Management,5,Practice Problems
Operations Management,Introduction to Supply Chain Management,Beginner,27,Mastering Quality Management,2,Quiz
Operations Management,Fundamentals of Supply Chain Management,Beginner,27,Introduction to Supply Chain Management,2,PDF Notes
Operations Management,Quick Revision of Supply Chain Management,Beginner,20,Fundamentals of Supply Chain Management,1,PDF Notes
Operations Management,Essential Terminology of Supply Chain Management,Beginner,19,Quick Revision of Supply Chain Management,1,Quiz
Operations Management,Supply Chain Management: Core Concepts,Intermediate,58,Essential Terminology of Supply Chain Management,3,Quiz
Operations Management,Supply Chain Management: Practical Applications,Intermediate,42,Supply Chain Management: Core Concepts,2,Case Study
Operations Management,Problem Solving using Supply Chain Management,Intermediate,44,Supply Chain Management: Practical Applications,2,Video
Operations Management,Common Mistakes in Supply Chain Management,Intermediate,41,Problem Solving using Supply Chain Management,2,Video
Operations Management,Hands-on Practice for Supply Chain Management,Intermediate,37,Common Mistakes in Supply Chain Management,2,Quiz
Operations Management,Advanced Supply Chain Management Techniques,Advanced,73,Hands-on Practice for Supply Chain Management,5,Practice Problems
Operations Management,Supply Chain Management: Case Study & Project Work,Advanced,95,Advanced Supply Chain Management Techniques,5,Interactive Lab
Operations Management,Mini Project on Supply Chain Management,Advanced,99,Supply Chain Management: Case Study & Project Work,4,Practice Problems
Operations Management,Real-world Applications of Supply Chain Management,Advanced,112,Mini Project on Supply Chain Management,4,Mini Project
Operations Management,Interview Questions on Supply Chain Management,Advanced,86,Real-world Applications of Supply Chain Management,4,Practice Problems
Operations Management,Mastering Supply Chain Management,Advanced,93,Interview Questions on Supply Chain Management,5,Practice Problems
Organizational Behavior,Introduction to Individual Behavior,Beginner,19,None,1,Quiz
Organizational Behavior,Fundamentals of Individual Behavior,Beginner,15,Introduction to Individual Behavior,1,Quiz
Organizational Behavior,Quick Revision of Individual Behavior,Beginner,26,Fundamentals of Individual Behavior,1,Quiz
Organizational Behavior,Essential Terminology of Individual Behavior,Beginner,29,Quick Revision of Individual Behavior,2,PDF Notes
Organizational Behavior,Individual Behavior: Core Concepts,Intermediate,51,Essential Terminology of Individual Behavior,2,Video
Organizational Behavior,Individual Behavior: Practical Applications,Intermediate,56,Individual Behavior: Core Concepts,3,Quiz
Organizational Behavior,Problem Solving using Individual Behavior,Intermediate,46,Individual Behavior: Practical Applications,2,Case Study
Organizational Behavior,Common Mistakes in Individual Behavior,Intermediate,51,Problem Solving using Individual Behavior,2,Quiz
Organizational Behavior,Hands-on Practice for Individual Behavior,Intermediate,50,Common Mistakes in Individual Behavior,4,Practice Problems
Organizational Behavior,Advanced Individual Behavior Techniques,Advanced,70,Hands-on Practice for Individual Behavior,5,Case Study
Organizational Behavior,Individual Behavior: Case Study & Project Work,Advanced,101,Advanced Individual Behavior Techniques,4,Interactive Lab
Organizational Behavior,Mini Project on Individual Behavior,Advanced,103,Individual Behavior: Case Study & Project Work,5,Interactive Lab
Organizational Behavior,Real-world Applications of Individual Behavior,Advanced,116,Mini Project on Individual Behavior,4,Mini Project
Organizational Behavior,Interview Questions on Individual Behavior,Advanced,94,Real-world Applications of Individual Behavior,5,Case Study
Organizational Behavior,Mastering Individual Behavior,Advanced,64,Interview Questions on Individual Behavior,4,Case Study
Organizational Behavior,Introduction to Group Dynamics,Beginner,26,Mastering Individual Behavior,2,Quiz
Organizational Behavior,Fundamentals of Group Dynamics,Beginner,19,Introduction to Group Dynamics,1,PDF Notes
Organizational Behavior,Quick Revision of Group Dynamics,Beginner,21,Fundamentals of Group Dynamics,2,PDF Notes
Organizational Behavior,Essential Terminology of Group Dynamics,Beginner,30,Quick Revision of Group Dynamics,2,Video
Organizational Behavior,Group Dynamics: Core Concepts,Intermediate,56,Essential Terminology of Group Dynamics,2,Video
Organizational Behavior,Group Dynamics: Practical Applications,Intermediate,50,Group Dynamics: Core Concepts,2,Video
Organizational Behavior,Problem Solving using Group Dynamics,Intermediate,44,Group Dynamics: Practical Applications,2,Video
Organizational Behavior,Common Mistakes in Group Dynamics,Intermediate,46,Problem Solving using Group Dynamics,4,Quiz
Organizational Behavior,Hands-on Practice for Group Dynamics,Intermediate,34,Common Mistakes in Group Dynamics,2,Practice Problems
Organizational Behavior,Advanced Group Dynamics Techniques,Advanced,106,Hands-on Practice for Group Dynamics,5,Interactive Lab
Organizational Behavior,Group Dynamics: Case Study & Project Work,Advanced,73,Advanced Group Dynamics Techniques,5,Interactive Lab
Organizational Behavior,Mini Project on Group Dynamics,Advanced,79,Group Dynamics: Case Study & Project Work,5,Practice Problems
Organizational Behavior,Real-world Applications of Group Dynamics,Advanced,92,Mini Project on Group Dynamics,5,Practice Problems
Organizational Behavior,Interview Questions on Group Dynamics,Advanced,64,Real-world Applications of Group Dynamics,5,Mini Project
Organizational Behavior,Mastering Group Dynamics,Advanced,83,Interview Questions on Group Dynamics,4,Practice Problems
Organizational Behavior,Introduction to Leadership,Beginner,21,Mastering Group Dynamics,2,PDF Notes
Organizational Behavior,Fundamentals of Leadership,Beginner,30,Introduction to Leadership,2,Quiz
Organizational Behavior,Quick Revision of Leadership,Beginner,28,Fundamentals of Leadership,1,Video
Organizational Behavior,Essential Terminology of Leadership,Beginner,26,Quick Revision of Leadership,2,Quiz
Organizational Behavior,Leadership: Core Concepts,Intermediate,58,Essential Terminology of Leadership,2,Video
Organizational Behavior,Leadership: Practical Applications,Intermediate,59,Leadership: Core Concepts,2,Quiz
Organizational Behavior,Problem Solving using Leadership,Intermediate,44,Leadership: Practical Applications,3,Practice Problems
Organizational Behavior,Common Mistakes in Leadership,Intermediate,41,Problem Solving using Leadership,4,Practice Problems
Organizational Behavior,Hands-on Practice for Leadership,Intermediate,60,Common Mistakes in Leadership,4,Video
Organizational Behavior,Advanced Leadership Techniques,Advanced,88,Hands-on Practice for Leadership,4,Interactive Lab
Organizational Behavior,Leadership: Case Study & Project Work,Advanced,111,Advanced Leadership Techniques,4,Interactive Lab
Organizational Behavior,Mini Project on Leadership,Advanced,112,Leadership: Case Study & Project Work,4,Practice Problems
Organizational Behavior,Real-world Applications of Leadership,Advanced,111,Mini Project on Leadership,4,Case Study
Organizational Behavior,Interview Questions on Leadership,Advanced,66,Real-world Applications of Leadership,4,Mini Project
Organizational Behavior,Mastering Leadership,Advanced,63,Interview Questions on Leadership,4,Interactive Lab
Organizational Behavior,Introduction to Organizational Culture,Beginner,25,Mastering Leadership,1,Video
Organizational Behavior,Fundamentals of Organizational Culture,Beginner,26,Introduction to Organizational Culture,2,Video
Organizational Behavior,Quick Revision of Organizational Culture,Beginner,20,Fundamentals of Organizational Culture,2,Quiz
Organizational Behavior,Essential Terminology of Organizational Culture,Beginner,16,Quick Revision of Organizational Culture,2,Quiz
Organizational Behavior,Organizational Culture: Core Concepts,Intermediate,47,Essential Terminology of Organizational Culture,2,Practice Problems
Organizational Behavior,Organizational Culture: Practical Applications,Intermediate,40,Organizational Culture: Core Concepts,2,Practice Problems
Organizational Behavior,Problem Solving using Organizational Culture,Intermediate,41,Organizational Culture: Practical Applications,2,Quiz
Organizational Behavior,Common Mistakes in Organizational Culture,Intermediate,49,Problem Solving using Organizational Culture,3,Practice Problems
Organizational Behavior,Hands-on Practice for Organizational Culture,Intermediate,48,Common Mistakes in Organizational Culture,4,Quiz
Organizational Behavior,Advanced Organizational Culture Techniques,Advanced,95,Hands-on Practice for Organizational Culture,5,Case Study
Organizational Behavior,Organizational Culture: Case Study & Project Work,Advanced,108,Advanced Organizational Culture Techniques,4,Case Study
Organizational Behavior,Mini Project on Organizational Culture,Advanced,114,Organizational Culture: Case Study & Project Work,4,Mini Project
Organizational Behavior,Real-world Applications of Organizational Culture,Advanced,100,Mini Project on Organizational Culture,4,Interactive Lab
Organizational Behavior,Interview Questions on Organizational Culture,Advanced,74,Real-world Applications of Organizational Culture,4,Case Study
Organizational Behavior,Mastering Organizational Culture,Advanced,78,Interview Questions on Organizational Culture,5,Case Study
Pathology,Introduction to Cell Injury,Beginner,20,None,2,Quiz
Pathology,Fundamentals of Cell Injury,Beginner,27,Introduction to Cell Injury,1,Video
Pathology,Quick Revision of Cell Injury,Beginner,25,Fundamentals of Cell Injury,1,Video
Pathology,Essential Terminology of Cell Injury,Beginner,15,Quick Revision of Cell Injury,1,Video
Pathology,Cell Injury: Core Concepts,Intermediate,51,Essential Terminology of Cell Injury,2,Video
Pathology,Cell Injury: Practical Applications,Intermediate,44,Cell Injury: Core Concepts,3,Quiz
Pathology,Problem Solving using Cell Injury,Intermediate,60,Cell Injury: Practical Applications,3,Video
Pathology,Common Mistakes in Cell Injury,Intermediate,59,Problem Solving using Cell Injury,3,Case Study
Pathology,Hands-on Practice for Cell Injury,Intermediate,41,Common Mistakes in Cell Injury,2,Case Study
Pathology,Advanced Cell Injury Techniques,Advanced,81,Hands-on Practice for Cell Injury,4,Case Study
Pathology,Cell Injury: Case Study & Project Work,Advanced,100,Advanced Cell Injury Techniques,5,Interactive Lab
Pathology,Mini Project on Cell Injury,Advanced,69,Cell Injury: Case Study & Project Work,5,Interactive Lab
Pathology,Real-world Applications of Cell Injury,Advanced,106,Mini Project on Cell Injury,4,Interactive Lab
Pathology,Interview Questions on Cell Injury,Advanced,112,Real-world Applications of Cell Injury,4,Mini Project
Pathology,Mastering Cell Injury,Advanced,117,Interview Questions on Cell Injury,4,Mini Project
Pathology,Introduction to Inflammation,Beginner,28,Mastering Cell Injury,2,PDF Notes
Pathology,Fundamentals of Inflammation,Beginner,26,Introduction to Inflammation,2,Quiz
Pathology,Quick Revision of Inflammation,Beginner,27,Fundamentals of Inflammation,1,PDF Notes
Pathology,Essential Terminology of Inflammation,Beginner,19,Quick Revision of Inflammation,1,Video
Pathology,Inflammation: Core Concepts,Intermediate,57,Essential Terminology of Inflammation,4,Case Study
Pathology,Inflammation: Practical Applications,Intermediate,54,Inflammation: Core Concepts,4,Video
Pathology,Problem Solving using Inflammation,Intermediate,47,Inflammation: Practical Applications,3,Case Study
Pathology,Common Mistakes in Inflammation,Intermediate,58,Problem Solving using Inflammation,2,Case Study
Pathology,Hands-on Practice for Inflammation,Intermediate,55,Common Mistakes in Inflammation,4,Case Study
Pathology,Advanced Inflammation Techniques,Advanced,78,Hands-on Practice for Inflammation,5,Case Study
Pathology,Inflammation: Case Study & Project Work,Advanced,101,Advanced Inflammation Techniques,5,Interactive Lab
Pathology,Mini Project on Inflammation,Advanced,92,Inflammation: Case Study & Project Work,5,Practice Problems
Pathology,Real-world Applications of Inflammation,Advanced,104,Mini Project on Inflammation,5,Case Study
Pathology,Interview Questions on Inflammation,Advanced,102,Real-world Applications of Inflammation,5,Case Study
Pathology,Mastering Inflammation,Advanced,78,Interview Questions on Inflammation,5,Case Study
Pathology,Introduction to Neoplasia,Beginner,29,Mastering Inflammation,1,Quiz
Pathology,Fundamentals of Neoplasia,Beginner,24,Introduction to Neoplasia,1,Video
Pathology,Quick Revision of Neoplasia,Beginner,30,Fundamentals of Neoplasia,1,Video
Pathology,Essential Terminology of Neoplasia,Beginner,23,Quick Revision of Neoplasia,1,Video
Pathology,Neoplasia: Core Concepts,Intermediate,31,Essential Terminology of Neoplasia,2,Case Study
Pathology,Neoplasia: Practical Applications,Intermediate,36,Neoplasia: Core Concepts,2,Case Study
Pathology,Problem Solving using Neoplasia,Intermediate,55,Neoplasia: Practical Applications,2,Video
Pathology,Common Mistakes in Neoplasia,Intermediate,41,Problem Solving using Neoplasia,4,Practice Problems
Pathology,Hands-on Practice for Neoplasia,Intermediate,41,Common Mistakes in Neoplasia,3,Practice Problems
Pathology,Advanced Neoplasia Techniques,Advanced,93,Hands-on Practice for Neoplasia,4,Interactive Lab
Pathology,Neoplasia: Case Study & Project Work,Advanced,63,Advanced Neoplasia Techniques,5,Practice Problems
Pathology,Mini Project on Neoplasia,Advanced,114,Neoplasia: Case Study & Project Work,5,Practice Problems
Pathology,Real-world Applications of Neoplasia,Advanced,69,Mini Project on Neoplasia,4,Mini Project
Pathology,Interview Questions on Neoplasia,Advanced,94,Real-world Applications of Neoplasia,4,Mini Project
Pathology,Mastering Neoplasia,Advanced,78,Interview Questions on Neoplasia,4,Interactive Lab
Pathology,Introduction to Systemic Pathology,Beginner,18,Mastering Neoplasia,1,PDF Notes
Pathology,Fundamentals of Systemic Pathology,Beginner,24,Introduction to Systemic Pathology,1,PDF Notes
Pathology,Quick Revision of Systemic Pathology,Beginner,27,Fundamentals of Systemic Pathology,1,Quiz
Pathology,Essential Terminology of Systemic Pathology,Beginner,21,Quick Revision of Systemic Pathology,2,PDF Notes
Pathology,Systemic Pathology: Core Concepts,Intermediate,48,Essential Terminology of Systemic Pathology,3,Practice Problems
Pathology,Systemic Pathology: Practical Applications,Intermediate,44,Systemic Pathology: Core Concepts,4,Practice Problems
Pathology,Problem Solving using Systemic Pathology,Intermediate,32,Systemic Pathology: Practical Applications,4,Video
Pathology,Common Mistakes in Systemic Pathology,Intermediate,45,Problem Solving using Systemic Pathology,4,Practice Problems
Pathology,Hands-on Practice for Systemic Pathology,Intermediate,48,Common Mistakes in Systemic Pathology,2,Case Study
Pathology,Advanced Systemic Pathology Techniques,Advanced,78,Hands-on Practice for Systemic Pathology,4,Case Study
Pathology,Systemic Pathology: Case Study & Project Work,Advanced,79,Advanced Systemic Pathology Techniques,4,Interactive Lab
Pathology,Mini Project on Systemic Pathology,Advanced,102,Systemic Pathology: Case Study & Project Work,4,Practice Problems
Pathology,Real-world Applications of Systemic Pathology,Advanced,74,Mini Project on Systemic Pathology,4,Mini Project
Pathology,Interview Questions on Systemic Pathology,Advanced,109,Real-world Applications of Systemic Pathology,5,Case Study
Pathology,Mastering Systemic Pathology,Advanced,63,Interview Questions on Systemic Pathology,5,Mini Project
Pathology,Introduction to Hematopathology,Beginner,21,Mastering Systemic Pathology,1,Quiz
Pathology,Fundamentals of Hematopathology,Beginner,16,Introduction to Hematopathology,1,PDF Notes
Pathology,Quick Revision of Hematopathology,Beginner,22,Fundamentals of Hematopathology,1,PDF Notes
Pathology,Essential Terminology of Hematopathology,Beginner,25,Quick Revision of Hematopathology,2,PDF Notes
Pathology,Hematopathology: Core Concepts,Intermediate,51,Essential Terminology of Hematopathology,2,Practice Problems
Pathology,Hematopathology: Practical Applications,Intermediate,32,Hematopathology: Core Concepts,4,Case Study
Pathology,Problem Solving using Hematopathology,Intermediate,37,Hematopathology: Practical Applications,4,Quiz
Pathology,Common Mistakes in Hematopathology,Intermediate,57,Problem Solving using Hematopathology,2,Practice Problems
Pathology,Hands-on Practice for Hematopathology,Intermediate,51,Common Mistakes in Hematopathology,3,Quiz
Pathology,Advanced Hematopathology Techniques,Advanced,92,Hands-on Practice for Hematopathology,5,Practice Problems
Pathology,Hematopathology: Case Study & Project Work,Advanced,96,Advanced Hematopathology Techniques,4,Case Study
Pathology,Mini Project on Hematopathology,Advanced,74,Hematopathology: Case Study & Project Work,5,Mini Project
Pathology,Real-world Applications of Hematopathology,Advanced,102,Mini Project on Hematopathology,5,Interactive Lab
Pathology,Interview Questions on Hematopathology,Advanced,93,Real-world Applications of Hematopathology,5,Practice Problems
Pathology,Mastering Hematopathology,Advanced,93,Interview Questions on Hematopathology,5,Practice Problems
Pharmacology,Introduction to Pharmacokinetics,Beginner,19,None,1,PDF Notes
Pharmacology,Fundamentals of Pharmacokinetics,Beginner,17,Introduction to Pharmacokinetics,2,Quiz
Pharmacology,Quick Revision of Pharmacokinetics,Beginner,15,Fundamentals of Pharmacokinetics,2,Video
Pharmacology,Essential Terminology of Pharmacokinetics,Beginner,26,Quick Revision of Pharmacokinetics,1,Video
Pharmacology,Pharmacokinetics: Core Concepts,Intermediate,33,Essential Terminology of Pharmacokinetics,2,Case Study
Pharmacology,Pharmacokinetics: Practical Applications,Intermediate,50,Pharmacokinetics: Core Concepts,3,Video
Pharmacology,Problem Solving using Pharmacokinetics,Intermediate,41,Pharmacokinetics: Practical Applications,2,Practice Problems
Pharmacology,Common Mistakes in Pharmacokinetics,Intermediate,41,Problem Solving using Pharmacokinetics,4,Quiz
Pharmacology,Hands-on Practice for Pharmacokinetics,Intermediate,46,Common Mistakes in Pharmacokinetics,3,Case Study
Pharmacology,Advanced Pharmacokinetics Techniques,Advanced,70,Hands-on Practice for Pharmacokinetics,4,Case Study
Pharmacology,Pharmacokinetics: Case Study & Project Work,Advanced,67,Advanced Pharmacokinetics Techniques,5,Practice Problems
Pharmacology,Mini Project on Pharmacokinetics,Advanced,67,Pharmacokinetics: Case Study & Project Work,5,Practice Problems
Pharmacology,Real-world Applications of Pharmacokinetics,Advanced,67,Mini Project on Pharmacokinetics,4,Case Study
Pharmacology,Interview Questions on Pharmacokinetics,Advanced,73,Real-world Applications of Pharmacokinetics,5,Mini Project
Pharmacology,Mastering Pharmacokinetics,Advanced,116,Interview Questions on Pharmacokinetics,4,Practice Problems
Pharmacology,Introduction to Pharmacodynamics,Beginner,27,Mastering Pharmacokinetics,1,Quiz
Pharmacology,Fundamentals of Pharmacodynamics,Beginner,26,Introduction to Pharmacodynamics,1,Quiz
Pharmacology,Quick Revision of Pharmacodynamics,Beginner,28,Fundamentals of Pharmacodynamics,2,Quiz
Pharmacology,Essential Terminology of Pharmacodynamics,Beginner,16,Quick Revision of Pharmacodynamics,1,Quiz
Pharmacology,Pharmacodynamics: Core Concepts,Intermediate,41,Essential Terminology of Pharmacodynamics,2,Case Study
Pharmacology,Pharmacodynamics: Practical Applications,Intermediate,33,Pharmacodynamics: Core Concepts,4,Quiz
Pharmacology,Problem Solving using Pharmacodynamics,Intermediate,32,Pharmacodynamics: Practical Applications,2,Video
Pharmacology,Common Mistakes in Pharmacodynamics,Intermediate,48,Problem Solving using Pharmacodynamics,3,Case Study
Pharmacology,Hands-on Practice for Pharmacodynamics,Intermediate,34,Common Mistakes in Pharmacodynamics,3,Quiz
Pharmacology,Advanced Pharmacodynamics Techniques,Advanced,73,Hands-on Practice for Pharmacodynamics,5,Case Study
Pharmacology,Pharmacodynamics: Case Study & Project Work,Advanced,113,Advanced Pharmacodynamics Techniques,5,Case Study
Pharmacology,Mini Project on Pharmacodynamics,Advanced,95,Pharmacodynamics: Case Study & Project Work,5,Practice Problems
Pharmacology,Real-world Applications of Pharmacodynamics,Advanced,84,Mini Project on Pharmacodynamics,5,Practice Problems
Pharmacology,Interview Questions on Pharmacodynamics,Advanced,98,Real-world Applications of Pharmacodynamics,4,Mini Project
Pharmacology,Mastering Pharmacodynamics,Advanced,80,Interview Questions on Pharmacodynamics,5,Practice Problems
Pharmacology,Introduction to Autonomic Drugs,Beginner,29,Mastering Pharmacodynamics,1,PDF Notes
Pharmacology,Fundamentals of Autonomic Drugs,Beginner,25,Introduction to Autonomic Drugs,2,Video
Pharmacology,Quick Revision of Autonomic Drugs,Beginner,15,Fundamentals of Autonomic Drugs,1,Video
Pharmacology,Essential Terminology of Autonomic Drugs,Beginner,19,Quick Revision of Autonomic Drugs,2,Video
Pharmacology,Autonomic Drugs: Core Concepts,Intermediate,46,Essential Terminology of Autonomic Drugs,4,Quiz
Pharmacology,Autonomic Drugs: Practical Applications,Intermediate,60,Autonomic Drugs: Core Concepts,4,Video
Pharmacology,Problem Solving using Autonomic Drugs,Intermediate,51,Autonomic Drugs: Practical Applications,3,Case Study
Pharmacology,Common Mistakes in Autonomic Drugs,Intermediate,52,Problem Solving using Autonomic Drugs,3,Quiz
Pharmacology,Hands-on Practice for Autonomic Drugs,Intermediate,45,Common Mistakes in Autonomic Drugs,3,Quiz
Pharmacology,Advanced Autonomic Drugs Techniques,Advanced,68,Hands-on Practice for Autonomic Drugs,5,Practice Problems
Pharmacology,Autonomic Drugs: Case Study & Project Work,Advanced,73,Advanced Autonomic Drugs Techniques,5,Case Study
Pharmacology,Mini Project on Autonomic Drugs,Advanced,101,Autonomic Drugs: Case Study & Project Work,5,Practice Problems
Pharmacology,Real-world Applications of Autonomic Drugs,Advanced,111,Mini Project on Autonomic Drugs,5,Interactive Lab
Pharmacology,Interview Questions on Autonomic Drugs,Advanced,104,Real-world Applications of Autonomic Drugs,4,Case Study
Pharmacology,Mastering Autonomic Drugs,Advanced,106,Interview Questions on Autonomic Drugs,5,Case Study
Pharmacology,Introduction to Antimicrobial Agents,Beginner,19,Mastering Autonomic Drugs,2,Quiz
Pharmacology,Fundamentals of Antimicrobial Agents,Beginner,29,Introduction to Antimicrobial Agents,1,Quiz
Pharmacology,Quick Revision of Antimicrobial Agents,Beginner,30,Fundamentals of Antimicrobial Agents,2,Video
Pharmacology,Essential Terminology of Antimicrobial Agents,Beginner,30,Quick Revision of Antimicrobial Agents,1,PDF Notes
Pharmacology,Antimicrobial Agents: Core Concepts,Intermediate,55,Essential Terminology of Antimicrobial Agents,3,Case Study
Pharmacology,Antimicrobial Agents: Practical Applications,Intermediate,44,Antimicrobial Agents: Core Concepts,3,Quiz
Pharmacology,Problem Solving using Antimicrobial Agents,Intermediate,55,Antimicrobial Agents: Practical Applications,2,Quiz
Pharmacology,Common Mistakes in Antimicrobial Agents,Intermediate,48,Problem Solving using Antimicrobial Agents,3,Case Study
Pharmacology,Hands-on Practice for Antimicrobial Agents,Intermediate,36,Common Mistakes in Antimicrobial Agents,3,Practice Problems
Pharmacology,Advanced Antimicrobial Agents Techniques,Advanced,105,Hands-on Practice for Antimicrobial Agents,5,Practice Problems
Pharmacology,Antimicrobial Agents: Case Study & Project Work,Advanced,79,Advanced Antimicrobial Agents Techniques,5,Mini Project
Pharmacology,Mini Project on Antimicrobial Agents,Advanced,64,Antimicrobial Agents: Case Study & Project Work,4,Practice Problems
Pharmacology,Real-world Applications of Antimicrobial Agents,Advanced,93,Mini Project on Antimicrobial Agents,5,Practice Problems
Pharmacology,Interview Questions on Antimicrobial Agents,Advanced,104,Real-world Applications of Antimicrobial Agents,4,Practice Problems
Pharmacology,Mastering Antimicrobial Agents,Advanced,66,Interview Questions on Antimicrobial Agents,4,Mini Project
Pharmacology,Introduction to CNS Drugs,Beginner,28,Mastering Antimicrobial Agents,2,Video
Pharmacology,Fundamentals of CNS Drugs,Beginner,15,Introduction to CNS Drugs,2,Video
Pharmacology,Quick Revision of CNS Drugs,Beginner,29,Fundamentals of CNS Drugs,2,Quiz
Pharmacology,Essential Terminology of CNS Drugs,Beginner,30,Quick Revision of CNS Drugs,2,Quiz
Pharmacology,CNS Drugs: Core Concepts,Intermediate,36,Essential Terminology of CNS Drugs,2,Case Study
Pharmacology,CNS Drugs: Practical Applications,Intermediate,51,CNS Drugs: Core Concepts,3,Case Study
Pharmacology,Problem Solving using CNS Drugs,Intermediate,53,CNS Drugs: Practical Applications,4,Practice Problems
Pharmacology,Common Mistakes in CNS Drugs,Intermediate,35,Problem Solving using CNS Drugs,3,Case Study
Pharmacology,Hands-on Practice for CNS Drugs,Intermediate,40,Common Mistakes in CNS Drugs,2,Quiz
Pharmacology,Advanced CNS Drugs Techniques,Advanced,65,Hands-on Practice for CNS Drugs,5,Interactive Lab
Pharmacology,CNS Drugs: Case Study & Project Work,Advanced,112,Advanced CNS Drugs Techniques,5,Case Study
Pharmacology,Mini Project on CNS Drugs,Advanced,71,CNS Drugs: Case Study & Project Work,5,Case Study
Pharmacology,Real-world Applications of CNS Drugs,Advanced,97,Mini Project on CNS Drugs,5,Mini Project
Pharmacology,Interview Questions on CNS Drugs,Advanced,104,Real-world Applications of CNS Drugs,4,Practice Problems
Pharmacology,Mastering CNS Drugs,Advanced,114,Interview Questions on CNS Drugs,4,Interactive Lab
Physics,Introduction to Mechanics,Beginner,22,None,2,Video
Physics,Fundamentals of Mechanics,Beginner,15,Introduction to Mechanics,1,Video
Physics,Quick Revision of Mechanics,Beginner,16,Fundamentals of Mechanics,2,PDF Notes
Physics,Essential Terminology of Mechanics,Beginner,27,Quick Revision of Mechanics,1,PDF Notes
Physics,Mechanics: Core Concepts,Intermediate,33,Essential Terminology of Mechanics,3,Quiz
Physics,Mechanics: Practical Applications,Intermediate,48,Mechanics: Core Concepts,3,Practice Problems
Physics,Problem Solving using Mechanics,Intermediate,59,Mechanics: Practical Applications,2,Case Study
Physics,Common Mistakes in Mechanics,Intermediate,50,Problem Solving using Mechanics,3,Quiz
Physics,Hands-on Practice for Mechanics,Intermediate,46,Common Mistakes in Mechanics,3,Quiz
Physics,Advanced Mechanics Techniques,Advanced,114,Hands-on Practice for Mechanics,4,Interactive Lab
Physics,Mechanics: Case Study & Project Work,Advanced,83,Advanced Mechanics Techniques,5,Mini Project
Physics,Mini Project on Mechanics,Advanced,105,Mechanics: Case Study & Project Work,5,Case Study
Physics,Real-world Applications of Mechanics,Advanced,96,Mini Project on Mechanics,4,Case Study
Physics,Interview Questions on Mechanics,Advanced,87,Real-world Applications of Mechanics,5,Interactive Lab
Physics,Mastering Mechanics,Advanced,89,Interview Questions on Mechanics,4,Case Study
Physics,Introduction to Thermodynamics,Beginner,24,Mastering Mechanics,2,PDF Notes
Physics,Fundamentals of Thermodynamics,Beginner,20,Introduction to Thermodynamics,2,PDF Notes
Physics,Quick Revision of Thermodynamics,Beginner,25,Fundamentals of Thermodynamics,2,Video
Physics,Essential Terminology of Thermodynamics,Beginner,29,Quick Revision of Thermodynamics,2,Quiz
Physics,Thermodynamics: Core Concepts,Intermediate,57,Essential Terminology of Thermodynamics,2,Quiz
Physics,Thermodynamics: Practical Applications,Intermediate,52,Thermodynamics: Core Concepts,3,Video
Physics,Problem Solving using Thermodynamics,Intermediate,60,Thermodynamics: Practical Applications,2,Case Study
Physics,Common Mistakes in Thermodynamics,Intermediate,44,Problem Solving using Thermodynamics,3,Quiz
Physics,Hands-on Practice for Thermodynamics,Intermediate,36,Common Mistakes in Thermodynamics,4,Practice Problems
Physics,Advanced Thermodynamics Techniques,Advanced,118,Hands-on Practice for Thermodynamics,4,Case Study
Physics,Thermodynamics: Case Study & Project Work,Advanced,106,Advanced Thermodynamics Techniques,5,Case Study
Physics,Mini Project on Thermodynamics,Advanced,90,Thermodynamics: Case Study & Project Work,4,Interactive Lab
Physics,Real-world Applications of Thermodynamics,Advanced,73,Mini Project on Thermodynamics,4,Interactive Lab
Physics,Interview Questions on Thermodynamics,Advanced,101,Real-world Applications of Thermodynamics,4,Interactive Lab
Physics,Mastering Thermodynamics,Advanced,92,Interview Questions on Thermodynamics,5,Case Study
Physics,Introduction to Electricity and Magnetism,Beginner,30,Mastering Thermodynamics,2,PDF Notes
Physics,Fundamentals of Electricity and Magnetism,Beginner,22,Introduction to Electricity and Magnetism,2,PDF Notes
Physics,Quick Revision of Electricity and Magnetism,Beginner,26,Fundamentals of Electricity and Magnetism,1,Quiz
Physics,Essential Terminology of Electricity and Magnetism,Beginner,18,Quick Revision of Electricity and Magnetism,2,PDF Notes
Physics,Electricity and Magnetism: Core Concepts,Intermediate,31,Essential Terminology of Electricity and Magnetism,4,Video
Physics,Electricity and Magnetism: Practical Applications,Intermediate,53,Electricity and Magnetism: Core Concepts,4,Case Study
Physics,Problem Solving using Electricity and Magnetism,Intermediate,38,Electricity and Magnetism: Practical Applications,4,Quiz
Physics,Common Mistakes in Electricity and Magnetism,Intermediate,37,Problem Solving using Electricity and Magnetism,3,Quiz
Physics,Hands-on Practice for Electricity and Magnetism,Intermediate,52,Common Mistakes in Electricity and Magnetism,2,Video
Physics,Advanced Electricity and Magnetism Techniques,Advanced,71,Hands-on Practice for Electricity and Magnetism,4,Mini Project
Physics,Electricity and Magnetism: Case Study & Project Work,Advanced,72,Advanced Electricity and Magnetism Techniques,5,Case Study
Physics,Mini Project on Electricity and Magnetism,Advanced,63,Electricity and Magnetism: Case Study & Project Work,5,Mini Project
Physics,Real-world Applications of Electricity and Magnetism,Advanced,110,Mini Project on Electricity and Magnetism,5,Case Study
Physics,Interview Questions on Electricity and Magnetism,Advanced,73,Real-world Applications of Electricity and Magnetism,5,Interactive Lab
Physics,Mastering Electricity and Magnetism,Advanced,67,Interview Questions on Electricity and Magnetism,5,Interactive Lab
Physics,Introduction to Optics,Beginner,20,Mastering Electricity and Magnetism,2,PDF Notes
Physics,Fundamentals of Optics,Beginner,16,Introduction to Optics,1,PDF Notes
Physics,Quick Revision of Optics,Beginner,20,Fundamentals of Optics,2,PDF Notes
Physics,Essential Terminology of Optics,Beginner,29,Quick Revision of Optics,1,Video
Physics,Optics: Core Concepts,Intermediate,58,Essential Terminology of Optics,2,Quiz
Physics,Optics: Practical Applications,Intermediate,48,Optics: Core Concepts,2,Video
Physics,Problem Solving using Optics,Intermediate,56,Optics: Practical Applications,2,Quiz
Physics,Common Mistakes in Optics,Intermediate,45,Problem Solving using Optics,2,Practice Problems
Physics,Hands-on Practice for Optics,Intermediate,40,Common Mistakes in Optics,2,Practice Problems
Physics,Advanced Optics Techniques,Advanced,82,Hands-on Practice for Optics,5,Mini Project
Physics,Optics: Case Study & Project Work,Advanced,84,Advanced Optics Techniques,4,Mini Project
Physics,Mini Project on Optics,Advanced,119,Optics: Case Study & Project Work,4,Practice Problems
Physics,Real-world Applications of Optics,Advanced,72,Mini Project on Optics,5,Case Study
Physics,Interview Questions on Optics,Advanced,93,Real-world Applications of Optics,5,Case Study
Physics,Mastering Optics,Advanced,97,Interview Questions on Optics,5,Mini Project
Physics,Introduction to Modern Physics,Beginner,28,Mastering Optics,2,Video
Physics,Fundamentals of Modern Physics,Beginner,22,Introduction to Modern Physics,2,Video
Physics,Quick Revision of Modern Physics,Beginner,16,Fundamentals of Modern Physics,2,Quiz
Physics,Essential Terminology of Modern Physics,Beginner,18,Quick Revision of Modern Physics,2,Video
Physics,Modern Physics: Core Concepts,Intermediate,32,Essential Terminology of Modern Physics,3,Practice Problems
Physics,Modern Physics: Practical Applications,Intermediate,52,Modern Physics: Core Concepts,2,Video
Physics,Problem Solving using Modern Physics,Intermediate,48,Modern Physics: Practical Applications,3,Quiz
Physics,Common Mistakes in Modern Physics,Intermediate,60,Problem Solving using Modern Physics,2,Case Study
Physics,Hands-on Practice for Modern Physics,Intermediate,55,Common Mistakes in Modern Physics,2,Case Study
Physics,Advanced Modern Physics Techniques,Advanced,88,Hands-on Practice for Modern Physics,4,Practice Problems
Physics,Modern Physics: Case Study & Project Work,Advanced,93,Advanced Modern Physics Techniques,4,Mini Project
Physics,Mini Project on Modern Physics,Advanced,96,Modern Physics: Case Study & Project Work,4,Practice Problems
Physics,Real-world Applications of Modern Physics,Advanced,93,Mini Project on Modern Physics,5,Mini Project
Physics,Interview Questions on Modern Physics,Advanced,64,Real-world Applications of Modern Physics,5,Mini Project
Physics,Mastering Modern Physics,Advanced,101,Interview Questions on Modern Physics,4,Mini Project
Physics,Introduction to Waves,Beginner,26,Mastering Modern Physics,1,Quiz
Physics,Fundamentals of Waves,Beginner,25,Introduction to Waves,1,Quiz
Physics,Quick Revision of Waves,Beginner,24,Fundamentals of Waves,1,Video
Physics,Essential Terminology of Waves,Beginner,23,Quick Revision of Waves,1,Video
Physics,Waves: Core Concepts,Intermediate,50,Essential Terminology of Waves,2,Video
Physics,Waves: Practical Applications,Intermediate,45,Waves: Core Concepts,3,Practice Problems
Physics,Problem Solving using Waves,Intermediate,40,Waves: Practical Applications,4,Quiz
Physics,Common Mistakes in Waves,Intermediate,33,Problem Solving using Waves,2,Video
Physics,Hands-on Practice for Waves,Intermediate,30,Common Mistakes in Waves,3,Practice Problems
Physics,Advanced Waves Techniques,Advanced,88,Hands-on Practice for Waves,5,Interactive Lab
Physics,Waves: Case Study & Project Work,Advanced,100,Advanced Waves Techniques,5,Practice Problems
Physics,Mini Project on Waves,Advanced,119,Waves: Case Study & Project Work,5,Interactive Lab
Physics,Real-world Applications of Waves,Advanced,66,Mini Project on Waves,5,Practice Problems
Physics,Interview Questions on Waves,Advanced,104,Real-world Applications of Waves,4,Interactive Lab
Physics,Mastering Waves,Advanced,84,Interview Questions on Waves,5,Practice Problems
Physiology,Introduction to Cell Physiology,Beginner,24,None,1,Quiz
Physiology,Fundamentals of Cell Physiology,Beginner,30,Introduction to Cell Physiology,2,Quiz
Physiology,Quick Revision of Cell Physiology,Beginner,28,Fundamentals of Cell Physiology,1,PDF Notes
Physiology,Essential Terminology of Cell Physiology,Beginner,19,Quick Revision of Cell Physiology,1,Quiz
Physiology,Cell Physiology: Core Concepts,Intermediate,30,Essential Terminology of Cell Physiology,2,Video
Physiology,Cell Physiology: Practical Applications,Intermediate,58,Cell Physiology: Core Concepts,4,Case Study
Physiology,Problem Solving using Cell Physiology,Intermediate,45,Cell Physiology: Practical Applications,4,Case Study
Physiology,Common Mistakes in Cell Physiology,Intermediate,50,Problem Solving using Cell Physiology,2,Quiz
Physiology,Hands-on Practice for Cell Physiology,Intermediate,46,Common Mistakes in Cell Physiology,2,Case Study
Physiology,Advanced Cell Physiology Techniques,Advanced,117,Hands-on Practice for Cell Physiology,5,Interactive Lab
Physiology,Cell Physiology: Case Study & Project Work,Advanced,109,Advanced Cell Physiology Techniques,4,Practice Problems
Physiology,Mini Project on Cell Physiology,Advanced,120,Cell Physiology: Case Study & Project Work,4,Interactive Lab
Physiology,Real-world Applications of Cell Physiology,Advanced,74,Mini Project on Cell Physiology,5,Mini Project
Physiology,Interview Questions on Cell Physiology,Advanced,76,Real-world Applications of Cell Physiology,5,Interactive Lab
Physiology,Mastering Cell Physiology,Advanced,116,Interview Questions on Cell Physiology,5,Interactive Lab
Physiology,Introduction to Cardiovascular Physiology,Beginner,25,Mastering Cell Physiology,1,Quiz
Physiology,Fundamentals of Cardiovascular Physiology,Beginner,15,Introduction to Cardiovascular Physiology,2,PDF Notes
Physiology,Quick Revision of Cardiovascular Physiology,Beginner,15,Fundamentals of Cardiovascular Physiology,1,Quiz
Physiology,Essential Terminology of Cardiovascular Physiology,Beginner,15,Quick Revision of Cardiovascular Physiology,1,Video
Physiology,Cardiovascular Physiology: Core Concepts,Intermediate,43,Essential Terminology of Cardiovascular Physiology,4,Practice Problems
Physiology,Cardiovascular Physiology: Practical Applications,Intermediate,56,Cardiovascular Physiology: Core Concepts,3,Quiz
Physiology,Problem Solving using Cardiovascular Physiology,Intermediate,59,Cardiovascular Physiology: Practical Applications,3,Video
Physiology,Common Mistakes in Cardiovascular Physiology,Intermediate,52,Problem Solving using Cardiovascular Physiology,3,Video
Physiology,Hands-on Practice for Cardiovascular Physiology,Intermediate,48,Common Mistakes in Cardiovascular Physiology,4,Case Study
Physiology,Advanced Cardiovascular Physiology Techniques,Advanced,82,Hands-on Practice for Cardiovascular Physiology,5,Practice Problems
Physiology,Cardiovascular Physiology: Case Study & Project Work,Advanced,78,Advanced Cardiovascular Physiology Techniques,5,Case Study
Physiology,Mini Project on Cardiovascular Physiology,Advanced,116,Cardiovascular Physiology: Case Study & Project Work,5,Practice Problems
Physiology,Real-world Applications of Cardiovascular Physiology,Advanced,115,Mini Project on Cardiovascular Physiology,5,Mini Project
Physiology,Interview Questions on Cardiovascular Physiology,Advanced,66,Real-world Applications of Cardiovascular Physiology,5,Interactive Lab
Physiology,Mastering Cardiovascular Physiology,Advanced,66,Interview Questions on Cardiovascular Physiology,5,Practice Problems
Physiology,Introduction to Respiratory Physiology,Beginner,24,Mastering Cardiovascular Physiology,2,PDF Notes
Physiology,Fundamentals of Respiratory Physiology,Beginner,17,Introduction to Respiratory Physiology,1,Video
Physiology,Quick Revision of Respiratory Physiology,Beginner,18,Fundamentals of Respiratory Physiology,2,Video
Physiology,Essential Terminology of Respiratory Physiology,Beginner,16,Quick Revision of Respiratory Physiology,2,PDF Notes
Physiology,Respiratory Physiology: Core Concepts,Intermediate,46,Essential Terminology of Respiratory Physiology,3,Quiz
Physiology,Respiratory Physiology: Practical Applications,Intermediate,41,Respiratory Physiology: Core Concepts,3,Quiz
Physiology,Problem Solving using Respiratory Physiology,Intermediate,59,Respiratory Physiology: Practical Applications,2,Practice Problems
Physiology,Common Mistakes in Respiratory Physiology,Intermediate,47,Problem Solving using Respiratory Physiology,3,Case Study
Physiology,Hands-on Practice for Respiratory Physiology,Intermediate,41,Common Mistakes in Respiratory Physiology,2,Video
Physiology,Advanced Respiratory Physiology Techniques,Advanced,113,Hands-on Practice for Respiratory Physiology,5,Interactive Lab
Physiology,Respiratory Physiology: Case Study & Project Work,Advanced,89,Advanced Respiratory Physiology Techniques,5,Practice Problems
Physiology,Mini Project on Respiratory Physiology,Advanced,85,Respiratory Physiology: Case Study & Project Work,5,Practice Problems
Physiology,Real-world Applications of Respiratory Physiology,Advanced,69,Mini Project on Respiratory Physiology,5,Case Study
Physiology,Interview Questions on Respiratory Physiology,Advanced,102,Real-world Applications of Respiratory Physiology,5,Mini Project
Physiology,Mastering Respiratory Physiology,Advanced,73,Interview Questions on Respiratory Physiology,5,Case Study
Physiology,Introduction to Renal Physiology,Beginner,29,Mastering Respiratory Physiology,1,Video
Physiology,Fundamentals of Renal Physiology,Beginner,16,Introduction to Renal Physiology,2,PDF Notes
Physiology,Quick Revision of Renal Physiology,Beginner,21,Fundamentals of Renal Physiology,2,PDF Notes
Physiology,Essential Terminology of Renal Physiology,Beginner,21,Quick Revision of Renal Physiology,1,Quiz
Physiology,Renal Physiology: Core Concepts,Intermediate,44,Essential Terminology of Renal Physiology,2,Case Study
Physiology,Renal Physiology: Practical Applications,Intermediate,60,Renal Physiology: Core Concepts,4,Practice Problems
Physiology,Problem Solving using Renal Physiology,Intermediate,31,Renal Physiology: Practical Applications,3,Quiz
Physiology,Common Mistakes in Renal Physiology,Intermediate,41,Problem Solving using Renal Physiology,4,Video
Physiology,Hands-on Practice for Renal Physiology,Intermediate,38,Common Mistakes in Renal Physiology,4,Practice Problems
Physiology,Advanced Renal Physiology Techniques,Advanced,76,Hands-on Practice for Renal Physiology,4,Interactive Lab
Physiology,Renal Physiology: Case Study & Project Work,Advanced,96,Advanced Renal Physiology Techniques,4,Mini Project
Physiology,Mini Project on Renal Physiology,Advanced,110,Renal Physiology: Case Study & Project Work,5,Practice Problems
Physiology,Real-world Applications of Renal Physiology,Advanced,66,Mini Project on Renal Physiology,5,Practice Problems
Physiology,Interview Questions on Renal Physiology,Advanced,71,Real-world Applications of Renal Physiology,4,Case Study
Physiology,Mastering Renal Physiology,Advanced,92,Interview Questions on Renal Physiology,4,Interactive Lab
Physiology,Introduction to Endocrine Physiology,Beginner,21,Mastering Renal Physiology,2,Video
Physiology,Fundamentals of Endocrine Physiology,Beginner,16,Introduction to Endocrine Physiology,1,Video
Physiology,Quick Revision of Endocrine Physiology,Beginner,29,Fundamentals of Endocrine Physiology,2,Video
Physiology,Essential Terminology of Endocrine Physiology,Beginner,19,Quick Revision of Endocrine Physiology,1,Video
Physiology,Endocrine Physiology: Core Concepts,Intermediate,51,Essential Terminology of Endocrine Physiology,2,Case Study
Physiology,Endocrine Physiology: Practical Applications,Intermediate,48,Endocrine Physiology: Core Concepts,2,Case Study
Physiology,Problem Solving using Endocrine Physiology,Intermediate,57,Endocrine Physiology: Practical Applications,3,Quiz
Physiology,Common Mistakes in Endocrine Physiology,Intermediate,51,Problem Solving using Endocrine Physiology,3,Case Study
Physiology,Hands-on Practice for Endocrine Physiology,Intermediate,37,Common Mistakes in Endocrine Physiology,4,Quiz
Physiology,Advanced Endocrine Physiology Techniques,Advanced,84,Hands-on Practice for Endocrine Physiology,5,Practice Problems
Physiology,Endocrine Physiology: Case Study & Project Work,Advanced,116,Advanced Endocrine Physiology Techniques,4,Practice Problems
Physiology,Mini Project on Endocrine Physiology,Advanced,82,Endocrine Physiology: Case Study & Project Work,5,Practice Problems
Physiology,Real-world Applications of Endocrine Physiology,Advanced,93,Mini Project on Endocrine Physiology,5,Mini Project
Physiology,Interview Questions on Endocrine Physiology,Advanced,87,Real-world Applications of Endocrine Physiology,4,Case Study
Physiology,Mastering Endocrine Physiology,Advanced,98,Interview Questions on Endocrine Physiology,5,Case Study
Political Science,Introduction to Political Theory,Beginner,20,None,2,PDF Notes
Political Science,Fundamentals of Political Theory,Beginner,22,Introduction to Political Theory,1,Video
Political Science,Quick Revision of Political Theory,Beginner,15,Fundamentals of Political Theory,2,Video
Political Science,Essential Terminology of Political Theory,Beginner,23,Quick Revision of Political Theory,1,Quiz
Political Science,Political Theory: Core Concepts,Intermediate,47,Essential Terminology of Political Theory,2,Case Study
Political Science,Political Theory: Practical Applications,Intermediate,36,Political Theory: Core Concepts,4,Video
Political Science,Problem Solving using Political Theory,Intermediate,45,Political Theory: Practical Applications,2,Video
Political Science,Common Mistakes in Political Theory,Intermediate,45,Problem Solving using Political Theory,3,Case Study
Political Science,Hands-on Practice for Political Theory,Intermediate,48,Common Mistakes in Political Theory,4,Case Study
Political Science,Advanced Political Theory Techniques,Advanced,114,Hands-on Practice for Political Theory,5,Case Study
Political Science,Political Theory: Case Study & Project Work,Advanced,61,Advanced Political Theory Techniques,4,Mini Project
Political Science,Mini Project on Political Theory,Advanced,89,Political Theory: Case Study & Project Work,4,Case Study
Political Science,Real-world Applications of Political Theory,Advanced,104,Mini Project on Political Theory,5,Interactive Lab
Political Science,Interview Questions on Political Theory,Advanced,97,Real-world Applications of Political Theory,4,Case Study
Political Science,Mastering Political Theory,Advanced,69,Interview Questions on Political Theory,5,Case Study
Political Science,Introduction to Indian Constitution,Beginner,24,Mastering Political Theory,2,Quiz
Political Science,Fundamentals of Indian Constitution,Beginner,18,Introduction to Indian Constitution,1,Video
Political Science,Quick Revision of Indian Constitution,Beginner,18,Fundamentals of Indian Constitution,1,Quiz
Political Science,Essential Terminology of Indian Constitution,Beginner,28,Quick Revision of Indian Constitution,2,PDF Notes
Political Science,Indian Constitution: Core Concepts,Intermediate,43,Essential Terminology of Indian Constitution,2,Video
Political Science,Indian Constitution: Practical Applications,Intermediate,55,Indian Constitution: Core Concepts,4,Practice Problems
Political Science,Problem Solving using Indian Constitution,Intermediate,45,Indian Constitution: Practical Applications,2,Video
Political Science,Common Mistakes in Indian Constitution,Intermediate,47,Problem Solving using Indian Constitution,3,Practice Problems
Political Science,Hands-on Practice for Indian Constitution,Intermediate,39,Common Mistakes in Indian Constitution,2,Practice Problems
Political Science,Advanced Indian Constitution Techniques,Advanced,109,Hands-on Practice for Indian Constitution,4,Practice Problems
Political Science,Indian Constitution: Case Study & Project Work,Advanced,97,Advanced Indian Constitution Techniques,4,Practice Problems
Political Science,Mini Project on Indian Constitution,Advanced,90,Indian Constitution: Case Study & Project Work,5,Interactive Lab
Political Science,Real-world Applications of Indian Constitution,Advanced,96,Mini Project on Indian Constitution,4,Mini Project
Political Science,Interview Questions on Indian Constitution,Advanced,61,Real-world Applications of Indian Constitution,4,Interactive Lab
Political Science,Mastering Indian Constitution,Advanced,101,Interview Questions on Indian Constitution,5,Mini Project
Political Science,Introduction to Comparative Politics,Beginner,24,Mastering Indian Constitution,2,Video
Political Science,Fundamentals of Comparative Politics,Beginner,18,Introduction to Comparative Politics,1,Quiz
Political Science,Quick Revision of Comparative Politics,Beginner,27,Fundamentals of Comparative Politics,2,Quiz
Political Science,Essential Terminology of Comparative Politics,Beginner,19,Quick Revision of Comparative Politics,1,Video
Political Science,Comparative Politics: Core Concepts,Intermediate,57,Essential Terminology of Comparative Politics,2,Practice Problems
Political Science,Comparative Politics: Practical Applications,Intermediate,38,Comparative Politics: Core Concepts,3,Practice Problems
Political Science,Problem Solving using Comparative Politics,Intermediate,43,Comparative Politics: Practical Applications,4,Practice Problems
Political Science,Common Mistakes in Comparative Politics,Intermediate,37,Problem Solving using Comparative Politics,2,Case Study
Political Science,Hands-on Practice for Comparative Politics,Intermediate,32,Common Mistakes in Comparative Politics,2,Practice Problems
Political Science,Advanced Comparative Politics Techniques,Advanced,76,Hands-on Practice for Comparative Politics,4,Case Study
Political Science,Comparative Politics: Case Study & Project Work,Advanced,67,Advanced Comparative Politics Techniques,4,Interactive Lab
Political Science,Mini Project on Comparative Politics,Advanced,112,Comparative Politics: Case Study & Project Work,5,Case Study
Political Science,Real-world Applications of Comparative Politics,Advanced,105,Mini Project on Comparative Politics,4,Practice Problems
Political Science,Interview Questions on Comparative Politics,Advanced,87,Real-world Applications of Comparative Politics,5,Case Study
Political Science,Mastering Comparative Politics,Advanced,76,Interview Questions on Comparative Politics,4,Practice Problems
Political Science,Introduction to International Relations,Beginner,17,Mastering Comparative Politics,1,PDF Notes
Political Science,Fundamentals of International Relations,Beginner,29,Introduction to International Relations,1,Video
Political Science,Quick Revision of International Relations,Beginner,30,Fundamentals of International Relations,1,Video
Political Science,Essential Terminology of International Relations,Beginner,23,Quick Revision of International Relations,1,Video
Political Science,International Relations: Core Concepts,Intermediate,51,Essential Terminology of International Relations,3,Quiz
Political Science,International Relations: Practical Applications,Intermediate,53,International Relations: Core Concepts,3,Quiz
Political Science,Problem Solving using International Relations,Intermediate,59,International Relations: Practical Applications,4,Quiz
Political Science,Common Mistakes in International Relations,Intermediate,34,Problem Solving using International Relations,2,Quiz
Political Science,Hands-on Practice for International Relations,Intermediate,30,Common Mistakes in International Relations,2,Case Study
Political Science,Advanced International Relations Techniques,Advanced,106,Hands-on Practice for International Relations,5,Practice Problems
Political Science,International Relations: Case Study & Project Work,Advanced,111,Advanced International Relations Techniques,5,Practice Problems
Political Science,Mini Project on International Relations,Advanced,116,International Relations: Case Study & Project Work,5,Mini Project
Political Science,Real-world Applications of International Relations,Advanced,86,Mini Project on International Relations,5,Practice Problems
Political Science,Interview Questions on International Relations,Advanced,111,Real-world Applications of International Relations,5,Case Study
Political Science,Mastering International Relations,Advanced,105,Interview Questions on International Relations,4,Mini Project
Principles of Management,Introduction to Planning,Beginner,29,None,1,Quiz
Principles of Management,Fundamentals of Planning,Beginner,18,Introduction to Planning,2,PDF Notes
Principles of Management,Quick Revision of Planning,Beginner,17,Fundamentals of Planning,1,Video
Principles of Management,Essential Terminology of Planning,Beginner,28,Quick Revision of Planning,2,Quiz
Principles of Management,Planning: Core Concepts,Intermediate,59,Essential Terminology of Planning,3,Video
Principles of Management,Planning: Practical Applications,Intermediate,32,Planning: Core Concepts,3,Quiz
Principles of Management,Problem Solving using Planning,Intermediate,39,Planning: Practical Applications,2,Quiz
Principles of Management,Common Mistakes in Planning,Intermediate,42,Problem Solving using Planning,4,Video
Principles of Management,Hands-on Practice for Planning,Intermediate,40,Common Mistakes in Planning,3,Case Study
Principles of Management,Advanced Planning Techniques,Advanced,94,Hands-on Practice for Planning,4,Mini Project
Principles of Management,Planning: Case Study & Project Work,Advanced,99,Advanced Planning Techniques,5,Interactive Lab
Principles of Management,Mini Project on Planning,Advanced,103,Planning: Case Study & Project Work,5,Mini Project
Principles of Management,Real-world Applications of Planning,Advanced,94,Mini Project on Planning,5,Interactive Lab
Principles of Management,Interview Questions on Planning,Advanced,72,Real-world Applications of Planning,5,Practice Problems
Principles of Management,Mastering Planning,Advanced,113,Interview Questions on Planning,4,Case Study
Principles of Management,Introduction to Organizing,Beginner,25,Mastering Planning,2,Quiz
Principles of Management,Fundamentals of Organizing,Beginner,20,Introduction to Organizing,2,Quiz
Principles of Management,Quick Revision of Organizing,Beginner,23,Fundamentals of Organizing,1,PDF Notes
Principles of Management,Essential Terminology of Organizing,Beginner,17,Quick Revision of Organizing,1,Quiz
Principles of Management,Organizing: Core Concepts,Intermediate,45,Essential Terminology of Organizing,4,Practice Problems
Principles of Management,Organizing: Practical Applications,Intermediate,53,Organizing: Core Concepts,4,Case Study
Principles of Management,Problem Solving using Organizing,Intermediate,35,Organizing: Practical Applications,4,Case Study
Principles of Management,Common Mistakes in Organizing,Intermediate,57,Problem Solving using Organizing,4,Quiz
Principles of Management,Hands-on Practice for Organizing,Intermediate,41,Common Mistakes in Organizing,3,Quiz
Principles of Management,Advanced Organizing Techniques,Advanced,81,Hands-on Practice for Organizing,4,Case Study
Principles of Management,Organizing: Case Study & Project Work,Advanced,81,Advanced Organizing Techniques,5,Interactive Lab
Principles of Management,Mini Project on Organizing,Advanced,105,Organizing: Case Study & Project Work,5,Case Study
Principles of Management,Real-world Applications of Organizing,Advanced,119,Mini Project on Organizing,4,Mini Project
Principles of Management,Interview Questions on Organizing,Advanced,96,Real-world Applications of Organizing,4,Mini Project
Principles of Management,Mastering Organizing,Advanced,84,Interview Questions on Organizing,4,Practice Problems
Principles of Management,Introduction to Staffing,Beginner,26,Mastering Organizing,2,Quiz
Principles of Management,Fundamentals of Staffing,Beginner,29,Introduction to Staffing,1,Video
Principles of Management,Quick Revision of Staffing,Beginner,29,Fundamentals of Staffing,2,Quiz
Principles of Management,Essential Terminology of Staffing,Beginner,24,Quick Revision of Staffing,2,PDF Notes
Principles of Management,Staffing: Core Concepts,Intermediate,48,Essential Terminology of Staffing,4,Quiz
Principles of Management,Staffing: Practical Applications,Intermediate,37,Staffing: Core Concepts,3,Case Study
Principles of Management,Problem Solving using Staffing,Intermediate,52,Staffing: Practical Applications,2,Video
Principles of Management,Common Mistakes in Staffing,Intermediate,56,Problem Solving using Staffing,4,Practice Problems
Principles of Management,Hands-on Practice for Staffing,Intermediate,44,Common Mistakes in Staffing,2,Case Study
Principles of Management,Advanced Staffing Techniques,Advanced,78,Hands-on Practice for Staffing,4,Practice Problems
Principles of Management,Staffing: Case Study & Project Work,Advanced,64,Advanced Staffing Techniques,4,Practice Problems
Principles of Management,Mini Project on Staffing,Advanced,117,Staffing: Case Study & Project Work,5,Mini Project
Principles of Management,Real-world Applications of Staffing,Advanced,85,Mini Project on Staffing,5,Interactive Lab
Principles of Management,Interview Questions on Staffing,Advanced,66,Real-world Applications of Staffing,4,Practice Problems
Principles of Management,Mastering Staffing,Advanced,114,Interview Questions on Staffing,5,Interactive Lab
Principles of Management,Introduction to Directing,Beginner,22,Mastering Staffing,1,Video
Principles of Management,Fundamentals of Directing,Beginner,29,Introduction to Directing,2,PDF Notes
Principles of Management,Quick Revision of Directing,Beginner,30,Fundamentals of Directing,1,PDF Notes
Principles of Management,Essential Terminology of Directing,Beginner,19,Quick Revision of Directing,2,PDF Notes
Principles of Management,Directing: Core Concepts,Intermediate,54,Essential Terminology of Directing,3,Quiz
Principles of Management,Directing: Practical Applications,Intermediate,33,Directing: Core Concepts,2,Practice Problems
Principles of Management,Problem Solving using Directing,Intermediate,33,Directing: Practical Applications,3,Video
Principles of Management,Common Mistakes in Directing,Intermediate,33,Problem Solving using Directing,3,Quiz
Principles of Management,Hands-on Practice for Directing,Intermediate,42,Common Mistakes in Directing,3,Video
Principles of Management,Advanced Directing Techniques,Advanced,77,Hands-on Practice for Directing,4,Interactive Lab
Principles of Management,Directing: Case Study & Project Work,Advanced,75,Advanced Directing Techniques,4,Mini Project
Principles of Management,Mini Project on Directing,Advanced,116,Directing: Case Study & Project Work,4,Interactive Lab
Principles of Management,Real-world Applications of Directing,Advanced,65,Mini Project on Directing,5,Case Study
Principles of Management,Interview Questions on Directing,Advanced,107,Real-world Applications of Directing,5,Practice Problems
Principles of Management,Mastering Directing,Advanced,92,Interview Questions on Directing,5,Interactive Lab
Principles of Management,Introduction to Controlling,Beginner,29,Mastering Directing,1,Quiz
Principles of Management,Fundamentals of Controlling,Beginner,25,Introduction to Controlling,2,Video
Principles of Management,Quick Revision of Controlling,Beginner,28,Fundamentals of Controlling,2,PDF Notes
Principles of Management,Essential Terminology of Controlling,Beginner,16,Quick Revision of Controlling,2,PDF Notes
Principles of Management,Controlling: Core Concepts,Intermediate,46,Essential Terminology of Controlling,4,Video
Principles of Management,Controlling: Practical Applications,Intermediate,33,Controlling: Core Concepts,2,Practice Problems
Principles of Management,Problem Solving using Controlling,Intermediate,40,Controlling: Practical Applications,2,Quiz
Principles of Management,Common Mistakes in Controlling,Intermediate,39,Problem Solving using Controlling,2,Video
Principles of Management,Hands-on Practice for Controlling,Intermediate,53,Common Mistakes in Controlling,4,Quiz
Principles of Management,Advanced Controlling Techniques,Advanced,67,Hands-on Practice for Controlling,4,Interactive Lab
Principles of Management,Controlling: Case Study & Project Work,Advanced,86,Advanced Controlling Techniques,5,Mini Project
Principles of Management,Mini Project on Controlling,Advanced,86,Controlling: Case Study & Project Work,5,Practice Problems
Principles of Management,Real-world Applications of Controlling,Advanced,61,Mini Project on Controlling,4,Mini Project
Principles of Management,Interview Questions on Controlling,Advanced,62,Real-world Applications of Controlling,4,Mini Project
Principles of Management,Mastering Controlling,Advanced,76,Interview Questions on Controlling,5,Mini Project
Programming Fundamentals,Introduction to Variables and Data Types,Beginner,17,None,1,PDF Notes
Programming Fundamentals,Fundamentals of Variables and Data Types,Beginner,28,Introduction to Variables and Data Types,2,Quiz
Programming Fundamentals,Quick Revision of Variables and Data Types,Beginner,29,Fundamentals of Variables and Data Types,1,Video
Programming Fundamentals,Essential Terminology of Variables and Data Types,Beginner,25,Quick Revision of Variables and Data Types,1,Video
Programming Fundamentals,Variables and Data Types: Core Concepts,Intermediate,54,Essential Terminology of Variables and Data Types,2,Quiz
Programming Fundamentals,Variables and Data Types: Practical Applications,Intermediate,58,Variables and Data Types: Core Concepts,2,Practice Problems
Programming Fundamentals,Problem Solving using Variables and Data Types,Intermediate,31,Variables and Data Types: Practical Applications,3,Practice Problems
Programming Fundamentals,Common Mistakes in Variables and Data Types,Intermediate,40,Problem Solving using Variables and Data Types,2,Video
Programming Fundamentals,Hands-on Practice for Variables and Data Types,Intermediate,54,Common Mistakes in Variables and Data Types,2,Case Study
Programming Fundamentals,Advanced Variables and Data Types Techniques,Advanced,62,Hands-on Practice for Variables and Data Types,5,Practice Problems
Programming Fundamentals,Variables and Data Types: Case Study & Project Work,Advanced,102,Advanced Variables and Data Types Techniques,4,Practice Problems
Programming Fundamentals,Mini Project on Variables and Data Types,Advanced,91,Variables and Data Types: Case Study & Project Work,4,Interactive Lab
Programming Fundamentals,Real-world Applications of Variables and Data Types,Advanced,112,Mini Project on Variables and Data Types,5,Practice Problems
Programming Fundamentals,Interview Questions on Variables and Data Types,Advanced,110,Real-world Applications of Variables and Data Types,5,Case Study
Programming Fundamentals,Mastering Variables and Data Types,Advanced,85,Interview Questions on Variables and Data Types,5,Case Study
Programming Fundamentals,Introduction to Control Structures,Beginner,21,Mastering Variables and Data Types,1,PDF Notes
Programming Fundamentals,Fundamentals of Control Structures,Beginner,26,Introduction to Control Structures,1,PDF Notes
Programming Fundamentals,Quick Revision of Control Structures,Beginner,23,Fundamentals of Control Structures,2,Quiz
Programming Fundamentals,Essential Terminology of Control Structures,Beginner,26,Quick Revision of Control Structures,2,PDF Notes
Programming Fundamentals,Control Structures: Core Concepts,Intermediate,46,Essential Terminology of Control Structures,3,Video
Programming Fundamentals,Control Structures: Practical Applications,Intermediate,36,Control Structures: Core Concepts,4,Quiz
Programming Fundamentals,Problem Solving using Control Structures,Intermediate,35,Control Structures: Practical Applications,2,Case Study
Programming Fundamentals,Common Mistakes in Control Structures,Intermediate,53,Problem Solving using Control Structures,4,Practice Problems
Programming Fundamentals,Hands-on Practice for Control Structures,Intermediate,44,Common Mistakes in Control Structures,3,Practice Problems
Programming Fundamentals,Advanced Control Structures Techniques,Advanced,112,Hands-on Practice for Control Structures,5,Mini Project
Programming Fundamentals,Control Structures: Case Study & Project Work,Advanced,91,Advanced Control Structures Techniques,5,Practice Problems
Programming Fundamentals,Mini Project on Control Structures,Advanced,98,Control Structures: Case Study & Project Work,5,Mini Project
Programming Fundamentals,Real-world Applications of Control Structures,Advanced,106,Mini Project on Control Structures,5,Interactive Lab
Programming Fundamentals,Interview Questions on Control Structures,Advanced,71,Real-world Applications of Control Structures,5,Case Study
Programming Fundamentals,Mastering Control Structures,Advanced,85,Interview Questions on Control Structures,5,Case Study
Programming Fundamentals,Introduction to Functions,Beginner,17,Mastering Control Structures,2,Quiz
Programming Fundamentals,Fundamentals of Functions,Beginner,16,Introduction to Functions,1,Quiz
Programming Fundamentals,Quick Revision of Functions,Beginner,15,Fundamentals of Functions,1,Quiz
Programming Fundamentals,Essential Terminology of Functions,Beginner,23,Quick Revision of Functions,1,Quiz
Programming Fundamentals,Functions: Core Concepts,Intermediate,30,Essential Terminology of Functions,4,Practice Problems
Programming Fundamentals,Functions: Practical Applications,Intermediate,36,Functions: Core Concepts,4,Case Study
Programming Fundamentals,Problem Solving using Functions,Intermediate,45,Functions: Practical Applications,4,Quiz
Programming Fundamentals,Common Mistakes in Functions,Intermediate,39,Problem Solving using Functions,3,Video
Programming Fundamentals,Hands-on Practice for Functions,Intermediate,50,Common Mistakes in Functions,2,Practice Problems
Programming Fundamentals,Advanced Functions Techniques,Advanced,96,Hands-on Practice for Functions,4,Case Study
Programming Fundamentals,Functions: Case Study & Project Work,Advanced,116,Advanced Functions Techniques,4,Practice Problems
Programming Fundamentals,Mini Project on Functions,Advanced,81,Functions: Case Study & Project Work,4,Interactive Lab
Programming Fundamentals,Real-world Applications of Functions,Advanced,86,Mini Project on Functions,5,Interactive Lab
Programming Fundamentals,Interview Questions on Functions,Advanced,63,Real-world Applications of Functions,5,Case Study
Programming Fundamentals,Mastering Functions,Advanced,107,Interview Questions on Functions,4,Mini Project
Programming Fundamentals,Introduction to Arrays,Beginner,17,Mastering Functions,1,Quiz
Programming Fundamentals,Fundamentals of Arrays,Beginner,26,Introduction to Arrays,1,Video
Programming Fundamentals,Quick Revision of Arrays,Beginner,29,Fundamentals of Arrays,2,Video
Programming Fundamentals,Essential Terminology of Arrays,Beginner,20,Quick Revision of Arrays,2,PDF Notes
Programming Fundamentals,Arrays: Core Concepts,Intermediate,46,Essential Terminology of Arrays,2,Case Study
Programming Fundamentals,Arrays: Practical Applications,Intermediate,50,Arrays: Core Concepts,4,Practice Problems
Programming Fundamentals,Problem Solving using Arrays,Intermediate,41,Arrays: Practical Applications,2,Practice Problems
Programming Fundamentals,Common Mistakes in Arrays,Intermediate,54,Problem Solving using Arrays,2,Quiz
Programming Fundamentals,Hands-on Practice for Arrays,Intermediate,39,Common Mistakes in Arrays,4,Quiz
Programming Fundamentals,Advanced Arrays Techniques,Advanced,107,Hands-on Practice for Arrays,4,Interactive Lab
Programming Fundamentals,Arrays: Case Study & Project Work,Advanced,62,Advanced Arrays Techniques,5,Practice Problems
Programming Fundamentals,Mini Project on Arrays,Advanced,89,Arrays: Case Study & Project Work,5,Mini Project
Programming Fundamentals,Real-world Applications of Arrays,Advanced,104,Mini Project on Arrays,4,Interactive Lab
Programming Fundamentals,Interview Questions on Arrays,Advanced,115,Real-world Applications of Arrays,4,Mini Project
Programming Fundamentals,Mastering Arrays,Advanced,91,Interview Questions on Arrays,4,Interactive Lab
Programming Fundamentals,Introduction to Basic I/O,Beginner,28,Mastering Arrays,1,Video
Programming Fundamentals,Fundamentals of Basic I/O,Beginner,26,Introduction to Basic I/O,1,Video
Programming Fundamentals,Quick Revision of Basic I/O,Beginner,26,Fundamentals of Basic I/O,2,PDF Notes
Programming Fundamentals,Essential Terminology of Basic I/O,Beginner,18,Quick Revision of Basic I/O,2,Video
Programming Fundamentals,Basic I/O: Core Concepts,Intermediate,47,Essential Terminology of Basic I/O,4,Video
Programming Fundamentals,Basic I/O: Practical Applications,Intermediate,54,Basic I/O: Core Concepts,2,Video
Programming Fundamentals,Problem Solving using Basic I/O,Intermediate,51,Basic I/O: Practical Applications,2,Case Study
Programming Fundamentals,Common Mistakes in Basic I/O,Intermediate,42,Problem Solving using Basic I/O,3,Quiz
Programming Fundamentals,Hands-on Practice for Basic I/O,Intermediate,49,Common Mistakes in Basic I/O,3,Practice Problems
Programming Fundamentals,Advanced Basic I/O Techniques,Advanced,107,Hands-on Practice for Basic I/O,5,Mini Project
Programming Fundamentals,Basic I/O: Case Study & Project Work,Advanced,65,Advanced Basic I/O Techniques,5,Case Study
Programming Fundamentals,Mini Project on Basic I/O,Advanced,73,Basic I/O: Case Study & Project Work,5,Case Study
Programming Fundamentals,Real-world Applications of Basic I/O,Advanced,79,Mini Project on Basic I/O,4,Case Study
Programming Fundamentals,Interview Questions on Basic I/O,Advanced,103,Real-world Applications of Basic I/O,4,Practice Problems
Programming Fundamentals,Mastering Basic I/O,Advanced,85,Interview Questions on Basic I/O,5,Interactive Lab
Radiology,Introduction to X-Ray Interpretation,Beginner,28,None,2,Video
Radiology,Fundamentals of X-Ray Interpretation,Beginner,18,Introduction to X-Ray Interpretation,2,PDF Notes
Radiology,Quick Revision of X-Ray Interpretation,Beginner,20,Fundamentals of X-Ray Interpretation,2,Quiz
Radiology,Essential Terminology of X-Ray Interpretation,Beginner,22,Quick Revision of X-Ray Interpretation,2,Video
Radiology,X-Ray Interpretation: Core Concepts,Intermediate,57,Essential Terminology of X-Ray Interpretation,3,Quiz
Radiology,X-Ray Interpretation: Practical Applications,Intermediate,60,X-Ray Interpretation: Core Concepts,2,Video
Radiology,Problem Solving using X-Ray Interpretation,Intermediate,46,X-Ray Interpretation: Practical Applications,2,Video
Radiology,Common Mistakes in X-Ray Interpretation,Intermediate,47,Problem Solving using X-Ray Interpretation,3,Practice Problems
Radiology,Hands-on Practice for X-Ray Interpretation,Intermediate,50,Common Mistakes in X-Ray Interpretation,2,Case Study
Radiology,Advanced X-Ray Interpretation Techniques,Advanced,63,Hands-on Practice for X-Ray Interpretation,5,Practice Problems
Radiology,X-Ray Interpretation: Case Study & Project Work,Advanced,108,Advanced X-Ray Interpretation Techniques,4,Mini Project
Radiology,Mini Project on X-Ray Interpretation,Advanced,110,X-Ray Interpretation: Case Study & Project Work,4,Practice Problems
Radiology,Real-world Applications of X-Ray Interpretation,Advanced,64,Mini Project on X-Ray Interpretation,4,Interactive Lab
Radiology,Interview Questions on X-Ray Interpretation,Advanced,82,Real-world Applications of X-Ray Interpretation,5,Mini Project
Radiology,Mastering X-Ray Interpretation,Advanced,96,Interview Questions on X-Ray Interpretation,5,Practice Problems
Radiology,Introduction to CT Imaging,Beginner,28,Mastering X-Ray Interpretation,1,Quiz
Radiology,Fundamentals of CT Imaging,Beginner,26,Introduction to CT Imaging,2,Quiz
Radiology,Quick Revision of CT Imaging,Beginner,30,Fundamentals of CT Imaging,1,Quiz
Radiology,Essential Terminology of CT Imaging,Beginner,17,Quick Revision of CT Imaging,1,Video
Radiology,CT Imaging: Core Concepts,Intermediate,47,Essential Terminology of CT Imaging,2,Practice Problems
Radiology,CT Imaging: Practical Applications,Intermediate,44,CT Imaging: Core Concepts,4,Case Study
Radiology,Problem Solving using CT Imaging,Intermediate,57,CT Imaging: Practical Applications,3,Quiz
Radiology,Common Mistakes in CT Imaging,Intermediate,42,Problem Solving using CT Imaging,4,Practice Problems
Radiology,Hands-on Practice for CT Imaging,Intermediate,52,Common Mistakes in CT Imaging,4,Quiz
Radiology,Advanced CT Imaging Techniques,Advanced,105,Hands-on Practice for CT Imaging,4,Practice Problems
Radiology,CT Imaging: Case Study & Project Work,Advanced,75,Advanced CT Imaging Techniques,4,Practice Problems
Radiology,Mini Project on CT Imaging,Advanced,95,CT Imaging: Case Study & Project Work,4,Practice Problems
Radiology,Real-world Applications of CT Imaging,Advanced,83,Mini Project on CT Imaging,4,Interactive Lab
Radiology,Interview Questions on CT Imaging,Advanced,104,Real-world Applications of CT Imaging,5,Practice Problems
Radiology,Mastering CT Imaging,Advanced,118,Interview Questions on CT Imaging,5,Interactive Lab
Radiology,Introduction to MRI Basics,Beginner,15,Mastering CT Imaging,1,PDF Notes
Radiology,Fundamentals of MRI Basics,Beginner,16,Introduction to MRI Basics,1,Quiz
Radiology,Quick Revision of MRI Basics,Beginner,20,Fundamentals of MRI Basics,1,Video
Radiology,Essential Terminology of MRI Basics,Beginner,25,Quick Revision of MRI Basics,2,PDF Notes
Radiology,MRI Basics: Core Concepts,Intermediate,45,Essential Terminology of MRI Basics,3,Case Study
Radiology,MRI Basics: Practical Applications,Intermediate,46,MRI Basics: Core Concepts,2,Practice Problems
Radiology,Problem Solving using MRI Basics,Intermediate,35,MRI Basics: Practical Applications,4,Video
Radiology,Common Mistakes in MRI Basics,Intermediate,43,Problem Solving using MRI Basics,3,Quiz
Radiology,Hands-on Practice for MRI Basics,Intermediate,35,Common Mistakes in MRI Basics,4,Quiz
Radiology,Advanced MRI Basics Techniques,Advanced,103,Hands-on Practice for MRI Basics,4,Case Study
Radiology,MRI Basics: Case Study & Project Work,Advanced,72,Advanced MRI Basics Techniques,5,Case Study
Radiology,Mini Project on MRI Basics,Advanced,77,MRI Basics: Case Study & Project Work,4,Interactive Lab
Radiology,Real-world Applications of MRI Basics,Advanced,76,Mini Project on MRI Basics,4,Case Study
Radiology,Interview Questions on MRI Basics,Advanced,79,Real-world Applications of MRI Basics,5,Interactive Lab
Radiology,Mastering MRI Basics,Advanced,107,Interview Questions on MRI Basics,5,Interactive Lab
Radiology,Introduction to Ultrasound Techniques,Beginner,20,Mastering MRI Basics,2,PDF Notes
Radiology,Fundamentals of Ultrasound Techniques,Beginner,27,Introduction to Ultrasound Techniques,2,Quiz
Radiology,Quick Revision of Ultrasound Techniques,Beginner,21,Fundamentals of Ultrasound Techniques,2,Quiz
Radiology,Essential Terminology of Ultrasound Techniques,Beginner,20,Quick Revision of Ultrasound Techniques,1,PDF Notes
Radiology,Ultrasound Techniques: Core Concepts,Intermediate,57,Essential Terminology of Ultrasound Techniques,2,Case Study
Radiology,Ultrasound Techniques: Practical Applications,Intermediate,41,Ultrasound Techniques: Core Concepts,3,Quiz
Radiology,Problem Solving using Ultrasound Techniques,Intermediate,54,Ultrasound Techniques: Practical Applications,2,Practice Problems
Radiology,Common Mistakes in Ultrasound Techniques,Intermediate,52,Problem Solving using Ultrasound Techniques,3,Practice Problems
Radiology,Hands-on Practice for Ultrasound Techniques,Intermediate,49,Common Mistakes in Ultrasound Techniques,2,Quiz
Radiology,Advanced Ultrasound Techniques Techniques,Advanced,94,Hands-on Practice for Ultrasound Techniques,4,Practice Problems
Radiology,Ultrasound Techniques: Case Study & Project Work,Advanced,92,Advanced Ultrasound Techniques Techniques,4,Case Study
Radiology,Mini Project on Ultrasound Techniques,Advanced,68,Ultrasound Techniques: Case Study & Project Work,5,Case Study
Radiology,Real-world Applications of Ultrasound Techniques,Advanced,68,Mini Project on Ultrasound Techniques,4,Practice Problems
Radiology,Interview Questions on Ultrasound Techniques,Advanced,62,Real-world Applications of Ultrasound Techniques,4,Case Study
Radiology,Mastering Ultrasound Techniques,Advanced,95,Interview Questions on Ultrasound Techniques,5,Case Study
Reinforcement Learning,Introduction to Markov Decision Processes,Beginner,21,None,2,PDF Notes
Reinforcement Learning,Fundamentals of Markov Decision Processes,Beginner,16,Introduction to Markov Decision Processes,2,Quiz
Reinforcement Learning,Quick Revision of Markov Decision Processes,Beginner,19,Fundamentals of Markov Decision Processes,1,Quiz
Reinforcement Learning,Essential Terminology of Markov Decision Processes,Beginner,20,Quick Revision of Markov Decision Processes,2,PDF Notes
Reinforcement Learning,Markov Decision Processes: Core Concepts,Intermediate,41,Essential Terminology of Markov Decision Processes,4,Video
Reinforcement Learning,Markov Decision Processes: Practical Applications,Intermediate,30,Markov Decision Processes: Core Concepts,4,Video
Reinforcement Learning,Problem Solving using Markov Decision Processes,Intermediate,47,Markov Decision Processes: Practical Applications,3,Practice Problems
Reinforcement Learning,Common Mistakes in Markov Decision Processes,Intermediate,59,Problem Solving using Markov Decision Processes,3,Quiz
Reinforcement Learning,Hands-on Practice for Markov Decision Processes,Intermediate,58,Common Mistakes in Markov Decision Processes,2,Practice Problems
Reinforcement Learning,Advanced Markov Decision Processes Techniques,Advanced,79,Hands-on Practice for Markov Decision Processes,5,Mini Project
Reinforcement Learning,Markov Decision Processes: Case Study & Project Work,Advanced,64,Advanced Markov Decision Processes Techniques,5,Interactive Lab
Reinforcement Learning,Mini Project on Markov Decision Processes,Advanced,117,Markov Decision Processes: Case Study & Project Work,4,Practice Problems
Reinforcement Learning,Real-world Applications of Markov Decision Processes,Advanced,67,Mini Project on Markov Decision Processes,4,Case Study
Reinforcement Learning,Interview Questions on Markov Decision Processes,Advanced,71,Real-world Applications of Markov Decision Processes,4,Mini Project
Reinforcement Learning,Mastering Markov Decision Processes,Advanced,86,Interview Questions on Markov Decision Processes,5,Mini Project
Reinforcement Learning,Introduction to Q-Learning,Beginner,15,Mastering Markov Decision Processes,2,PDF Notes
Reinforcement Learning,Fundamentals of Q-Learning,Beginner,18,Introduction to Q-Learning,2,Video
Reinforcement Learning,Quick Revision of Q-Learning,Beginner,25,Fundamentals of Q-Learning,1,PDF Notes
Reinforcement Learning,Essential Terminology of Q-Learning,Beginner,15,Quick Revision of Q-Learning,1,Quiz
Reinforcement Learning,Q-Learning: Core Concepts,Intermediate,31,Essential Terminology of Q-Learning,2,Video
Reinforcement Learning,Q-Learning: Practical Applications,Intermediate,41,Q-Learning: Core Concepts,3,Practice Problems
Reinforcement Learning,Problem Solving using Q-Learning,Intermediate,39,Q-Learning: Practical Applications,3,Video
Reinforcement Learning,Common Mistakes in Q-Learning,Intermediate,46,Problem Solving using Q-Learning,3,Practice Problems
Reinforcement Learning,Hands-on Practice for Q-Learning,Intermediate,32,Common Mistakes in Q-Learning,3,Practice Problems
Reinforcement Learning,Advanced Q-Learning Techniques,Advanced,80,Hands-on Practice for Q-Learning,5,Mini Project
Reinforcement Learning,Q-Learning: Case Study & Project Work,Advanced,62,Advanced Q-Learning Techniques,4,Case Study
Reinforcement Learning,Mini Project on Q-Learning,Advanced,80,Q-Learning: Case Study & Project Work,4,Mini Project
Reinforcement Learning,Real-world Applications of Q-Learning,Advanced,117,Mini Project on Q-Learning,5,Practice Problems
Reinforcement Learning,Interview Questions on Q-Learning,Advanced,83,Real-world Applications of Q-Learning,4,Mini Project
Reinforcement Learning,Mastering Q-Learning,Advanced,63,Interview Questions on Q-Learning,5,Practice Problems
Reinforcement Learning,Introduction to Policy Gradients,Beginner,22,Mastering Q-Learning,1,PDF Notes
Reinforcement Learning,Fundamentals of Policy Gradients,Beginner,16,Introduction to Policy Gradients,2,PDF Notes
Reinforcement Learning,Quick Revision of Policy Gradients,Beginner,30,Fundamentals of Policy Gradients,2,Video
Reinforcement Learning,Essential Terminology of Policy Gradients,Beginner,20,Quick Revision of Policy Gradients,1,Quiz
Reinforcement Learning,Policy Gradients: Core Concepts,Intermediate,43,Essential Terminology of Policy Gradients,3,Practice Problems
Reinforcement Learning,Policy Gradients: Practical Applications,Intermediate,50,Policy Gradients: Core Concepts,3,Practice Problems
Reinforcement Learning,Problem Solving using Policy Gradients,Intermediate,53,Policy Gradients: Practical Applications,4,Quiz
Reinforcement Learning,Common Mistakes in Policy Gradients,Intermediate,41,Problem Solving using Policy Gradients,2,Case Study
Reinforcement Learning,Hands-on Practice for Policy Gradients,Intermediate,36,Common Mistakes in Policy Gradients,2,Practice Problems
Reinforcement Learning,Advanced Policy Gradients Techniques,Advanced,93,Hands-on Practice for Policy Gradients,4,Interactive Lab
Reinforcement Learning,Policy Gradients: Case Study & Project Work,Advanced,100,Advanced Policy Gradients Techniques,4,Case Study
Reinforcement Learning,Mini Project on Policy Gradients,Advanced,109,Policy Gradients: Case Study & Project Work,5,Case Study
Reinforcement Learning,Real-world Applications of Policy Gradients,Advanced,111,Mini Project on Policy Gradients,5,Case Study
Reinforcement Learning,Interview Questions on Policy Gradients,Advanced,117,Real-world Applications of Policy Gradients,5,Interactive Lab
Reinforcement Learning,Mastering Policy Gradients,Advanced,104,Interview Questions on Policy Gradients,5,Interactive Lab
Reinforcement Learning,Introduction to Value Functions,Beginner,26,Mastering Policy Gradients,1,Quiz
Reinforcement Learning,Fundamentals of Value Functions,Beginner,25,Introduction to Value Functions,1,PDF Notes
Reinforcement Learning,Quick Revision of Value Functions,Beginner,15,Fundamentals of Value Functions,1,PDF Notes
Reinforcement Learning,Essential Terminology of Value Functions,Beginner,28,Quick Revision of Value Functions,2,PDF Notes
Reinforcement Learning,Value Functions: Core Concepts,Intermediate,54,Essential Terminology of Value Functions,4,Case Study
Reinforcement Learning,Value Functions: Practical Applications,Intermediate,50,Value Functions: Core Concepts,3,Video
Reinforcement Learning,Problem Solving using Value Functions,Intermediate,48,Value Functions: Practical Applications,2,Quiz
Reinforcement Learning,Common Mistakes in Value Functions,Intermediate,34,Problem Solving using Value Functions,4,Case Study
Reinforcement Learning,Hands-on Practice for Value Functions,Intermediate,32,Common Mistakes in Value Functions,4,Practice Problems
Reinforcement Learning,Advanced Value Functions Techniques,Advanced,107,Hands-on Practice for Value Functions,5,Interactive Lab
Reinforcement Learning,Value Functions: Case Study & Project Work,Advanced,118,Advanced Value Functions Techniques,5,Interactive Lab
Reinforcement Learning,Mini Project on Value Functions,Advanced,99,Value Functions: Case Study & Project Work,4,Practice Problems
Reinforcement Learning,Real-world Applications of Value Functions,Advanced,96,Mini Project on Value Functions,5,Case Study
Reinforcement Learning,Interview Questions on Value Functions,Advanced,61,Real-world Applications of Value Functions,4,Interactive Lab
Reinforcement Learning,Mastering Value Functions,Advanced,82,Interview Questions on Value Functions,5,Case Study
Reinforcement Learning,Introduction to Exploration Strategies,Beginner,19,Mastering Value Functions,1,PDF Notes
Reinforcement Learning,Fundamentals of Exploration Strategies,Beginner,27,Introduction to Exploration Strategies,2,Quiz
Reinforcement Learning,Quick Revision of Exploration Strategies,Beginner,22,Fundamentals of Exploration Strategies,2,Quiz
Reinforcement Learning,Essential Terminology of Exploration Strategies,Beginner,22,Quick Revision of Exploration Strategies,2,Video
Reinforcement Learning,Exploration Strategies: Core Concepts,Intermediate,37,Essential Terminology of Exploration Strategies,3,Practice Problems
Reinforcement Learning,Exploration Strategies: Practical Applications,Intermediate,41,Exploration Strategies: Core Concepts,4,Practice Problems
Reinforcement Learning,Problem Solving using Exploration Strategies,Intermediate,31,Exploration Strategies: Practical Applications,2,Video
Reinforcement Learning,Common Mistakes in Exploration Strategies,Intermediate,53,Problem Solving using Exploration Strategies,4,Quiz
Reinforcement Learning,Hands-on Practice for Exploration Strategies,Intermediate,58,Common Mistakes in Exploration Strategies,4,Quiz
Reinforcement Learning,Advanced Exploration Strategies Techniques,Advanced,112,Hands-on Practice for Exploration Strategies,4,Case Study
Reinforcement Learning,Exploration Strategies: Case Study & Project Work,Advanced,92,Advanced Exploration Strategies Techniques,5,Practice Problems
Reinforcement Learning,Mini Project on Exploration Strategies,Advanced,105,Exploration Strategies: Case Study & Project Work,5,Mini Project
Reinforcement Learning,Real-world Applications of Exploration Strategies,Advanced,74,Mini Project on Exploration Strategies,4,Practice Problems
Reinforcement Learning,Interview Questions on Exploration Strategies,Advanced,85,Real-world Applications of Exploration Strategies,4,Mini Project
Reinforcement Learning,Mastering Exploration Strategies,Advanced,112,Interview Questions on Exploration Strategies,5,Case Study
Science,Introduction to Matter and Materials,Beginner,24,None,1,PDF Notes
Science,Fundamentals of Matter and Materials,Beginner,20,Introduction to Matter and Materials,1,Video
Science,Quick Revision of Matter and Materials,Beginner,24,Fundamentals of Matter and Materials,2,Quiz
Science,Essential Terminology of Matter and Materials,Beginner,17,Quick Revision of Matter and Materials,1,PDF Notes
Science,Matter and Materials: Core Concepts,Intermediate,46,Essential Terminology of Matter and Materials,3,Practice Problems
Science,Matter and Materials: Practical Applications,Intermediate,42,Matter and Materials: Core Concepts,4,Quiz
Science,Problem Solving using Matter and Materials,Intermediate,57,Matter and Materials: Practical Applications,3,Quiz
Science,Common Mistakes in Matter and Materials,Intermediate,48,Problem Solving using Matter and Materials,4,Practice Problems
Science,Hands-on Practice for Matter and Materials,Intermediate,42,Common Mistakes in Matter and Materials,4,Quiz
Science,Advanced Matter and Materials Techniques,Advanced,118,Hands-on Practice for Matter and Materials,5,Mini Project
Science,Matter and Materials: Case Study & Project Work,Advanced,80,Advanced Matter and Materials Techniques,5,Practice Problems
Science,Mini Project on Matter and Materials,Advanced,61,Matter and Materials: Case Study & Project Work,4,Practice Problems
Science,Real-world Applications of Matter and Materials,Advanced,89,Mini Project on Matter and Materials,4,Case Study
Science,Interview Questions on Matter and Materials,Advanced,79,Real-world Applications of Matter and Materials,5,Case Study
Science,Mastering Matter and Materials,Advanced,82,Interview Questions on Matter and Materials,4,Interactive Lab
Science,Introduction to Motion and Force,Beginner,18,Mastering Matter and Materials,1,PDF Notes
Science,Fundamentals of Motion and Force,Beginner,18,Introduction to Motion and Force,2,Video
Science,Quick Revision of Motion and Force,Beginner,17,Fundamentals of Motion and Force,2,PDF Notes
Science,Essential Terminology of Motion and Force,Beginner,16,Quick Revision of Motion and Force,2,PDF Notes
Science,Motion and Force: Core Concepts,Intermediate,44,Essential Terminology of Motion and Force,4,Quiz
Science,Motion and Force: Practical Applications,Intermediate,55,Motion and Force: Core Concepts,2,Video
Science,Problem Solving using Motion and Force,Intermediate,43,Motion and Force: Practical Applications,4,Quiz
Science,Common Mistakes in Motion and Force,Intermediate,44,Problem Solving using Motion and Force,3,Practice Problems
Science,Hands-on Practice for Motion and Force,Intermediate,50,Common Mistakes in Motion and Force,3,Video
Science,Advanced Motion and Force Techniques,Advanced,110,Hands-on Practice for Motion and Force,5,Practice Problems
Science,Motion and Force: Case Study & Project Work,Advanced,95,Advanced Motion and Force Techniques,4,Case Study
Science,Mini Project on Motion and Force,Advanced,60,Motion and Force: Case Study & Project Work,5,Case Study
Science,Real-world Applications of Motion and Force,Advanced,92,Mini Project on Motion and Force,4,Interactive Lab
Science,Interview Questions on Motion and Force,Advanced,111,Real-world Applications of Motion and Force,5,Practice Problems
Science,Mastering Motion and Force,Advanced,70,Interview Questions on Motion and Force,4,Interactive Lab
Science,Introduction to Light and Sound,Beginner,28,Mastering Motion and Force,2,PDF Notes
Science,Fundamentals of Light and Sound,Beginner,26,Introduction to Light and Sound,1,PDF Notes
Science,Quick Revision of Light and Sound,Beginner,24,Fundamentals of Light and Sound,2,Video
Science,Essential Terminology of Light and Sound,Beginner,28,Quick Revision of Light and Sound,2,PDF Notes
Science,Light and Sound: Core Concepts,Intermediate,38,Essential Terminology of Light and Sound,2,Practice Problems
Science,Light and Sound: Practical Applications,Intermediate,37,Light and Sound: Core Concepts,3,Quiz
Science,Problem Solving using Light and Sound,Intermediate,47,Light and Sound: Practical Applications,2,Practice Problems
Science,Common Mistakes in Light and Sound,Intermediate,50,Problem Solving using Light and Sound,4,Case Study
Science,Hands-on Practice for Light and Sound,Intermediate,36,Common Mistakes in Light and Sound,2,Video
Science,Advanced Light and Sound Techniques,Advanced,103,Hands-on Practice for Light and Sound,5,Interactive Lab
Science,Light and Sound: Case Study & Project Work,Advanced,88,Advanced Light and Sound Techniques,5,Mini Project
Science,Mini Project on Light and Sound,Advanced,107,Light and Sound: Case Study & Project Work,4,Practice Problems
Science,Real-world Applications of Light and Sound,Advanced,105,Mini Project on Light and Sound,4,Mini Project
Science,Interview Questions on Light and Sound,Advanced,119,Real-world Applications of Light and Sound,5,Practice Problems
Science,Mastering Light and Sound,Advanced,116,Interview Questions on Light and Sound,5,Mini Project
Science,Introduction to Living Organisms,Beginner,30,Mastering Light and Sound,2,Quiz
Science,Fundamentals of Living Organisms,Beginner,17,Introduction to Living Organisms,1,PDF Notes
Science,Quick Revision of Living Organisms,Beginner,19,Fundamentals of Living Organisms,2,Quiz
Science,Essential Terminology of Living Organisms,Beginner,16,Quick Revision of Living Organisms,2,Quiz
Science,Living Organisms: Core Concepts,Intermediate,40,Essential Terminology of Living Organisms,2,Quiz
Science,Living Organisms: Practical Applications,Intermediate,60,Living Organisms: Core Concepts,4,Practice Problems
Science,Problem Solving using Living Organisms,Intermediate,60,Living Organisms: Practical Applications,3,Case Study
Science,Common Mistakes in Living Organisms,Intermediate,41,Problem Solving using Living Organisms,4,Quiz
Science,Hands-on Practice for Living Organisms,Intermediate,50,Common Mistakes in Living Organisms,4,Practice Problems
Science,Advanced Living Organisms Techniques,Advanced,113,Hands-on Practice for Living Organisms,5,Case Study
Science,Living Organisms: Case Study & Project Work,Advanced,72,Advanced Living Organisms Techniques,4,Case Study
Science,Mini Project on Living Organisms,Advanced,71,Living Organisms: Case Study & Project Work,4,Mini Project
Science,Real-world Applications of Living Organisms,Advanced,63,Mini Project on Living Organisms,5,Case Study
Science,Interview Questions on Living Organisms,Advanced,117,Real-world Applications of Living Organisms,5,Case Study
Science,Mastering Living Organisms,Advanced,63,Interview Questions on Living Organisms,5,Practice Problems
Science,Introduction to Natural Resources,Beginner,17,Mastering Living Organisms,2,PDF Notes
Science,Fundamentals of Natural Resources,Beginner,15,Introduction to Natural Resources,1,Video
Science,Quick Revision of Natural Resources,Beginner,23,Fundamentals of Natural Resources,1,Video
Science,Essential Terminology of Natural Resources,Beginner,25,Quick Revision of Natural Resources,1,Video
Science,Natural Resources: Core Concepts,Intermediate,41,Essential Terminology of Natural Resources,4,Quiz
Science,Natural Resources: Practical Applications,Intermediate,44,Natural Resources: Core Concepts,3,Video
Science,Problem Solving using Natural Resources,Intermediate,40,Natural Resources: Practical Applications,4,Case Study
Science,Common Mistakes in Natural Resources,Intermediate,35,Problem Solving using Natural Resources,2,Case Study
Science,Hands-on Practice for Natural Resources,Intermediate,36,Common Mistakes in Natural Resources,4,Case Study
Science,Advanced Natural Resources Techniques,Advanced,109,Hands-on Practice for Natural Resources,4,Case Study
Science,Natural Resources: Case Study & Project Work,Advanced,93,Advanced Natural Resources Techniques,4,Interactive Lab
Science,Mini Project on Natural Resources,Advanced,118,Natural Resources: Case Study & Project Work,5,Case Study
Science,Real-world Applications of Natural Resources,Advanced,66,Mini Project on Natural Resources,4,Mini Project
Science,Interview Questions on Natural Resources,Advanced,99,Real-world Applications of Natural Resources,5,Case Study
Science,Mastering Natural Resources,Advanced,119,Interview Questions on Natural Resources,4,Practice Problems
Social Science,Introduction to History Foundations,Beginner,25,None,2,Video
Social Science,Fundamentals of History Foundations,Beginner,19,Introduction to History Foundations,2,Video
Social Science,Quick Revision of History Foundations,Beginner,24,Fundamentals of History Foundations,2,Video
Social Science,Essential Terminology of History Foundations,Beginner,23,Quick Revision of History Foundations,2,PDF Notes
Social Science,History Foundations: Core Concepts,Intermediate,49,Essential Terminology of History Foundations,2,Case Study
Social Science,History Foundations: Practical Applications,Intermediate,50,History Foundations: Core Concepts,4,Case Study
Social Science,Problem Solving using History Foundations,Intermediate,30,History Foundations: Practical Applications,2,Quiz
Social Science,Common Mistakes in History Foundations,Intermediate,38,Problem Solving using History Foundations,2,Case Study
Social Science,Hands-on Practice for History Foundations,Intermediate,31,Common Mistakes in History Foundations,2,Quiz
Social Science,Advanced History Foundations Techniques,Advanced,89,Hands-on Practice for History Foundations,5,Mini Project
Social Science,History Foundations: Case Study & Project Work,Advanced,119,Advanced History Foundations Techniques,4,Practice Problems
Social Science,Mini Project on History Foundations,Advanced,116,History Foundations: Case Study & Project Work,4,Case Study
Social Science,Real-world Applications of History Foundations,Advanced,94,Mini Project on History Foundations,5,Interactive Lab
Social Science,Interview Questions on History Foundations,Advanced,73,Real-world Applications of History Foundations,4,Mini Project
Social Science,Mastering History Foundations,Advanced,83,Interview Questions on History Foundations,5,Mini Project
Social Science,Introduction to Civics and Governance,Beginner,28,Mastering History Foundations,1,Video
Social Science,Fundamentals of Civics and Governance,Beginner,24,Introduction to Civics and Governance,1,Quiz
Social Science,Quick Revision of Civics and Governance,Beginner,21,Fundamentals of Civics and Governance,2,Video
Social Science,Essential Terminology of Civics and Governance,Beginner,18,Quick Revision of Civics and Governance,2,Quiz
Social Science,Civics and Governance: Core Concepts,Intermediate,54,Essential Terminology of Civics and Governance,3,Practice Problems
Social Science,Civics and Governance: Practical Applications,Intermediate,37,Civics and Governance: Core Concepts,4,Case Study
Social Science,Problem Solving using Civics and Governance,Intermediate,39,Civics and Governance: Practical Applications,2,Video
Social Science,Common Mistakes in Civics and Governance,Intermediate,36,Problem Solving using Civics and Governance,2,Video
Social Science,Hands-on Practice for Civics and Governance,Intermediate,55,Common Mistakes in Civics and Governance,3,Case Study
Social Science,Advanced Civics and Governance Techniques,Advanced,74,Hands-on Practice for Civics and Governance,5,Interactive Lab
Social Science,Civics and Governance: Case Study & Project Work,Advanced,69,Advanced Civics and Governance Techniques,4,Mini Project
Social Science,Mini Project on Civics and Governance,Advanced,113,Civics and Governance: Case Study & Project Work,5,Case Study
Social Science,Real-world Applications of Civics and Governance,Advanced,78,Mini Project on Civics and Governance,4,Practice Problems
Social Science,Interview Questions on Civics and Governance,Advanced,110,Real-world Applications of Civics and Governance,5,Mini Project
Social Science,Mastering Civics and Governance,Advanced,103,Interview Questions on Civics and Governance,4,Practice Problems
Social Science,Introduction to Geography Basics,Beginner,15,Mastering Civics and Governance,2,PDF Notes
Social Science,Fundamentals of Geography Basics,Beginner,22,Introduction to Geography Basics,1,Quiz
Social Science,Quick Revision of Geography Basics,Beginner,26,Fundamentals of Geography Basics,1,Video
Social Science,Essential Terminology of Geography Basics,Beginner,24,Quick Revision of Geography Basics,2,Video
Social Science,Geography Basics: Core Concepts,Intermediate,33,Essential Terminology of Geography Basics,3,Quiz
Social Science,Geography Basics: Practical Applications,Intermediate,30,Geography Basics: Core Concepts,4,Quiz
Social Science,Problem Solving using Geography Basics,Intermediate,51,Geography Basics: Practical Applications,4,Video
Social Science,Common Mistakes in Geography Basics,Intermediate,55,Problem Solving using Geography Basics,3,Case Study
Social Science,Hands-on Practice for Geography Basics,Intermediate,39,Common Mistakes in Geography Basics,2,Video
Social Science,Advanced Geography Basics Techniques,Advanced,71,Hands-on Practice for Geography Basics,5,Interactive Lab
Social Science,Geography Basics: Case Study & Project Work,Advanced,112,Advanced Geography Basics Techniques,4,Interactive Lab
Social Science,Mini Project on Geography Basics,Advanced,114,Geography Basics: Case Study & Project Work,4,Interactive Lab
Social Science,Real-world Applications of Geography Basics,Advanced,109,Mini Project on Geography Basics,5,Case Study
Social Science,Interview Questions on Geography Basics,Advanced,68,Real-world Applications of Geography Basics,5,Mini Project
Social Science,Mastering Geography Basics,Advanced,112,Interview Questions on Geography Basics,5,Case Study
Social Science,Introduction to Economics Basics,Beginner,28,Mastering Geography Basics,1,Quiz
Social Science,Fundamentals of Economics Basics,Beginner,20,Introduction to Economics Basics,1,PDF Notes
Social Science,Quick Revision of Economics Basics,Beginner,16,Fundamentals of Economics Basics,2,Quiz
Social Science,Essential Terminology of Economics Basics,Beginner,27,Quick Revision of Economics Basics,1,PDF Notes
Social Science,Economics Basics: Core Concepts,Intermediate,34,Essential Terminology of Economics Basics,2,Quiz
Social Science,Economics Basics: Practical Applications,Intermediate,30,Economics Basics: Core Concepts,2,Practice Problems
Social Science,Problem Solving using Economics Basics,Intermediate,49,Economics Basics: Practical Applications,3,Practice Problems
Social Science,Common Mistakes in Economics Basics,Intermediate,36,Problem Solving using Economics Basics,2,Quiz
Social Science,Hands-on Practice for Economics Basics,Intermediate,43,Common Mistakes in Economics Basics,2,Case Study
Social Science,Advanced Economics Basics Techniques,Advanced,98,Hands-on Practice for Economics Basics,4,Interactive Lab
Social Science,Economics Basics: Case Study & Project Work,Advanced,99,Advanced Economics Basics Techniques,4,Practice Problems
Social Science,Mini Project on Economics Basics,Advanced,117,Economics Basics: Case Study & Project Work,5,Interactive Lab
Social Science,Real-world Applications of Economics Basics,Advanced,78,Mini Project on Economics Basics,5,Practice Problems
Social Science,Interview Questions on Economics Basics,Advanced,81,Real-world Applications of Economics Basics,5,Practice Problems
Social Science,Mastering Economics Basics,Advanced,72,Interview Questions on Economics Basics,4,Interactive Lab
Sociology,Introduction to Social Structure,Beginner,26,None,2,Quiz
Sociology,Fundamentals of Social Structure,Beginner,15,Introduction to Social Structure,2,PDF Notes
Sociology,Quick Revision of Social Structure,Beginner,28,Fundamentals of Social Structure,1,PDF Notes
Sociology,Essential Terminology of Social Structure,Beginner,20,Quick Revision of Social Structure,1,PDF Notes
Sociology,Social Structure: Core Concepts,Intermediate,34,Essential Terminology of Social Structure,4,Case Study
Sociology,Social Structure: Practical Applications,Intermediate,42,Social Structure: Core Concepts,3,Video
Sociology,Problem Solving using Social Structure,Intermediate,49,Social Structure: Practical Applications,4,Video
Sociology,Common Mistakes in Social Structure,Intermediate,45,Problem Solving using Social Structure,4,Case Study
Sociology,Hands-on Practice for Social Structure,Intermediate,58,Common Mistakes in Social Structure,3,Case Study
Sociology,Advanced Social Structure Techniques,Advanced,77,Hands-on Practice for Social Structure,4,Practice Problems
Sociology,Social Structure: Case Study & Project Work,Advanced,77,Advanced Social Structure Techniques,5,Practice Problems
Sociology,Mini Project on Social Structure,Advanced,75,Social Structure: Case Study & Project Work,4,Mini Project
Sociology,Real-world Applications of Social Structure,Advanced,88,Mini Project on Social Structure,4,Mini Project
Sociology,Interview Questions on Social Structure,Advanced,87,Real-world Applications of Social Structure,4,Interactive Lab
Sociology,Mastering Social Structure,Advanced,120,Interview Questions on Social Structure,5,Interactive Lab
Sociology,Introduction to Social Institutions,Beginner,29,Mastering Social Structure,2,Quiz
Sociology,Fundamentals of Social Institutions,Beginner,26,Introduction to Social Institutions,1,PDF Notes
Sociology,Quick Revision of Social Institutions,Beginner,23,Fundamentals of Social Institutions,2,PDF Notes
Sociology,Essential Terminology of Social Institutions,Beginner,17,Quick Revision of Social Institutions,2,Video
Sociology,Social Institutions: Core Concepts,Intermediate,51,Essential Terminology of Social Institutions,3,Case Study
Sociology,Social Institutions: Practical Applications,Intermediate,53,Social Institutions: Core Concepts,4,Quiz
Sociology,Problem Solving using Social Institutions,Intermediate,45,Social Institutions: Practical Applications,3,Case Study
Sociology,Common Mistakes in Social Institutions,Intermediate,48,Problem Solving using Social Institutions,3,Quiz
Sociology,Hands-on Practice for Social Institutions,Intermediate,55,Common Mistakes in Social Institutions,3,Practice Problems
Sociology,Advanced Social Institutions Techniques,Advanced,81,Hands-on Practice for Social Institutions,5,Interactive Lab
Sociology,Social Institutions: Case Study & Project Work,Advanced,119,Advanced Social Institutions Techniques,4,Case Study
Sociology,Mini Project on Social Institutions,Advanced,109,Social Institutions: Case Study & Project Work,5,Practice Problems
Sociology,Real-world Applications of Social Institutions,Advanced,72,Mini Project on Social Institutions,4,Interactive Lab
Sociology,Interview Questions on Social Institutions,Advanced,99,Real-world Applications of Social Institutions,4,Interactive Lab
Sociology,Mastering Social Institutions,Advanced,116,Interview Questions on Social Institutions,5,Case Study
Sociology,Introduction to Social Change,Beginner,17,Mastering Social Institutions,2,PDF Notes
Sociology,Fundamentals of Social Change,Beginner,29,Introduction to Social Change,1,Video
Sociology,Quick Revision of Social Change,Beginner,30,Fundamentals of Social Change,1,Video
Sociology,Essential Terminology of Social Change,Beginner,15,Quick Revision of Social Change,1,PDF Notes
Sociology,Social Change: Core Concepts,Intermediate,52,Essential Terminology of Social Change,4,Video
Sociology,Social Change: Practical Applications,Intermediate,44,Social Change: Core Concepts,3,Practice Problems
Sociology,Problem Solving using Social Change,Intermediate,54,Social Change: Practical Applications,2,Case Study
Sociology,Common Mistakes in Social Change,Intermediate,36,Problem Solving using Social Change,2,Practice Problems
Sociology,Hands-on Practice for Social Change,Intermediate,46,Common Mistakes in Social Change,2,Case Study
Sociology,Advanced Social Change Techniques,Advanced,115,Hands-on Practice for Social Change,5,Practice Problems
Sociology,Social Change: Case Study & Project Work,Advanced,72,Advanced Social Change Techniques,5,Practice Problems
Sociology,Mini Project on Social Change,Advanced,74,Social Change: Case Study & Project Work,5,Interactive Lab
Sociology,Real-world Applications of Social Change,Advanced,63,Mini Project on Social Change,5,Mini Project
Sociology,Interview Questions on Social Change,Advanced,87,Real-world Applications of Social Change,5,Mini Project
Sociology,Mastering Social Change,Advanced,116,Interview Questions on Social Change,4,Mini Project
Sociology,Introduction to Research Methods in Sociology,Beginner,24,Mastering Social Change,1,Quiz
Sociology,Fundamentals of Research Methods in Sociology,Beginner,24,Introduction to Research Methods in Sociology,2,PDF Notes
Sociology,Quick Revision of Research Methods in Sociology,Beginner,26,Fundamentals of Research Methods in Sociology,2,Quiz
Sociology,Essential Terminology of Research Methods in Sociology,Beginner,24,Quick Revision of Research Methods in Sociology,2,Video
Sociology,Research Methods in Sociology: Core Concepts,Intermediate,52,Essential Terminology of Research Methods in Sociology,2,Quiz
Sociology,Research Methods in Sociology: Practical Applications,Intermediate,49,Research Methods in Sociology: Core Concepts,4,Quiz
Sociology,Problem Solving using Research Methods in Sociology,Intermediate,47,Research Methods in Sociology: Practical Applications,2,Video
Sociology,Common Mistakes in Research Methods in Sociology,Intermediate,35,Problem Solving using Research Methods in Sociology,3,Practice Problems
Sociology,Hands-on Practice for Research Methods in Sociology,Intermediate,53,Common Mistakes in Research Methods in Sociology,3,Case Study
Sociology,Advanced Research Methods in Sociology Techniques,Advanced,87,Hands-on Practice for Research Methods in Sociology,4,Interactive Lab
Sociology,Research Methods in Sociology: Case Study & Project Work,Advanced,109,Advanced Research Methods in Sociology Techniques,4,Mini Project
Sociology,Mini Project on Research Methods in Sociology,Advanced,120,Research Methods in Sociology: Case Study & Project Work,5,Interactive Lab
Sociology,Real-world Applications of Research Methods in Sociology,Advanced,109,Mini Project on Research Methods in Sociology,4,Mini Project
Sociology,Interview Questions on Research Methods in Sociology,Advanced,102,Real-world Applications of Research Methods in Sociology,4,Mini Project
Sociology,Mastering Research Methods in Sociology,Advanced,74,Interview Questions on Research Methods in Sociology,4,Interactive Lab
Software Engineering,Introduction to SDLC Models,Beginner,19,None,1,PDF Notes
Software Engineering,Fundamentals of SDLC Models,Beginner,17,Introduction to SDLC Models,2,Video
Software Engineering,Quick Revision of SDLC Models,Beginner,20,Fundamentals of SDLC Models,1,Quiz
Software Engineering,Essential Terminology of SDLC Models,Beginner,21,Quick Revision of SDLC Models,1,Quiz
Software Engineering,SDLC Models: Core Concepts,Intermediate,57,Essential Terminology of SDLC Models,3,Video
Software Engineering,SDLC Models: Practical Applications,Intermediate,46,SDLC Models: Core Concepts,4,Practice Problems
Software Engineering,Problem Solving using SDLC Models,Intermediate,45,SDLC Models: Practical Applications,4,Case Study
Software Engineering,Common Mistakes in SDLC Models,Intermediate,44,Problem Solving using SDLC Models,3,Video
Software Engineering,Hands-on Practice for SDLC Models,Intermediate,43,Common Mistakes in SDLC Models,4,Quiz
Software Engineering,Advanced SDLC Models Techniques,Advanced,94,Hands-on Practice for SDLC Models,5,Interactive Lab
Software Engineering,SDLC Models: Case Study & Project Work,Advanced,101,Advanced SDLC Models Techniques,4,Interactive Lab
Software Engineering,Mini Project on SDLC Models,Advanced,65,SDLC Models: Case Study & Project Work,5,Interactive Lab
Software Engineering,Real-world Applications of SDLC Models,Advanced,76,Mini Project on SDLC Models,5,Practice Problems
Software Engineering,Interview Questions on SDLC Models,Advanced,116,Real-world Applications of SDLC Models,5,Interactive Lab
Software Engineering,Mastering SDLC Models,Advanced,96,Interview Questions on SDLC Models,4,Practice Problems
Software Engineering,Introduction to Requirements Engineering,Beginner,21,Mastering SDLC Models,1,PDF Notes
Software Engineering,Fundamentals of Requirements Engineering,Beginner,19,Introduction to Requirements Engineering,2,PDF Notes
Software Engineering,Quick Revision of Requirements Engineering,Beginner,25,Fundamentals of Requirements Engineering,1,Quiz
Software Engineering,Essential Terminology of Requirements Engineering,Beginner,29,Quick Revision of Requirements Engineering,2,Video
Software Engineering,Requirements Engineering: Core Concepts,Intermediate,35,Essential Terminology of Requirements Engineering,2,Video
Software Engineering,Requirements Engineering: Practical Applications,Intermediate,41,Requirements Engineering: Core Concepts,2,Video
Software Engineering,Problem Solving using Requirements Engineering,Intermediate,51,Requirements Engineering: Practical Applications,2,Case Study
Software Engineering,Common Mistakes in Requirements Engineering,Intermediate,43,Problem Solving using Requirements Engineering,4,Practice Problems
Software Engineering,Hands-on Practice for Requirements Engineering,Intermediate,40,Common Mistakes in Requirements Engineering,4,Video
Software Engineering,Advanced Requirements Engineering Techniques,Advanced,115,Hands-on Practice for Requirements Engineering,5,Practice Problems
Software Engineering,Requirements Engineering: Case Study & Project Work,Advanced,97,Advanced Requirements Engineering Techniques,4,Interactive Lab
Software Engineering,Mini Project on Requirements Engineering,Advanced,105,Requirements Engineering: Case Study & Project Work,5,Mini Project
Software Engineering,Real-world Applications of Requirements Engineering,Advanced,85,Mini Project on Requirements Engineering,4,Practice Problems
Software Engineering,Interview Questions on Requirements Engineering,Advanced,98,Real-world Applications of Requirements Engineering,5,Practice Problems
Software Engineering,Mastering Requirements Engineering,Advanced,67,Interview Questions on Requirements Engineering,4,Mini Project
Software Engineering,Introduction to Software Testing,Beginner,25,Mastering Requirements Engineering,1,Video
Software Engineering,Fundamentals of Software Testing,Beginner,27,Introduction to Software Testing,1,Quiz
Software Engineering,Quick Revision of Software Testing,Beginner,29,Fundamentals of Software Testing,2,Video
Software Engineering,Essential Terminology of Software Testing,Beginner,27,Quick Revision of Software Testing,1,Quiz
Software Engineering,Software Testing: Core Concepts,Intermediate,31,Essential Terminology of Software Testing,2,Case Study
Software Engineering,Software Testing: Practical Applications,Intermediate,30,Software Testing: Core Concepts,3,Case Study
Software Engineering,Problem Solving using Software Testing,Intermediate,48,Software Testing: Practical Applications,4,Quiz
Software Engineering,Common Mistakes in Software Testing,Intermediate,30,Problem Solving using Software Testing,3,Quiz
Software Engineering,Hands-on Practice for Software Testing,Intermediate,37,Common Mistakes in Software Testing,3,Quiz
Software Engineering,Advanced Software Testing Techniques,Advanced,76,Hands-on Practice for Software Testing,5,Interactive Lab
Software Engineering,Software Testing: Case Study & Project Work,Advanced,62,Advanced Software Testing Techniques,5,Mini Project
Software Engineering,Mini Project on Software Testing,Advanced,90,Software Testing: Case Study & Project Work,5,Case Study
Software Engineering,Real-world Applications of Software Testing,Advanced,118,Mini Project on Software Testing,5,Practice Problems
Software Engineering,Interview Questions on Software Testing,Advanced,120,Real-world Applications of Software Testing,4,Case Study
Software Engineering,Mastering Software Testing,Advanced,87,Interview Questions on Software Testing,4,Practice Problems
Software Engineering,Introduction to Agile Methodology,Beginner,23,Mastering Software Testing,2,Video
Software Engineering,Fundamentals of Agile Methodology,Beginner,18,Introduction to Agile Methodology,1,Video
Software Engineering,Quick Revision of Agile Methodology,Beginner,21,Fundamentals of Agile Methodology,1,PDF Notes
Software Engineering,Essential Terminology of Agile Methodology,Beginner,24,Quick Revision of Agile Methodology,1,PDF Notes
Software Engineering,Agile Methodology: Core Concepts,Intermediate,45,Essential Terminology of Agile Methodology,3,Practice Problems
Software Engineering,Agile Methodology: Practical Applications,Intermediate,48,Agile Methodology: Core Concepts,2,Quiz
Software Engineering,Problem Solving using Agile Methodology,Intermediate,54,Agile Methodology: Practical Applications,3,Case Study
Software Engineering,Common Mistakes in Agile Methodology,Intermediate,52,Problem Solving using Agile Methodology,2,Practice Problems
Software Engineering,Hands-on Practice for Agile Methodology,Intermediate,37,Common Mistakes in Agile Methodology,4,Video
Software Engineering,Advanced Agile Methodology Techniques,Advanced,104,Hands-on Practice for Agile Methodology,4,Practice Problems
Software Engineering,Agile Methodology: Case Study & Project Work,Advanced,81,Advanced Agile Methodology Techniques,5,Interactive Lab
Software Engineering,Mini Project on Agile Methodology,Advanced,79,Agile Methodology: Case Study & Project Work,5,Case Study
Software Engineering,Real-world Applications of Agile Methodology,Advanced,106,Mini Project on Agile Methodology,4,Case Study
Software Engineering,Interview Questions on Agile Methodology,Advanced,104,Real-world Applications of Agile Methodology,4,Mini Project
Software Engineering,Mastering Agile Methodology,Advanced,113,Interview Questions on Agile Methodology,5,Mini Project
Software Engineering,Introduction to Software Design,Beginner,18,Mastering Agile Methodology,2,Quiz
Software Engineering,Fundamentals of Software Design,Beginner,21,Introduction to Software Design,1,PDF Notes
Software Engineering,Quick Revision of Software Design,Beginner,25,Fundamentals of Software Design,1,Quiz
Software Engineering,Essential Terminology of Software Design,Beginner,29,Quick Revision of Software Design,1,PDF Notes
Software Engineering,Software Design: Core Concepts,Intermediate,39,Essential Terminology of Software Design,2,Case Study
Software Engineering,Software Design: Practical Applications,Intermediate,44,Software Design: Core Concepts,4,Video
Software Engineering,Problem Solving using Software Design,Intermediate,43,Software Design: Practical Applications,3,Practice Problems
Software Engineering,Common Mistakes in Software Design,Intermediate,35,Problem Solving using Software Design,3,Quiz
Software Engineering,Hands-on Practice for Software Design,Intermediate,47,Common Mistakes in Software Design,4,Practice Problems
Software Engineering,Advanced Software Design Techniques,Advanced,76,Hands-on Practice for Software Design,5,Practice Problems
Software Engineering,Software Design: Case Study & Project Work,Advanced,98,Advanced Software Design Techniques,5,Practice Problems
Software Engineering,Mini Project on Software Design,Advanced,119,Software Design: Case Study & Project Work,5,Interactive Lab
Software Engineering,Real-world Applications of Software Design,Advanced,86,Mini Project on Software Design,5,Practice Problems
Software Engineering,Interview Questions on Software Design,Advanced,92,Real-world Applications of Software Design,4,Mini Project
Software Engineering,Mastering Software Design,Advanced,76,Interview Questions on Software Design,4,Interactive Lab
Statistics,Introduction to Descriptive Statistics,Beginner,18,None,1,PDF Notes
Statistics,Fundamentals of Descriptive Statistics,Beginner,18,Introduction to Descriptive Statistics,1,PDF Notes
Statistics,Quick Revision of Descriptive Statistics,Beginner,22,Fundamentals of Descriptive Statistics,1,Quiz
Statistics,Essential Terminology of Descriptive Statistics,Beginner,23,Quick Revision of Descriptive Statistics,2,PDF Notes
Statistics,Descriptive Statistics: Core Concepts,Intermediate,49,Essential Terminology of Descriptive Statistics,3,Video
Statistics,Descriptive Statistics: Practical Applications,Intermediate,49,Descriptive Statistics: Core Concepts,4,Quiz
Statistics,Problem Solving using Descriptive Statistics,Intermediate,32,Descriptive Statistics: Practical Applications,4,Practice Problems
Statistics,Common Mistakes in Descriptive Statistics,Intermediate,30,Problem Solving using Descriptive Statistics,3,Quiz
Statistics,Hands-on Practice for Descriptive Statistics,Intermediate,42,Common Mistakes in Descriptive Statistics,4,Practice Problems
Statistics,Advanced Descriptive Statistics Techniques,Advanced,82,Hands-on Practice for Descriptive Statistics,4,Case Study
Statistics,Descriptive Statistics: Case Study & Project Work,Advanced,116,Advanced Descriptive Statistics Techniques,5,Mini Project
Statistics,Mini Project on Descriptive Statistics,Advanced,98,Descriptive Statistics: Case Study & Project Work,4,Mini Project
Statistics,Real-world Applications of Descriptive Statistics,Advanced,65,Mini Project on Descriptive Statistics,4,Practice Problems
Statistics,Interview Questions on Descriptive Statistics,Advanced,80,Real-world Applications of Descriptive Statistics,5,Practice Problems
Statistics,Mastering Descriptive Statistics,Advanced,86,Interview Questions on Descriptive Statistics,5,Interactive Lab
Statistics,Introduction to Probability Distributions,Beginner,30,Mastering Descriptive Statistics,1,PDF Notes
Statistics,Fundamentals of Probability Distributions,Beginner,22,Introduction to Probability Distributions,1,Quiz
Statistics,Quick Revision of Probability Distributions,Beginner,29,Fundamentals of Probability Distributions,1,PDF Notes
Statistics,Essential Terminology of Probability Distributions,Beginner,22,Quick Revision of Probability Distributions,2,PDF Notes
Statistics,Probability Distributions: Core Concepts,Intermediate,53,Essential Terminology of Probability Distributions,3,Quiz
Statistics,Probability Distributions: Practical Applications,Intermediate,57,Probability Distributions: Core Concepts,4,Practice Problems
Statistics,Problem Solving using Probability Distributions,Intermediate,53,Probability Distributions: Practical Applications,2,Video
Statistics,Common Mistakes in Probability Distributions,Intermediate,33,Problem Solving using Probability Distributions,2,Case Study
Statistics,Hands-on Practice for Probability Distributions,Intermediate,41,Common Mistakes in Probability Distributions,2,Practice Problems
Statistics,Advanced Probability Distributions Techniques,Advanced,83,Hands-on Practice for Probability Distributions,5,Mini Project
Statistics,Probability Distributions: Case Study & Project Work,Advanced,115,Advanced Probability Distributions Techniques,4,Practice Problems
Statistics,Mini Project on Probability Distributions,Advanced,66,Probability Distributions: Case Study & Project Work,5,Interactive Lab
Statistics,Real-world Applications of Probability Distributions,Advanced,113,Mini Project on Probability Distributions,5,Case Study
Statistics,Interview Questions on Probability Distributions,Advanced,64,Real-world Applications of Probability Distributions,5,Interactive Lab
Statistics,Mastering Probability Distributions,Advanced,88,Interview Questions on Probability Distributions,5,Mini Project
Statistics,Introduction to Hypothesis Testing,Beginner,30,Mastering Probability Distributions,2,PDF Notes
Statistics,Fundamentals of Hypothesis Testing,Beginner,25,Introduction to Hypothesis Testing,2,Video
Statistics,Quick Revision of Hypothesis Testing,Beginner,18,Fundamentals of Hypothesis Testing,2,Video
Statistics,Essential Terminology of Hypothesis Testing,Beginner,16,Quick Revision of Hypothesis Testing,1,Quiz
Statistics,Hypothesis Testing: Core Concepts,Intermediate,50,Essential Terminology of Hypothesis Testing,3,Case Study
Statistics,Hypothesis Testing: Practical Applications,Intermediate,49,Hypothesis Testing: Core Concepts,2,Case Study
Statistics,Problem Solving using Hypothesis Testing,Intermediate,57,Hypothesis Testing: Practical Applications,3,Case Study
Statistics,Common Mistakes in Hypothesis Testing,Intermediate,32,Problem Solving using Hypothesis Testing,2,Quiz
Statistics,Hands-on Practice for Hypothesis Testing,Intermediate,54,Common Mistakes in Hypothesis Testing,4,Case Study
Statistics,Advanced Hypothesis Testing Techniques,Advanced,88,Hands-on Practice for Hypothesis Testing,4,Mini Project
Statistics,Hypothesis Testing: Case Study & Project Work,Advanced,71,Advanced Hypothesis Testing Techniques,4,Practice Problems
Statistics,Mini Project on Hypothesis Testing,Advanced,81,Hypothesis Testing: Case Study & Project Work,4,Practice Problems
Statistics,Real-world Applications of Hypothesis Testing,Advanced,108,Mini Project on Hypothesis Testing,5,Case Study
Statistics,Interview Questions on Hypothesis Testing,Advanced,60,Real-world Applications of Hypothesis Testing,5,Practice Problems
Statistics,Mastering Hypothesis Testing,Advanced,67,Interview Questions on Hypothesis Testing,5,Interactive Lab
Statistics,Introduction to Regression Analysis,Beginner,16,Mastering Hypothesis Testing,2,Quiz
Statistics,Fundamentals of Regression Analysis,Beginner,23,Introduction to Regression Analysis,1,Video
Statistics,Quick Revision of Regression Analysis,Beginner,20,Fundamentals of Regression Analysis,2,Quiz
Statistics,Essential Terminology of Regression Analysis,Beginner,17,Quick Revision of Regression Analysis,1,Quiz
Statistics,Regression Analysis: Core Concepts,Intermediate,47,Essential Terminology of Regression Analysis,4,Practice Problems
Statistics,Regression Analysis: Practical Applications,Intermediate,40,Regression Analysis: Core Concepts,3,Case Study
Statistics,Problem Solving using Regression Analysis,Intermediate,31,Regression Analysis: Practical Applications,4,Case Study
Statistics,Common Mistakes in Regression Analysis,Intermediate,36,Problem Solving using Regression Analysis,3,Case Study
Statistics,Hands-on Practice for Regression Analysis,Intermediate,46,Common Mistakes in Regression Analysis,4,Practice Problems
Statistics,Advanced Regression Analysis Techniques,Advanced,99,Hands-on Practice for Regression Analysis,4,Practice Problems
Statistics,Regression Analysis: Case Study & Project Work,Advanced,94,Advanced Regression Analysis Techniques,4,Case Study
Statistics,Mini Project on Regression Analysis,Advanced,95,Regression Analysis: Case Study & Project Work,5,Case Study
Statistics,Real-world Applications of Regression Analysis,Advanced,84,Mini Project on Regression Analysis,4,Interactive Lab
Statistics,Interview Questions on Regression Analysis,Advanced,77,Real-world Applications of Regression Analysis,4,Practice Problems
Statistics,Mastering Regression Analysis,Advanced,60,Interview Questions on Regression Analysis,5,Mini Project
Statistics,Introduction to Sampling Methods,Beginner,22,Mastering Regression Analysis,2,Video
Statistics,Fundamentals of Sampling Methods,Beginner,25,Introduction to Sampling Methods,2,Video
Statistics,Quick Revision of Sampling Methods,Beginner,19,Fundamentals of Sampling Methods,1,Quiz
Statistics,Essential Terminology of Sampling Methods,Beginner,17,Quick Revision of Sampling Methods,1,Quiz
Statistics,Sampling Methods: Core Concepts,Intermediate,47,Essential Terminology of Sampling Methods,4,Video
Statistics,Sampling Methods: Practical Applications,Intermediate,32,Sampling Methods: Core Concepts,4,Practice Problems
Statistics,Problem Solving using Sampling Methods,Intermediate,45,Sampling Methods: Practical Applications,2,Case Study
Statistics,Common Mistakes in Sampling Methods,Intermediate,38,Problem Solving using Sampling Methods,4,Case Study
Statistics,Hands-on Practice for Sampling Methods,Intermediate,36,Common Mistakes in Sampling Methods,4,Case Study
Statistics,Advanced Sampling Methods Techniques,Advanced,120,Hands-on Practice for Sampling Methods,4,Practice Problems
Statistics,Sampling Methods: Case Study & Project Work,Advanced,82,Advanced Sampling Methods Techniques,4,Mini Project
Statistics,Mini Project on Sampling Methods,Advanced,106,Sampling Methods: Case Study & Project Work,5,Case Study
Statistics,Real-world Applications of Sampling Methods,Advanced,61,Mini Project on Sampling Methods,5,Interactive Lab
Statistics,Interview Questions on Sampling Methods,Advanced,82,Real-world Applications of Sampling Methods,4,Mini Project
Statistics,Mastering Sampling Methods,Advanced,120,Interview Questions on Sampling Methods,4,Practice Problems
Strategic Management,Introduction to Strategy Formulation,Beginner,15,None,1,PDF Notes
Strategic Management,Fundamentals of Strategy Formulation,Beginner,29,Introduction to Strategy Formulation,1,PDF Notes
Strategic Management,Quick Revision of Strategy Formulation,Beginner,17,Fundamentals of Strategy Formulation,1,Video
Strategic Management,Essential Terminology of Strategy Formulation,Beginner,27,Quick Revision of Strategy Formulation,2,PDF Notes
Strategic Management,Strategy Formulation: Core Concepts,Intermediate,50,Essential Terminology of Strategy Formulation,2,Practice Problems
Strategic Management,Strategy Formulation: Practical Applications,Intermediate,38,Strategy Formulation: Core Concepts,2,Video
Strategic Management,Problem Solving using Strategy Formulation,Intermediate,47,Strategy Formulation: Practical Applications,2,Quiz
Strategic Management,Common Mistakes in Strategy Formulation,Intermediate,41,Problem Solving using Strategy Formulation,2,Quiz
Strategic Management,Hands-on Practice for Strategy Formulation,Intermediate,37,Common Mistakes in Strategy Formulation,4,Video
Strategic Management,Advanced Strategy Formulation Techniques,Advanced,118,Hands-on Practice for Strategy Formulation,4,Mini Project
Strategic Management,Strategy Formulation: Case Study & Project Work,Advanced,119,Advanced Strategy Formulation Techniques,4,Practice Problems
Strategic Management,Mini Project on Strategy Formulation,Advanced,78,Strategy Formulation: Case Study & Project Work,4,Mini Project
Strategic Management,Real-world Applications of Strategy Formulation,Advanced,115,Mini Project on Strategy Formulation,4,Interactive Lab
Strategic Management,Interview Questions on Strategy Formulation,Advanced,86,Real-world Applications of Strategy Formulation,4,Practice Problems
Strategic Management,Mastering Strategy Formulation,Advanced,101,Interview Questions on Strategy Formulation,4,Case Study
Strategic Management,Introduction to Competitive Analysis,Beginner,26,Mastering Strategy Formulation,1,Quiz
Strategic Management,Fundamentals of Competitive Analysis,Beginner,20,Introduction to Competitive Analysis,1,Quiz
Strategic Management,Quick Revision of Competitive Analysis,Beginner,23,Fundamentals of Competitive Analysis,2,PDF Notes
Strategic Management,Essential Terminology of Competitive Analysis,Beginner,19,Quick Revision of Competitive Analysis,1,Video
Strategic Management,Competitive Analysis: Core Concepts,Intermediate,38,Essential Terminology of Competitive Analysis,3,Practice Problems
Strategic Management,Competitive Analysis: Practical Applications,Intermediate,50,Competitive Analysis: Core Concepts,2,Case Study
Strategic Management,Problem Solving using Competitive Analysis,Intermediate,50,Competitive Analysis: Practical Applications,3,Practice Problems
Strategic Management,Common Mistakes in Competitive Analysis,Intermediate,57,Problem Solving using Competitive Analysis,2,Practice Problems
Strategic Management,Hands-on Practice for Competitive Analysis,Intermediate,52,Common Mistakes in Competitive Analysis,3,Practice Problems
Strategic Management,Advanced Competitive Analysis Techniques,Advanced,105,Hands-on Practice for Competitive Analysis,4,Case Study
Strategic Management,Competitive Analysis: Case Study & Project Work,Advanced,102,Advanced Competitive Analysis Techniques,4,Practice Problems
Strategic Management,Mini Project on Competitive Analysis,Advanced,72,Competitive Analysis: Case Study & Project Work,4,Practice Problems
Strategic Management,Real-world Applications of Competitive Analysis,Advanced,92,Mini Project on Competitive Analysis,4,Interactive Lab
Strategic Management,Interview Questions on Competitive Analysis,Advanced,70,Real-world Applications of Competitive Analysis,5,Practice Problems
Strategic Management,Mastering Competitive Analysis,Advanced,94,Interview Questions on Competitive Analysis,5,Case Study
Strategic Management,Introduction to Strategy Implementation,Beginner,19,Mastering Competitive Analysis,1,PDF Notes
Strategic Management,Fundamentals of Strategy Implementation,Beginner,24,Introduction to Strategy Implementation,2,PDF Notes
Strategic Management,Quick Revision of Strategy Implementation,Beginner,28,Fundamentals of Strategy Implementation,2,Quiz
Strategic Management,Essential Terminology of Strategy Implementation,Beginner,24,Quick Revision of Strategy Implementation,1,Video
Strategic Management,Strategy Implementation: Core Concepts,Intermediate,55,Essential Terminology of Strategy Implementation,2,Quiz
Strategic Management,Strategy Implementation: Practical Applications,Intermediate,56,Strategy Implementation: Core Concepts,3,Video
Strategic Management,Problem Solving using Strategy Implementation,Intermediate,49,Strategy Implementation: Practical Applications,2,Practice Problems
Strategic Management,Common Mistakes in Strategy Implementation,Intermediate,50,Problem Solving using Strategy Implementation,2,Practice Problems
Strategic Management,Hands-on Practice for Strategy Implementation,Intermediate,57,Common Mistakes in Strategy Implementation,3,Practice Problems
Strategic Management,Advanced Strategy Implementation Techniques,Advanced,74,Hands-on Practice for Strategy Implementation,4,Interactive Lab
Strategic Management,Strategy Implementation: Case Study & Project Work,Advanced,85,Advanced Strategy Implementation Techniques,5,Interactive Lab
Strategic Management,Mini Project on Strategy Implementation,Advanced,72,Strategy Implementation: Case Study & Project Work,4,Interactive Lab
Strategic Management,Real-world Applications of Strategy Implementation,Advanced,67,Mini Project on Strategy Implementation,4,Mini Project
Strategic Management,Interview Questions on Strategy Implementation,Advanced,82,Real-world Applications of Strategy Implementation,5,Mini Project
Strategic Management,Mastering Strategy Implementation,Advanced,73,Interview Questions on Strategy Implementation,5,Case Study
Strategic Management,Introduction to Corporate Governance,Beginner,25,Mastering Strategy Implementation,1,PDF Notes
Strategic Management,Fundamentals of Corporate Governance,Beginner,25,Introduction to Corporate Governance,1,Quiz
Strategic Management,Quick Revision of Corporate Governance,Beginner,26,Fundamentals of Corporate Governance,2,PDF Notes
Strategic Management,Essential Terminology of Corporate Governance,Beginner,19,Quick Revision of Corporate Governance,1,Quiz
Strategic Management,Corporate Governance: Core Concepts,Intermediate,33,Essential Terminology of Corporate Governance,2,Case Study
Strategic Management,Corporate Governance: Practical Applications,Intermediate,57,Corporate Governance: Core Concepts,3,Practice Problems
Strategic Management,Problem Solving using Corporate Governance,Intermediate,36,Corporate Governance: Practical Applications,4,Case Study
Strategic Management,Common Mistakes in Corporate Governance,Intermediate,40,Problem Solving using Corporate Governance,4,Video
Strategic Management,Hands-on Practice for Corporate Governance,Intermediate,59,Common Mistakes in Corporate Governance,3,Practice Problems
Strategic Management,Advanced Corporate Governance Techniques,Advanced,61,Hands-on Practice for Corporate Governance,4,Mini Project
Strategic Management,Corporate Governance: Case Study & Project Work,Advanced,100,Advanced Corporate Governance Techniques,5,Case Study
Strategic Management,Mini Project on Corporate Governance,Advanced,103,Corporate Governance: Case Study & Project Work,4,Case Study
Strategic Management,Real-world Applications of Corporate Governance,Advanced,72,Mini Project on Corporate Governance,5,Practice Problems
Strategic Management,Interview Questions on Corporate Governance,Advanced,71,Real-world Applications of Corporate Governance,5,Interactive Lab
Strategic Management,Mastering Corporate Governance,Advanced,108,Interview Questions on Corporate Governance,4,Practice Problems
Strength of Materials,Introduction to Stress and Strain,Beginner,15,None,1,Quiz
Strength of Materials,Fundamentals of Stress and Strain,Beginner,22,Introduction to Stress and Strain,2,Video
Strength of Materials,Quick Revision of Stress and Strain,Beginner,29,Fundamentals of Stress and Strain,1,Quiz
Strength of Materials,Essential Terminology of Stress and Strain,Beginner,27,Quick Revision of Stress and Strain,2,Video
Strength of Materials,Stress and Strain: Core Concepts,Intermediate,46,Essential Terminology of Stress and Strain,3,Practice Problems
Strength of Materials,Stress and Strain: Practical Applications,Intermediate,45,Stress and Strain: Core Concepts,2,Practice Problems
Strength of Materials,Problem Solving using Stress and Strain,Intermediate,55,Stress and Strain: Practical Applications,4,Practice Problems
Strength of Materials,Common Mistakes in Stress and Strain,Intermediate,55,Problem Solving using Stress and Strain,2,Case Study
Strength of Materials,Hands-on Practice for Stress and Strain,Intermediate,54,Common Mistakes in Stress and Strain,4,Case Study
Strength of Materials,Advanced Stress and Strain Techniques,Advanced,80,Hands-on Practice for Stress and Strain,5,Mini Project
Strength of Materials,Stress and Strain: Case Study & Project Work,Advanced,119,Advanced Stress and Strain Techniques,5,Interactive Lab
Strength of Materials,Mini Project on Stress and Strain,Advanced,83,Stress and Strain: Case Study & Project Work,5,Mini Project
Strength of Materials,Real-world Applications of Stress and Strain,Advanced,78,Mini Project on Stress and Strain,4,Practice Problems
Strength of Materials,Interview Questions on Stress and Strain,Advanced,106,Real-world Applications of Stress and Strain,4,Mini Project
Strength of Materials,Mastering Stress and Strain,Advanced,73,Interview Questions on Stress and Strain,5,Practice Problems
Strength of Materials,Introduction to Bending Moments,Beginner,18,Mastering Stress and Strain,1,PDF Notes
Strength of Materials,Fundamentals of Bending Moments,Beginner,28,Introduction to Bending Moments,2,PDF Notes
Strength of Materials,Quick Revision of Bending Moments,Beginner,28,Fundamentals of Bending Moments,1,PDF Notes
Strength of Materials,Essential Terminology of Bending Moments,Beginner,23,Quick Revision of Bending Moments,2,Video
Strength of Materials,Bending Moments: Core Concepts,Intermediate,31,Essential Terminology of Bending Moments,3,Practice Problems
Strength of Materials,Bending Moments: Practical Applications,Intermediate,37,Bending Moments: Core Concepts,3,Video
Strength of Materials,Problem Solving using Bending Moments,Intermediate,31,Bending Moments: Practical Applications,2,Video
Strength of Materials,Common Mistakes in Bending Moments,Intermediate,49,Problem Solving using Bending Moments,4,Practice Problems
Strength of Materials,Hands-on Practice for Bending Moments,Intermediate,37,Common Mistakes in Bending Moments,2,Case Study
Strength of Materials,Advanced Bending Moments Techniques,Advanced,84,Hands-on Practice for Bending Moments,4,Interactive Lab
Strength of Materials,Bending Moments: Case Study & Project Work,Advanced,97,Advanced Bending Moments Techniques,5,Mini Project
Strength of Materials,Mini Project on Bending Moments,Advanced,99,Bending Moments: Case Study & Project Work,5,Mini Project
Strength of Materials,Real-world Applications of Bending Moments,Advanced,63,Mini Project on Bending Moments,4,Mini Project
Strength of Materials,Interview Questions on Bending Moments,Advanced,89,Real-world Applications of Bending Moments,5,Case Study
Strength of Materials,Mastering Bending Moments,Advanced,98,Interview Questions on Bending Moments,4,Practice Problems
Strength of Materials,Introduction to Shear Force,Beginner,15,Mastering Bending Moments,1,PDF Notes
Strength of Materials,Fundamentals of Shear Force,Beginner,20,Introduction to Shear Force,2,Video
Strength of Materials,Quick Revision of Shear Force,Beginner,26,Fundamentals of Shear Force,2,PDF Notes
Strength of Materials,Essential Terminology of Shear Force,Beginner,30,Quick Revision of Shear Force,2,Video
Strength of Materials,Shear Force: Core Concepts,Intermediate,57,Essential Terminology of Shear Force,4,Quiz
Strength of Materials,Shear Force: Practical Applications,Intermediate,35,Shear Force: Core Concepts,2,Video
Strength of Materials,Problem Solving using Shear Force,Intermediate,44,Shear Force: Practical Applications,4,Video
Strength of Materials,Common Mistakes in Shear Force,Intermediate,44,Problem Solving using Shear Force,4,Practice Problems
Strength of Materials,Hands-on Practice for Shear Force,Intermediate,31,Common Mistakes in Shear Force,2,Case Study
Strength of Materials,Advanced Shear Force Techniques,Advanced,85,Hands-on Practice for Shear Force,4,Practice Problems
Strength of Materials,Shear Force: Case Study & Project Work,Advanced,61,Advanced Shear Force Techniques,4,Case Study
Strength of Materials,Mini Project on Shear Force,Advanced,69,Shear Force: Case Study & Project Work,5,Mini Project
Strength of Materials,Real-world Applications of Shear Force,Advanced,100,Mini Project on Shear Force,4,Interactive Lab
Strength of Materials,Interview Questions on Shear Force,Advanced,74,Real-world Applications of Shear Force,4,Practice Problems
Strength of Materials,Mastering Shear Force,Advanced,80,Interview Questions on Shear Force,4,Interactive Lab
Strength of Materials,Introduction to Torsion,Beginner,26,Mastering Shear Force,2,Quiz
Strength of Materials,Fundamentals of Torsion,Beginner,19,Introduction to Torsion,1,Video
Strength of Materials,Quick Revision of Torsion,Beginner,19,Fundamentals of Torsion,2,Video
Strength of Materials,Essential Terminology of Torsion,Beginner,22,Quick Revision of Torsion,2,PDF Notes
Strength of Materials,Torsion: Core Concepts,Intermediate,39,Essential Terminology of Torsion,4,Quiz
Strength of Materials,Torsion: Practical Applications,Intermediate,54,Torsion: Core Concepts,2,Practice Problems
Strength of Materials,Problem Solving using Torsion,Intermediate,41,Torsion: Practical Applications,2,Case Study
Strength of Materials,Common Mistakes in Torsion,Intermediate,48,Problem Solving using Torsion,4,Quiz
Strength of Materials,Hands-on Practice for Torsion,Intermediate,31,Common Mistakes in Torsion,4,Video
Strength of Materials,Advanced Torsion Techniques,Advanced,77,Hands-on Practice for Torsion,4,Practice Problems
Strength of Materials,Torsion: Case Study & Project Work,Advanced,81,Advanced Torsion Techniques,4,Mini Project
Strength of Materials,Mini Project on Torsion,Advanced,99,Torsion: Case Study & Project Work,4,Interactive Lab
Strength of Materials,Real-world Applications of Torsion,Advanced,106,Mini Project on Torsion,4,Practice Problems
Strength of Materials,Interview Questions on Torsion,Advanced,72,Real-world Applications of Torsion,4,Interactive Lab
Strength of Materials,Mastering Torsion,Advanced,111,Interview Questions on Torsion,5,Practice Problems
Strength of Materials,Introduction to Deflection of Beams,Beginner,18,Mastering Torsion,2,Video
Strength of Materials,Fundamentals of Deflection of Beams,Beginner,16,Introduction to Deflection of Beams,2,PDF Notes
Strength of Materials,Quick Revision of Deflection of Beams,Beginner,21,Fundamentals of Deflection of Beams,1,Quiz
Strength of Materials,Essential Terminology of Deflection of Beams,Beginner,20,Quick Revision of Deflection of Beams,1,Quiz
Strength of Materials,Deflection of Beams: Core Concepts,Intermediate,35,Essential Terminology of Deflection of Beams,4,Case Study
Strength of Materials,Deflection of Beams: Practical Applications,Intermediate,39,Deflection of Beams: Core Concepts,3,Quiz
Strength of Materials,Problem Solving using Deflection of Beams,Intermediate,38,Deflection of Beams: Practical Applications,3,Practice Problems
Strength of Materials,Common Mistakes in Deflection of Beams,Intermediate,58,Problem Solving using Deflection of Beams,4,Video
Strength of Materials,Hands-on Practice for Deflection of Beams,Intermediate,36,Common Mistakes in Deflection of Beams,3,Case Study
Strength of Materials,Advanced Deflection of Beams Techniques,Advanced,64,Hands-on Practice for Deflection of Beams,5,Practice Problems
Strength of Materials,Deflection of Beams: Case Study & Project Work,Advanced,118,Advanced Deflection of Beams Techniques,4,Practice Problems
Strength of Materials,Mini Project on Deflection of Beams,Advanced,84,Deflection of Beams: Case Study & Project Work,5,Case Study
Strength of Materials,Real-world Applications of Deflection of Beams,Advanced,88,Mini Project on Deflection of Beams,5,Mini Project
Strength of Materials,Interview Questions on Deflection of Beams,Advanced,73,Real-world Applications of Deflection of Beams,5,Practice Problems
Strength of Materials,Mastering Deflection of Beams,Advanced,118,Interview Questions on Deflection of Beams,4,Mini Project
Structural Analysis,Introduction to Determinate Structures,Beginner,25,None,2,Quiz
Structural Analysis,Fundamentals of Determinate Structures,Beginner,27,Introduction to Determinate Structures,2,PDF Notes
Structural Analysis,Quick Revision of Determinate Structures,Beginner,20,Fundamentals of Determinate Structures,1,PDF Notes
Structural Analysis,Essential Terminology of Determinate Structures,Beginner,16,Quick Revision of Determinate Structures,2,PDF Notes
Structural Analysis,Determinate Structures: Core Concepts,Intermediate,56,Essential Terminology of Determinate Structures,4,Video
Structural Analysis,Determinate Structures: Practical Applications,Intermediate,54,Determinate Structures: Core Concepts,3,Quiz
Structural Analysis,Problem Solving using Determinate Structures,Intermediate,44,Determinate Structures: Practical Applications,2,Practice Problems
Structural Analysis,Common Mistakes in Determinate Structures,Intermediate,47,Problem Solving using Determinate Structures,4,Video
Structural Analysis,Hands-on Practice for Determinate Structures,Intermediate,42,Common Mistakes in Determinate Structures,4,Quiz
Structural Analysis,Advanced Determinate Structures Techniques,Advanced,69,Hands-on Practice for Determinate Structures,5,Mini Project
Structural Analysis,Determinate Structures: Case Study & Project Work,Advanced,93,Advanced Determinate Structures Techniques,5,Interactive Lab
Structural Analysis,Mini Project on Determinate Structures,Advanced,113,Determinate Structures: Case Study & Project Work,4,Mini Project
Structural Analysis,Real-world Applications of Determinate Structures,Advanced,100,Mini Project on Determinate Structures,4,Interactive Lab
Structural Analysis,Interview Questions on Determinate Structures,Advanced,72,Real-world Applications of Determinate Structures,4,Mini Project
Structural Analysis,Mastering Determinate Structures,Advanced,96,Interview Questions on Determinate Structures,4,Practice Problems
Structural Analysis,Introduction to Indeterminate Structures,Beginner,21,Mastering Determinate Structures,2,PDF Notes
Structural Analysis,Fundamentals of Indeterminate Structures,Beginner,17,Introduction to Indeterminate Structures,1,Quiz
Structural Analysis,Quick Revision of Indeterminate Structures,Beginner,22,Fundamentals of Indeterminate Structures,1,Quiz
Structural Analysis,Essential Terminology of Indeterminate Structures,Beginner,17,Quick Revision of Indeterminate Structures,2,PDF Notes
Structural Analysis,Indeterminate Structures: Core Concepts,Intermediate,47,Essential Terminology of Indeterminate Structures,3,Video
Structural Analysis,Indeterminate Structures: Practical Applications,Intermediate,43,Indeterminate Structures: Core Concepts,2,Video
Structural Analysis,Problem Solving using Indeterminate Structures,Intermediate,59,Indeterminate Structures: Practical Applications,4,Practice Problems
Structural Analysis,Common Mistakes in Indeterminate Structures,Intermediate,56,Problem Solving using Indeterminate Structures,3,Quiz
Structural Analysis,Hands-on Practice for Indeterminate Structures,Intermediate,51,Common Mistakes in Indeterminate Structures,4,Video
Structural Analysis,Advanced Indeterminate Structures Techniques,Advanced,107,Hands-on Practice for Indeterminate Structures,5,Interactive Lab
Structural Analysis,Indeterminate Structures: Case Study & Project Work,Advanced,78,Advanced Indeterminate Structures Techniques,4,Case Study
Structural Analysis,Mini Project on Indeterminate Structures,Advanced,66,Indeterminate Structures: Case Study & Project Work,4,Case Study
Structural Analysis,Real-world Applications of Indeterminate Structures,Advanced,102,Mini Project on Indeterminate Structures,4,Mini Project
Structural Analysis,Interview Questions on Indeterminate Structures,Advanced,108,Real-world Applications of Indeterminate Structures,4,Practice Problems
Structural Analysis,Mastering Indeterminate Structures,Advanced,117,Interview Questions on Indeterminate Structures,5,Mini Project
Structural Analysis,Introduction to Influence Lines,Beginner,26,Mastering Indeterminate Structures,2,Video
Structural Analysis,Fundamentals of Influence Lines,Beginner,24,Introduction to Influence Lines,2,PDF Notes
Structural Analysis,Quick Revision of Influence Lines,Beginner,17,Fundamentals of Influence Lines,2,Video
Structural Analysis,Essential Terminology of Influence Lines,Beginner,18,Quick Revision of Influence Lines,2,Video
Structural Analysis,Influence Lines: Core Concepts,Intermediate,32,Essential Terminology of Influence Lines,3,Video
Structural Analysis,Influence Lines: Practical Applications,Intermediate,44,Influence Lines: Core Concepts,3,Case Study
Structural Analysis,Problem Solving using Influence Lines,Intermediate,31,Influence Lines: Practical Applications,2,Practice Problems
Structural Analysis,Common Mistakes in Influence Lines,Intermediate,37,Problem Solving using Influence Lines,4,Video
Structural Analysis,Hands-on Practice for Influence Lines,Intermediate,59,Common Mistakes in Influence Lines,2,Case Study
Structural Analysis,Advanced Influence Lines Techniques,Advanced,110,Hands-on Practice for Influence Lines,5,Interactive Lab
Structural Analysis,Influence Lines: Case Study & Project Work,Advanced,100,Advanced Influence Lines Techniques,4,Case Study
Structural Analysis,Mini Project on Influence Lines,Advanced,119,Influence Lines: Case Study & Project Work,4,Practice Problems
Structural Analysis,Real-world Applications of Influence Lines,Advanced,80,Mini Project on Influence Lines,4,Mini Project
Structural Analysis,Interview Questions on Influence Lines,Advanced,114,Real-world Applications of Influence Lines,4,Practice Problems
Structural Analysis,Mastering Influence Lines,Advanced,115,Interview Questions on Influence Lines,4,Case Study
Structural Analysis,Introduction to Slope Deflection Method,Beginner,23,Mastering Influence Lines,2,Video
Structural Analysis,Fundamentals of Slope Deflection Method,Beginner,29,Introduction to Slope Deflection Method,1,Video
Structural Analysis,Quick Revision of Slope Deflection Method,Beginner,29,Fundamentals of Slope Deflection Method,1,Video
Structural Analysis,Essential Terminology of Slope Deflection Method,Beginner,15,Quick Revision of Slope Deflection Method,1,Video
Structural Analysis,Slope Deflection Method: Core Concepts,Intermediate,41,Essential Terminology of Slope Deflection Method,3,Case Study
Structural Analysis,Slope Deflection Method: Practical Applications,Intermediate,42,Slope Deflection Method: Core Concepts,3,Case Study
Structural Analysis,Problem Solving using Slope Deflection Method,Intermediate,37,Slope Deflection Method: Practical Applications,4,Practice Problems
Structural Analysis,Common Mistakes in Slope Deflection Method,Intermediate,56,Problem Solving using Slope Deflection Method,3,Case Study
Structural Analysis,Hands-on Practice for Slope Deflection Method,Intermediate,40,Common Mistakes in Slope Deflection Method,2,Case Study
Structural Analysis,Advanced Slope Deflection Method Techniques,Advanced,89,Hands-on Practice for Slope Deflection Method,5,Case Study
Structural Analysis,Slope Deflection Method: Case Study & Project Work,Advanced,62,Advanced Slope Deflection Method Techniques,5,Practice Problems
Structural Analysis,Mini Project on Slope Deflection Method,Advanced,86,Slope Deflection Method: Case Study & Project Work,4,Mini Project
Structural Analysis,Real-world Applications of Slope Deflection Method,Advanced,80,Mini Project on Slope Deflection Method,5,Interactive Lab
Structural Analysis,Interview Questions on Slope Deflection Method,Advanced,119,Real-world Applications of Slope Deflection Method,5,Practice Problems
Structural Analysis,Mastering Slope Deflection Method,Advanced,74,Interview Questions on Slope Deflection Method,5,Practice Problems
Structural Engineering,Introduction to Load Analysis,Beginner,27,None,2,PDF Notes
Structural Engineering,Fundamentals of Load Analysis,Beginner,26,Introduction to Load Analysis,1,Video
Structural Engineering,Quick Revision of Load Analysis,Beginner,23,Fundamentals of Load Analysis,1,PDF Notes
Structural Engineering,Essential Terminology of Load Analysis,Beginner,23,Quick Revision of Load Analysis,1,Video
Structural Engineering,Load Analysis: Core Concepts,Intermediate,57,Essential Terminology of Load Analysis,3,Case Study
Structural Engineering,Load Analysis: Practical Applications,Intermediate,40,Load Analysis: Core Concepts,2,Case Study
Structural Engineering,Problem Solving using Load Analysis,Intermediate,38,Load Analysis: Practical Applications,2,Practice Problems
Structural Engineering,Common Mistakes in Load Analysis,Intermediate,32,Problem Solving using Load Analysis,4,Video
Structural Engineering,Hands-on Practice for Load Analysis,Intermediate,50,Common Mistakes in Load Analysis,4,Quiz
Structural Engineering,Advanced Load Analysis Techniques,Advanced,113,Hands-on Practice for Load Analysis,4,Interactive Lab
Structural Engineering,Load Analysis: Case Study & Project Work,Advanced,114,Advanced Load Analysis Techniques,4,Mini Project
Structural Engineering,Mini Project on Load Analysis,Advanced,111,Load Analysis: Case Study & Project Work,4,Mini Project
Structural Engineering,Real-world Applications of Load Analysis,Advanced,82,Mini Project on Load Analysis,4,Case Study
Structural Engineering,Interview Questions on Load Analysis,Advanced,98,Real-world Applications of Load Analysis,5,Practice Problems
Structural Engineering,Mastering Load Analysis,Advanced,114,Interview Questions on Load Analysis,4,Mini Project
Structural Engineering,Introduction to Beam Design,Beginner,16,Mastering Load Analysis,1,Quiz
Structural Engineering,Fundamentals of Beam Design,Beginner,30,Introduction to Beam Design,2,Quiz
Structural Engineering,Quick Revision of Beam Design,Beginner,29,Fundamentals of Beam Design,2,Quiz
Structural Engineering,Essential Terminology of Beam Design,Beginner,20,Quick Revision of Beam Design,2,Video
Structural Engineering,Beam Design: Core Concepts,Intermediate,38,Essential Terminology of Beam Design,2,Case Study
Structural Engineering,Beam Design: Practical Applications,Intermediate,38,Beam Design: Core Concepts,4,Video
Structural Engineering,Problem Solving using Beam Design,Intermediate,42,Beam Design: Practical Applications,3,Case Study
Structural Engineering,Common Mistakes in Beam Design,Intermediate,31,Problem Solving using Beam Design,3,Practice Problems
Structural Engineering,Hands-on Practice for Beam Design,Intermediate,56,Common Mistakes in Beam Design,3,Practice Problems
Structural Engineering,Advanced Beam Design Techniques,Advanced,67,Hands-on Practice for Beam Design,5,Interactive Lab
Structural Engineering,Beam Design: Case Study & Project Work,Advanced,115,Advanced Beam Design Techniques,5,Case Study
Structural Engineering,Mini Project on Beam Design,Advanced,115,Beam Design: Case Study & Project Work,5,Mini Project
Structural Engineering,Real-world Applications of Beam Design,Advanced,103,Mini Project on Beam Design,5,Mini Project
Structural Engineering,Interview Questions on Beam Design,Advanced,79,Real-world Applications of Beam Design,4,Interactive Lab
Structural Engineering,Mastering Beam Design,Advanced,103,Interview Questions on Beam Design,4,Practice Problems
Structural Engineering,Introduction to Column Design,Beginner,23,Mastering Beam Design,2,Video
Structural Engineering,Fundamentals of Column Design,Beginner,18,Introduction to Column Design,1,Video
Structural Engineering,Quick Revision of Column Design,Beginner,24,Fundamentals of Column Design,2,Video
Structural Engineering,Essential Terminology of Column Design,Beginner,19,Quick Revision of Column Design,2,Quiz
Structural Engineering,Column Design: Core Concepts,Intermediate,57,Essential Terminology of Column Design,4,Video
Structural Engineering,Column Design: Practical Applications,Intermediate,59,Column Design: Core Concepts,3,Case Study
Structural Engineering,Problem Solving using Column Design,Intermediate,48,Column Design: Practical Applications,2,Video
Structural Engineering,Common Mistakes in Column Design,Intermediate,55,Problem Solving using Column Design,2,Quiz
Structural Engineering,Hands-on Practice for Column Design,Intermediate,35,Common Mistakes in Column Design,2,Video
Structural Engineering,Advanced Column Design Techniques,Advanced,81,Hands-on Practice for Column Design,5,Mini Project
Structural Engineering,Column Design: Case Study & Project Work,Advanced,111,Advanced Column Design Techniques,5,Mini Project
Structural Engineering,Mini Project on Column Design,Advanced,117,Column Design: Case Study & Project Work,5,Practice Problems
Structural Engineering,Real-world Applications of Column Design,Advanced,104,Mini Project on Column Design,5,Mini Project
Structural Engineering,Interview Questions on Column Design,Advanced,68,Real-world Applications of Column Design,5,Interactive Lab
Structural Engineering,Mastering Column Design,Advanced,72,Interview Questions on Column Design,5,Case Study
Structural Engineering,Introduction to Earthquake Engineering,Beginner,30,Mastering Column Design,2,Quiz
Structural Engineering,Fundamentals of Earthquake Engineering,Beginner,27,Introduction to Earthquake Engineering,1,PDF Notes
Structural Engineering,Quick Revision of Earthquake Engineering,Beginner,20,Fundamentals of Earthquake Engineering,1,PDF Notes
Structural Engineering,Essential Terminology of Earthquake Engineering,Beginner,30,Quick Revision of Earthquake Engineering,1,Video
Structural Engineering,Earthquake Engineering: Core Concepts,Intermediate,44,Essential Terminology of Earthquake Engineering,4,Video
Structural Engineering,Earthquake Engineering: Practical Applications,Intermediate,56,Earthquake Engineering: Core Concepts,2,Quiz
Structural Engineering,Problem Solving using Earthquake Engineering,Intermediate,34,Earthquake Engineering: Practical Applications,4,Case Study
Structural Engineering,Common Mistakes in Earthquake Engineering,Intermediate,49,Problem Solving using Earthquake Engineering,2,Case Study
Structural Engineering,Hands-on Practice for Earthquake Engineering,Intermediate,57,Common Mistakes in Earthquake Engineering,3,Quiz
Structural Engineering,Advanced Earthquake Engineering Techniques,Advanced,94,Hands-on Practice for Earthquake Engineering,5,Mini Project
Structural Engineering,Earthquake Engineering: Case Study & Project Work,Advanced,98,Advanced Earthquake Engineering Techniques,5,Practice Problems
Structural Engineering,Mini Project on Earthquake Engineering,Advanced,83,Earthquake Engineering: Case Study & Project Work,5,Practice Problems
Structural Engineering,Real-world Applications of Earthquake Engineering,Advanced,74,Mini Project on Earthquake Engineering,4,Mini Project
Structural Engineering,Interview Questions on Earthquake Engineering,Advanced,76,Real-world Applications of Earthquake Engineering,5,Mini Project
Structural Engineering,Mastering Earthquake Engineering,Advanced,81,Interview Questions on Earthquake Engineering,5,Practice Problems
Structural Engineering,Introduction to Steel Structures,Beginner,26,Mastering Earthquake Engineering,2,PDF Notes
Structural Engineering,Fundamentals of Steel Structures,Beginner,29,Introduction to Steel Structures,2,Quiz
Structural Engineering,Quick Revision of Steel Structures,Beginner,19,Fundamentals of Steel Structures,2,Video
Structural Engineering,Essential Terminology of Steel Structures,Beginner,16,Quick Revision of Steel Structures,2,Video
Structural Engineering,Steel Structures: Core Concepts,Intermediate,38,Essential Terminology of Steel Structures,3,Video
Structural Engineering,Steel Structures: Practical Applications,Intermediate,60,Steel Structures: Core Concepts,2,Case Study
Structural Engineering,Problem Solving using Steel Structures,Intermediate,44,Steel Structures: Practical Applications,4,Quiz
Structural Engineering,Common Mistakes in Steel Structures,Intermediate,47,Problem Solving using Steel Structures,2,Quiz
Structural Engineering,Hands-on Practice for Steel Structures,Intermediate,37,Common Mistakes in Steel Structures,2,Case Study
Structural Engineering,Advanced Steel Structures Techniques,Advanced,117,Hands-on Practice for Steel Structures,5,Mini Project
Structural Engineering,Steel Structures: Case Study & Project Work,Advanced,77,Advanced Steel Structures Techniques,5,Interactive Lab
Structural Engineering,Mini Project on Steel Structures,Advanced,71,Steel Structures: Case Study & Project Work,4,Interactive Lab
Structural Engineering,Real-world Applications of Steel Structures,Advanced,109,Mini Project on Steel Structures,4,Interactive Lab
Structural Engineering,Interview Questions on Steel Structures,Advanced,118,Real-world Applications of Steel Structures,5,Case Study
Structural Engineering,Mastering Steel Structures,Advanced,118,Interview Questions on Steel Structures,5,Case Study
Surgery,Introduction to Pre-operative Care,Beginner,23,None,1,Video
Surgery,Fundamentals of Pre-operative Care,Beginner,29,Introduction to Pre-operative Care,2,Quiz
Surgery,Quick Revision of Pre-operative Care,Beginner,24,Fundamentals of Pre-operative Care,2,PDF Notes
Surgery,Essential Terminology of Pre-operative Care,Beginner,27,Quick Revision of Pre-operative Care,2,PDF Notes
Surgery,Pre-operative Care: Core Concepts,Intermediate,55,Essential Terminology of Pre-operative Care,3,Practice Problems
Surgery,Pre-operative Care: Practical Applications,Intermediate,46,Pre-operative Care: Core Concepts,2,Practice Problems
Surgery,Problem Solving using Pre-operative Care,Intermediate,31,Pre-operative Care: Practical Applications,2,Video
Surgery,Common Mistakes in Pre-operative Care,Intermediate,38,Problem Solving using Pre-operative Care,4,Case Study
Surgery,Hands-on Practice for Pre-operative Care,Intermediate,39,Common Mistakes in Pre-operative Care,3,Quiz
Surgery,Advanced Pre-operative Care Techniques,Advanced,81,Hands-on Practice for Pre-operative Care,4,Case Study
Surgery,Pre-operative Care: Case Study & Project Work,Advanced,107,Advanced Pre-operative Care Techniques,4,Case Study
Surgery,Mini Project on Pre-operative Care,Advanced,83,Pre-operative Care: Case Study & Project Work,4,Interactive Lab
Surgery,Real-world Applications of Pre-operative Care,Advanced,79,Mini Project on Pre-operative Care,4,Case Study
Surgery,Interview Questions on Pre-operative Care,Advanced,99,Real-world Applications of Pre-operative Care,4,Practice Problems
Surgery,Mastering Pre-operative Care,Advanced,78,Interview Questions on Pre-operative Care,4,Practice Problems
Surgery,Introduction to Surgical Techniques,Beginner,26,Mastering Pre-operative Care,1,Quiz
Surgery,Fundamentals of Surgical Techniques,Beginner,20,Introduction to Surgical Techniques,1,Video
Surgery,Quick Revision of Surgical Techniques,Beginner,25,Fundamentals of Surgical Techniques,1,Quiz
Surgery,Essential Terminology of Surgical Techniques,Beginner,22,Quick Revision of Surgical Techniques,2,Video
Surgery,Surgical Techniques: Core Concepts,Intermediate,46,Essential Terminology of Surgical Techniques,3,Practice Problems
Surgery,Surgical Techniques: Practical Applications,Intermediate,59,Surgical Techniques: Core Concepts,2,Quiz
Surgery,Problem Solving using Surgical Techniques,Intermediate,47,Surgical Techniques: Practical Applications,3,Case Study
Surgery,Common Mistakes in Surgical Techniques,Intermediate,39,Problem Solving using Surgical Techniques,3,Practice Problems
Surgery,Hands-on Practice for Surgical Techniques,Intermediate,56,Common Mistakes in Surgical Techniques,3,Case Study
Surgery,Advanced Surgical Techniques Techniques,Advanced,98,Hands-on Practice for Surgical Techniques,4,Interactive Lab
Surgery,Surgical Techniques: Case Study & Project Work,Advanced,115,Advanced Surgical Techniques Techniques,5,Practice Problems
Surgery,Mini Project on Surgical Techniques,Advanced,87,Surgical Techniques: Case Study & Project Work,4,Practice Problems
Surgery,Real-world Applications of Surgical Techniques,Advanced,105,Mini Project on Surgical Techniques,4,Practice Problems
Surgery,Interview Questions on Surgical Techniques,Advanced,85,Real-world Applications of Surgical Techniques,5,Mini Project
Surgery,Mastering Surgical Techniques,Advanced,62,Interview Questions on Surgical Techniques,4,Interactive Lab
Surgery,Introduction to Post-operative Care,Beginner,21,Mastering Surgical Techniques,2,PDF Notes
Surgery,Fundamentals of Post-operative Care,Beginner,19,Introduction to Post-operative Care,1,Quiz
Surgery,Quick Revision of Post-operative Care,Beginner,28,Fundamentals of Post-operative Care,2,Quiz
Surgery,Essential Terminology of Post-operative Care,Beginner,15,Quick Revision of Post-operative Care,2,PDF Notes
Surgery,Post-operative Care: Core Concepts,Intermediate,44,Essential Terminology of Post-operative Care,4,Video
Surgery,Post-operative Care: Practical Applications,Intermediate,38,Post-operative Care: Core Concepts,3,Practice Problems
Surgery,Problem Solving using Post-operative Care,Intermediate,47,Post-operative Care: Practical Applications,2,Practice Problems
Surgery,Common Mistakes in Post-operative Care,Intermediate,53,Problem Solving using Post-operative Care,3,Practice Problems
Surgery,Hands-on Practice for Post-operative Care,Intermediate,43,Common Mistakes in Post-operative Care,2,Case Study
Surgery,Advanced Post-operative Care Techniques,Advanced,63,Hands-on Practice for Post-operative Care,4,Case Study
Surgery,Post-operative Care: Case Study & Project Work,Advanced,91,Advanced Post-operative Care Techniques,5,Mini Project
Surgery,Mini Project on Post-operative Care,Advanced,117,Post-operative Care: Case Study & Project Work,4,Mini Project
Surgery,Real-world Applications of Post-operative Care,Advanced,120,Mini Project on Post-operative Care,5,Mini Project
Surgery,Interview Questions on Post-operative Care,Advanced,69,Real-world Applications of Post-operative Care,4,Practice Problems
Surgery,Mastering Post-operative Care,Advanced,93,Interview Questions on Post-operative Care,4,Practice Problems
Surgery,Introduction to Trauma Surgery,Beginner,25,Mastering Post-operative Care,2,Video
Surgery,Fundamentals of Trauma Surgery,Beginner,29,Introduction to Trauma Surgery,1,Quiz
Surgery,Quick Revision of Trauma Surgery,Beginner,23,Fundamentals of Trauma Surgery,2,Video
Surgery,Essential Terminology of Trauma Surgery,Beginner,16,Quick Revision of Trauma Surgery,2,Quiz
Surgery,Trauma Surgery: Core Concepts,Intermediate,40,Essential Terminology of Trauma Surgery,3,Quiz
Surgery,Trauma Surgery: Practical Applications,Intermediate,54,Trauma Surgery: Core Concepts,4,Quiz
Surgery,Problem Solving using Trauma Surgery,Intermediate,53,Trauma Surgery: Practical Applications,4,Case Study
Surgery,Common Mistakes in Trauma Surgery,Intermediate,48,Problem Solving using Trauma Surgery,2,Quiz
Surgery,Hands-on Practice for Trauma Surgery,Intermediate,42,Common Mistakes in Trauma Surgery,3,Video
Surgery,Advanced Trauma Surgery Techniques,Advanced,79,Hands-on Practice for Trauma Surgery,4,Mini Project
Surgery,Trauma Surgery: Case Study & Project Work,Advanced,91,Advanced Trauma Surgery Techniques,5,Practice Problems
Surgery,Mini Project on Trauma Surgery,Advanced,88,Trauma Surgery: Case Study & Project Work,5,Case Study
Surgery,Real-world Applications of Trauma Surgery,Advanced,65,Mini Project on Trauma Surgery,5,Practice Problems
Surgery,Interview Questions on Trauma Surgery,Advanced,98,Real-world Applications of Trauma Surgery,5,Interactive Lab
Surgery,Mastering Trauma Surgery,Advanced,80,Interview Questions on Trauma Surgery,4,Practice Problems
Surveying,Introduction to Chain Surveying,Beginner,20,None,2,PDF Notes
Surveying,Fundamentals of Chain Surveying,Beginner,24,Introduction to Chain Surveying,2,Video
Surveying,Quick Revision of Chain Surveying,Beginner,30,Fundamentals of Chain Surveying,1,Video
Surveying,Essential Terminology of Chain Surveying,Beginner,28,Quick Revision of Chain Surveying,2,Video
Surveying,Chain Surveying: Core Concepts,Intermediate,58,Essential Terminology of Chain Surveying,3,Video
Surveying,Chain Surveying: Practical Applications,Intermediate,50,Chain Surveying: Core Concepts,2,Quiz
Surveying,Problem Solving using Chain Surveying,Intermediate,43,Chain Surveying: Practical Applications,2,Quiz
Surveying,Common Mistakes in Chain Surveying,Intermediate,38,Problem Solving using Chain Surveying,2,Quiz
Surveying,Hands-on Practice for Chain Surveying,Intermediate,48,Common Mistakes in Chain Surveying,4,Quiz
Surveying,Advanced Chain Surveying Techniques,Advanced,60,Hands-on Practice for Chain Surveying,4,Interactive Lab
Surveying,Chain Surveying: Case Study & Project Work,Advanced,65,Advanced Chain Surveying Techniques,5,Mini Project
Surveying,Mini Project on Chain Surveying,Advanced,118,Chain Surveying: Case Study & Project Work,5,Interactive Lab
Surveying,Real-world Applications of Chain Surveying,Advanced,107,Mini Project on Chain Surveying,5,Interactive Lab
Surveying,Interview Questions on Chain Surveying,Advanced,96,Real-world Applications of Chain Surveying,4,Practice Problems
Surveying,Mastering Chain Surveying,Advanced,94,Interview Questions on Chain Surveying,5,Practice Problems
Surveying,Introduction to Leveling,Beginner,20,Mastering Chain Surveying,1,Quiz
Surveying,Fundamentals of Leveling,Beginner,27,Introduction to Leveling,2,Video
Surveying,Quick Revision of Leveling,Beginner,26,Fundamentals of Leveling,2,PDF Notes
Surveying,Essential Terminology of Leveling,Beginner,29,Quick Revision of Leveling,2,Video
Surveying,Leveling: Core Concepts,Intermediate,32,Essential Terminology of Leveling,2,Video
Surveying,Leveling: Practical Applications,Intermediate,40,Leveling: Core Concepts,2,Practice Problems
Surveying,Problem Solving using Leveling,Intermediate,39,Leveling: Practical Applications,3,Practice Problems
Surveying,Common Mistakes in Leveling,Intermediate,38,Problem Solving using Leveling,4,Quiz
Surveying,Hands-on Practice for Leveling,Intermediate,39,Common Mistakes in Leveling,3,Quiz
Surveying,Advanced Leveling Techniques,Advanced,68,Hands-on Practice for Leveling,4,Practice Problems
Surveying,Leveling: Case Study & Project Work,Advanced,64,Advanced Leveling Techniques,5,Case Study
Surveying,Mini Project on Leveling,Advanced,60,Leveling: Case Study & Project Work,4,Mini Project
Surveying,Real-world Applications of Leveling,Advanced,60,Mini Project on Leveling,5,Mini Project
Surveying,Interview Questions on Leveling,Advanced,113,Real-world Applications of Leveling,4,Practice Problems
Surveying,Mastering Leveling,Advanced,105,Interview Questions on Leveling,4,Interactive Lab
Surveying,Introduction to Theodolite Surveying,Beginner,20,Mastering Leveling,2,Video
Surveying,Fundamentals of Theodolite Surveying,Beginner,20,Introduction to Theodolite Surveying,2,Quiz
Surveying,Quick Revision of Theodolite Surveying,Beginner,24,Fundamentals of Theodolite Surveying,1,Quiz
Surveying,Essential Terminology of Theodolite Surveying,Beginner,21,Quick Revision of Theodolite Surveying,2,Quiz
Surveying,Theodolite Surveying: Core Concepts,Intermediate,41,Essential Terminology of Theodolite Surveying,4,Case Study
Surveying,Theodolite Surveying: Practical Applications,Intermediate,45,Theodolite Surveying: Core Concepts,3,Video
Surveying,Problem Solving using Theodolite Surveying,Intermediate,31,Theodolite Surveying: Practical Applications,2,Video
Surveying,Common Mistakes in Theodolite Surveying,Intermediate,55,Problem Solving using Theodolite Surveying,2,Video
Surveying,Hands-on Practice for Theodolite Surveying,Intermediate,32,Common Mistakes in Theodolite Surveying,3,Quiz
Surveying,Advanced Theodolite Surveying Techniques,Advanced,81,Hands-on Practice for Theodolite Surveying,4,Case Study
Surveying,Theodolite Surveying: Case Study & Project Work,Advanced,91,Advanced Theodolite Surveying Techniques,4,Case Study
Surveying,Mini Project on Theodolite Surveying,Advanced,104,Theodolite Surveying: Case Study & Project Work,4,Practice Problems
Surveying,Real-world Applications of Theodolite Surveying,Advanced,79,Mini Project on Theodolite Surveying,5,Mini Project
Surveying,Interview Questions on Theodolite Surveying,Advanced,63,Real-world Applications of Theodolite Surveying,5,Case Study
Surveying,Mastering Theodolite Surveying,Advanced,63,Interview Questions on Theodolite Surveying,5,Mini Project
Surveying,Introduction to Total Station,Beginner,23,Mastering Theodolite Surveying,2,PDF Notes
Surveying,Fundamentals of Total Station,Beginner,20,Introduction to Total Station,1,Video
Surveying,Quick Revision of Total Station,Beginner,25,Fundamentals of Total Station,1,Video
Surveying,Essential Terminology of Total Station,Beginner,20,Quick Revision of Total Station,1,Quiz
Surveying,Total Station: Core Concepts,Intermediate,43,Essential Terminology of Total Station,4,Quiz
Surveying,Total Station: Practical Applications,Intermediate,44,Total Station: Core Concepts,4,Quiz
Surveying,Problem Solving using Total Station,Intermediate,50,Total Station: Practical Applications,3,Practice Problems
Surveying,Common Mistakes in Total Station,Intermediate,45,Problem Solving using Total Station,3,Quiz
Surveying,Hands-on Practice for Total Station,Intermediate,44,Common Mistakes in Total Station,4,Practice Problems
Surveying,Advanced Total Station Techniques,Advanced,65,Hands-on Practice for Total Station,4,Case Study
Surveying,Total Station: Case Study & Project Work,Advanced,111,Advanced Total Station Techniques,5,Mini Project
Surveying,Mini Project on Total Station,Advanced,99,Total Station: Case Study & Project Work,4,Practice Problems
Surveying,Real-world Applications of Total Station,Advanced,117,Mini Project on Total Station,4,Case Study
Surveying,Interview Questions on Total Station,Advanced,64,Real-world Applications of Total Station,5,Mini Project
Surveying,Mastering Total Station,Advanced,79,Interview Questions on Total Station,5,Case Study
Surveying,Introduction to GPS Surveying,Beginner,21,Mastering Total Station,2,PDF Notes
Surveying,Fundamentals of GPS Surveying,Beginner,16,Introduction to GPS Surveying,1,PDF Notes
Surveying,Quick Revision of GPS Surveying,Beginner,29,Fundamentals of GPS Surveying,2,Video
Surveying,Essential Terminology of GPS Surveying,Beginner,23,Quick Revision of GPS Surveying,2,Video
Surveying,GPS Surveying: Core Concepts,Intermediate,40,Essential Terminology of GPS Surveying,2,Case Study
Surveying,GPS Surveying: Practical Applications,Intermediate,58,GPS Surveying: Core Concepts,4,Quiz
Surveying,Problem Solving using GPS Surveying,Intermediate,46,GPS Surveying: Practical Applications,3,Case Study
Surveying,Common Mistakes in GPS Surveying,Intermediate,33,Problem Solving using GPS Surveying,4,Video
Surveying,Hands-on Practice for GPS Surveying,Intermediate,51,Common Mistakes in GPS Surveying,3,Case Study
Surveying,Advanced GPS Surveying Techniques,Advanced,76,Hands-on Practice for GPS Surveying,5,Interactive Lab
Surveying,GPS Surveying: Case Study & Project Work,Advanced,115,Advanced GPS Surveying Techniques,4,Mini Project
Surveying,Mini Project on GPS Surveying,Advanced,87,GPS Surveying: Case Study & Project Work,4,Interactive Lab
Surveying,Real-world Applications of GPS Surveying,Advanced,77,Mini Project on GPS Surveying,4,Mini Project
Surveying,Interview Questions on GPS Surveying,Advanced,104,Real-world Applications of GPS Surveying,5,Mini Project
Surveying,Mastering GPS Surveying,Advanced,115,Interview Questions on GPS Surveying,5,Mini Project
Taxation,Introduction to Income Tax Basics,Beginner,24,None,2,Quiz
Taxation,Fundamentals of Income Tax Basics,Beginner,15,Introduction to Income Tax Basics,1,PDF Notes
Taxation,Quick Revision of Income Tax Basics,Beginner,24,Fundamentals of Income Tax Basics,1,Video
Taxation,Essential Terminology of Income Tax Basics,Beginner,17,Quick Revision of Income Tax Basics,1,Video
Taxation,Income Tax Basics: Core Concepts,Intermediate,41,Essential Terminology of Income Tax Basics,4,Practice Problems
Taxation,Income Tax Basics: Practical Applications,Intermediate,43,Income Tax Basics: Core Concepts,2,Video
Taxation,Problem Solving using Income Tax Basics,Intermediate,47,Income Tax Basics: Practical Applications,2,Video
Taxation,Common Mistakes in Income Tax Basics,Intermediate,49,Problem Solving using Income Tax Basics,3,Case Study
Taxation,Hands-on Practice for Income Tax Basics,Intermediate,49,Common Mistakes in Income Tax Basics,4,Case Study
Taxation,Advanced Income Tax Basics Techniques,Advanced,110,Hands-on Practice for Income Tax Basics,4,Practice Problems
Taxation,Income Tax Basics: Case Study & Project Work,Advanced,63,Advanced Income Tax Basics Techniques,4,Mini Project
Taxation,Mini Project on Income Tax Basics,Advanced,72,Income Tax Basics: Case Study & Project Work,5,Mini Project
Taxation,Real-world Applications of Income Tax Basics,Advanced,120,Mini Project on Income Tax Basics,4,Mini Project
Taxation,Interview Questions on Income Tax Basics,Advanced,93,Real-world Applications of Income Tax Basics,5,Case Study
Taxation,Mastering Income Tax Basics,Advanced,113,Interview Questions on Income Tax Basics,5,Practice Problems
Taxation,Introduction to GST Fundamentals,Beginner,26,Mastering Income Tax Basics,1,Video
Taxation,Fundamentals of GST Fundamentals,Beginner,15,Introduction to GST Fundamentals,2,PDF Notes
Taxation,Quick Revision of GST Fundamentals,Beginner,17,Fundamentals of GST Fundamentals,1,Video
Taxation,Essential Terminology of GST Fundamentals,Beginner,17,Quick Revision of GST Fundamentals,2,Quiz
Taxation,GST Fundamentals: Core Concepts,Intermediate,38,Essential Terminology of GST Fundamentals,3,Video
Taxation,GST Fundamentals: Practical Applications,Intermediate,49,GST Fundamentals: Core Concepts,3,Case Study
Taxation,Problem Solving using GST Fundamentals,Intermediate,34,GST Fundamentals: Practical Applications,2,Case Study
Taxation,Common Mistakes in GST Fundamentals,Intermediate,52,Problem Solving using GST Fundamentals,2,Quiz
Taxation,Hands-on Practice for GST Fundamentals,Intermediate,58,Common Mistakes in GST Fundamentals,4,Video
Taxation,Advanced GST Fundamentals Techniques,Advanced,70,Hands-on Practice for GST Fundamentals,4,Mini Project
Taxation,GST Fundamentals: Case Study & Project Work,Advanced,119,Advanced GST Fundamentals Techniques,5,Interactive Lab
Taxation,Mini Project on GST Fundamentals,Advanced,77,GST Fundamentals: Case Study & Project Work,4,Practice Problems
Taxation,Real-world Applications of GST Fundamentals,Advanced,103,Mini Project on GST Fundamentals,5,Mini Project
Taxation,Interview Questions on GST Fundamentals,Advanced,66,Real-world Applications of GST Fundamentals,5,Mini Project
Taxation,Mastering GST Fundamentals,Advanced,103,Interview Questions on GST Fundamentals,5,Case Study
Taxation,Introduction to Tax Planning,Beginner,30,Mastering GST Fundamentals,2,PDF Notes
Taxation,Fundamentals of Tax Planning,Beginner,28,Introduction to Tax Planning,2,Quiz
Taxation,Quick Revision of Tax Planning,Beginner,26,Fundamentals of Tax Planning,2,Video
Taxation,Essential Terminology of Tax Planning,Beginner,18,Quick Revision of Tax Planning,1,PDF Notes
Taxation,Tax Planning: Core Concepts,Intermediate,32,Essential Terminology of Tax Planning,4,Practice Problems
Taxation,Tax Planning: Practical Applications,Intermediate,30,Tax Planning: Core Concepts,3,Video
Taxation,Problem Solving using Tax Planning,Intermediate,48,Tax Planning: Practical Applications,2,Case Study
Taxation,Common Mistakes in Tax Planning,Intermediate,52,Problem Solving using Tax Planning,4,Case Study
Taxation,Hands-on Practice for Tax Planning,Intermediate,37,Common Mistakes in Tax Planning,4,Case Study
Taxation,Advanced Tax Planning Techniques,Advanced,91,Hands-on Practice for Tax Planning,4,Case Study
Taxation,Tax Planning: Case Study & Project Work,Advanced,61,Advanced Tax Planning Techniques,4,Mini Project
Taxation,Mini Project on Tax Planning,Advanced,87,Tax Planning: Case Study & Project Work,5,Mini Project
Taxation,Real-world Applications of Tax Planning,Advanced,95,Mini Project on Tax Planning,5,Interactive Lab
Taxation,Interview Questions on Tax Planning,Advanced,101,Real-world Applications of Tax Planning,4,Mini Project
Taxation,Mastering Tax Planning,Advanced,68,Interview Questions on Tax Planning,4,Case Study
Taxation,Introduction to Corporate Taxation,Beginner,16,Mastering Tax Planning,1,Video
Taxation,Fundamentals of Corporate Taxation,Beginner,16,Introduction to Corporate Taxation,1,Quiz
Taxation,Quick Revision of Corporate Taxation,Beginner,16,Fundamentals of Corporate Taxation,1,Quiz
Taxation,Essential Terminology of Corporate Taxation,Beginner,24,Quick Revision of Corporate Taxation,1,Quiz
Taxation,Corporate Taxation: Core Concepts,Intermediate,40,Essential Terminology of Corporate Taxation,4,Case Study
Taxation,Corporate Taxation: Practical Applications,Intermediate,59,Corporate Taxation: Core Concepts,2,Case Study
Taxation,Problem Solving using Corporate Taxation,Intermediate,57,Corporate Taxation: Practical Applications,2,Video
Taxation,Common Mistakes in Corporate Taxation,Intermediate,48,Problem Solving using Corporate Taxation,2,Video
Taxation,Hands-on Practice for Corporate Taxation,Intermediate,34,Common Mistakes in Corporate Taxation,3,Practice Problems
Taxation,Advanced Corporate Taxation Techniques,Advanced,105,Hands-on Practice for Corporate Taxation,5,Practice Problems
Taxation,Corporate Taxation: Case Study & Project Work,Advanced,61,Advanced Corporate Taxation Techniques,5,Interactive Lab
Taxation,Mini Project on Corporate Taxation,Advanced,110,Corporate Taxation: Case Study & Project Work,4,Practice Problems
Taxation,Real-world Applications of Corporate Taxation,Advanced,61,Mini Project on Corporate Taxation,4,Case Study
Taxation,Interview Questions on Corporate Taxation,Advanced,89,Real-world Applications of Corporate Taxation,5,Practice Problems
Taxation,Mastering Corporate Taxation,Advanced,117,Interview Questions on Corporate Taxation,5,Mini Project
Thermodynamics,Introduction to Laws of Thermodynamics,Beginner,20,None,1,PDF Notes
Thermodynamics,Fundamentals of Laws of Thermodynamics,Beginner,20,Introduction to Laws of Thermodynamics,1,Video
Thermodynamics,Quick Revision of Laws of Thermodynamics,Beginner,20,Fundamentals of Laws of Thermodynamics,1,Quiz
Thermodynamics,Essential Terminology of Laws of Thermodynamics,Beginner,15,Quick Revision of Laws of Thermodynamics,2,PDF Notes
Thermodynamics,Laws of Thermodynamics: Core Concepts,Intermediate,53,Essential Terminology of Laws of Thermodynamics,3,Practice Problems
Thermodynamics,Laws of Thermodynamics: Practical Applications,Intermediate,56,Laws of Thermodynamics: Core Concepts,3,Practice Problems
Thermodynamics,Problem Solving using Laws of Thermodynamics,Intermediate,33,Laws of Thermodynamics: Practical Applications,3,Practice Problems
Thermodynamics,Common Mistakes in Laws of Thermodynamics,Intermediate,38,Problem Solving using Laws of Thermodynamics,2,Case Study
Thermodynamics,Hands-on Practice for Laws of Thermodynamics,Intermediate,41,Common Mistakes in Laws of Thermodynamics,2,Practice Problems
Thermodynamics,Advanced Laws of Thermodynamics Techniques,Advanced,89,Hands-on Practice for Laws of Thermodynamics,4,Practice Problems
Thermodynamics,Laws of Thermodynamics: Case Study & Project Work,Advanced,115,Advanced Laws of Thermodynamics Techniques,5,Case Study
Thermodynamics,Mini Project on Laws of Thermodynamics,Advanced,86,Laws of Thermodynamics: Case Study & Project Work,5,Interactive Lab
Thermodynamics,Real-world Applications of Laws of Thermodynamics,Advanced,84,Mini Project on Laws of Thermodynamics,4,Mini Project
Thermodynamics,Interview Questions on Laws of Thermodynamics,Advanced,64,Real-world Applications of Laws of Thermodynamics,4,Case Study
Thermodynamics,Mastering Laws of Thermodynamics,Advanced,67,Interview Questions on Laws of Thermodynamics,4,Case Study
Thermodynamics,Introduction to Entropy,Beginner,18,Mastering Laws of Thermodynamics,1,Video
Thermodynamics,Fundamentals of Entropy,Beginner,21,Introduction to Entropy,2,Quiz
Thermodynamics,Quick Revision of Entropy,Beginner,17,Fundamentals of Entropy,1,Video
Thermodynamics,Essential Terminology of Entropy,Beginner,17,Quick Revision of Entropy,1,PDF Notes
Thermodynamics,Entropy: Core Concepts,Intermediate,56,Essential Terminology of Entropy,4,Quiz
Thermodynamics,Entropy: Practical Applications,Intermediate,57,Entropy: Core Concepts,2,Practice Problems
Thermodynamics,Problem Solving using Entropy,Intermediate,48,Entropy: Practical Applications,4,Video
Thermodynamics,Common Mistakes in Entropy,Intermediate,60,Problem Solving using Entropy,4,Video
Thermodynamics,Hands-on Practice for Entropy,Intermediate,39,Common Mistakes in Entropy,4,Video
Thermodynamics,Advanced Entropy Techniques,Advanced,62,Hands-on Practice for Entropy,5,Case Study
Thermodynamics,Entropy: Case Study & Project Work,Advanced,77,Advanced Entropy Techniques,4,Case Study
Thermodynamics,Mini Project on Entropy,Advanced,79,Entropy: Case Study & Project Work,5,Interactive Lab
Thermodynamics,Real-world Applications of Entropy,Advanced,81,Mini Project on Entropy,5,Interactive Lab
Thermodynamics,Interview Questions on Entropy,Advanced,74,Real-world Applications of Entropy,4,Mini Project
Thermodynamics,Mastering Entropy,Advanced,80,Interview Questions on Entropy,4,Mini Project
Thermodynamics,Introduction to Heat Engines,Beginner,18,Mastering Entropy,1,PDF Notes
Thermodynamics,Fundamentals of Heat Engines,Beginner,27,Introduction to Heat Engines,1,Quiz
Thermodynamics,Quick Revision of Heat Engines,Beginner,16,Fundamentals of Heat Engines,1,Quiz
Thermodynamics,Essential Terminology of Heat Engines,Beginner,18,Quick Revision of Heat Engines,2,Video
Thermodynamics,Heat Engines: Core Concepts,Intermediate,57,Essential Terminology of Heat Engines,4,Quiz
Thermodynamics,Heat Engines: Practical Applications,Intermediate,50,Heat Engines: Core Concepts,3,Case Study
Thermodynamics,Problem Solving using Heat Engines,Intermediate,30,Heat Engines: Practical Applications,4,Quiz
Thermodynamics,Common Mistakes in Heat Engines,Intermediate,30,Problem Solving using Heat Engines,3,Video
Thermodynamics,Hands-on Practice for Heat Engines,Intermediate,48,Common Mistakes in Heat Engines,4,Quiz
Thermodynamics,Advanced Heat Engines Techniques,Advanced,98,Hands-on Practice for Heat Engines,4,Interactive Lab
Thermodynamics,Heat Engines: Case Study & Project Work,Advanced,85,Advanced Heat Engines Techniques,5,Practice Problems
Thermodynamics,Mini Project on Heat Engines,Advanced,81,Heat Engines: Case Study & Project Work,4,Practice Problems
Thermodynamics,Real-world Applications of Heat Engines,Advanced,73,Mini Project on Heat Engines,5,Mini Project
Thermodynamics,Interview Questions on Heat Engines,Advanced,103,Real-world Applications of Heat Engines,5,Practice Problems
Thermodynamics,Mastering Heat Engines,Advanced,86,Interview Questions on Heat Engines,5,Case Study
Thermodynamics,Introduction to Refrigeration Cycles,Beginner,24,Mastering Heat Engines,2,Quiz
Thermodynamics,Fundamentals of Refrigeration Cycles,Beginner,27,Introduction to Refrigeration Cycles,2,Video
Thermodynamics,Quick Revision of Refrigeration Cycles,Beginner,16,Fundamentals of Refrigeration Cycles,1,Video
Thermodynamics,Essential Terminology of Refrigeration Cycles,Beginner,23,Quick Revision of Refrigeration Cycles,2,Video
Thermodynamics,Refrigeration Cycles: Core Concepts,Intermediate,30,Essential Terminology of Refrigeration Cycles,3,Video
Thermodynamics,Refrigeration Cycles: Practical Applications,Intermediate,37,Refrigeration Cycles: Core Concepts,2,Practice Problems
Thermodynamics,Problem Solving using Refrigeration Cycles,Intermediate,42,Refrigeration Cycles: Practical Applications,2,Case Study
Thermodynamics,Common Mistakes in Refrigeration Cycles,Intermediate,30,Problem Solving using Refrigeration Cycles,2,Practice Problems
Thermodynamics,Hands-on Practice for Refrigeration Cycles,Intermediate,45,Common Mistakes in Refrigeration Cycles,4,Practice Problems
Thermodynamics,Advanced Refrigeration Cycles Techniques,Advanced,69,Hands-on Practice for Refrigeration Cycles,5,Practice Problems
Thermodynamics,Refrigeration Cycles: Case Study & Project Work,Advanced,92,Advanced Refrigeration Cycles Techniques,4,Practice Problems
Thermodynamics,Mini Project on Refrigeration Cycles,Advanced,64,Refrigeration Cycles: Case Study & Project Work,5,Practice Problems
Thermodynamics,Real-world Applications of Refrigeration Cycles,Advanced,76,Mini Project on Refrigeration Cycles,4,Case Study
Thermodynamics,Interview Questions on Refrigeration Cycles,Advanced,76,Real-world Applications of Refrigeration Cycles,5,Mini Project
Thermodynamics,Mastering Refrigeration Cycles,Advanced,120,Interview Questions on Refrigeration Cycles,5,Case Study
Thermodynamics,Introduction to Thermodynamic Properties,Beginner,19,Mastering Refrigeration Cycles,1,PDF Notes
Thermodynamics,Fundamentals of Thermodynamic Properties,Beginner,16,Introduction to Thermodynamic Properties,1,Video
Thermodynamics,Quick Revision of Thermodynamic Properties,Beginner,19,Fundamentals of Thermodynamic Properties,1,PDF Notes
Thermodynamics,Essential Terminology of Thermodynamic Properties,Beginner,16,Quick Revision of Thermodynamic Properties,1,Video
Thermodynamics,Thermodynamic Properties: Core Concepts,Intermediate,50,Essential Terminology of Thermodynamic Properties,4,Practice Problems
Thermodynamics,Thermodynamic Properties: Practical Applications,Intermediate,55,Thermodynamic Properties: Core Concepts,3,Practice Problems
Thermodynamics,Problem Solving using Thermodynamic Properties,Intermediate,44,Thermodynamic Properties: Practical Applications,3,Case Study
Thermodynamics,Common Mistakes in Thermodynamic Properties,Intermediate,48,Problem Solving using Thermodynamic Properties,2,Video
Thermodynamics,Hands-on Practice for Thermodynamic Properties,Intermediate,59,Common Mistakes in Thermodynamic Properties,2,Video
Thermodynamics,Advanced Thermodynamic Properties Techniques,Advanced,103,Hands-on Practice for Thermodynamic Properties,4,Interactive Lab
Thermodynamics,Thermodynamic Properties: Case Study & Project Work,Advanced,74,Advanced Thermodynamic Properties Techniques,5,Practice Problems
Thermodynamics,Mini Project on Thermodynamic Properties,Advanced,68,Thermodynamic Properties: Case Study & Project Work,4,Case Study
Thermodynamics,Real-world Applications of Thermodynamic Properties,Advanced,113,Mini Project on Thermodynamic Properties,5,Interactive Lab
Thermodynamics,Interview Questions on Thermodynamic Properties,Advanced,99,Real-world Applications of Thermodynamic Properties,4,Mini Project
Thermodynamics,Mastering Thermodynamic Properties,Advanced,78,Interview Questions on Thermodynamic Properties,5,Case Study
Transportation Engineering,Introduction to Highway Design,Beginner,22,None,1,Video
Transportation Engineering,Fundamentals of Highway Design,Beginner,21,Introduction to Highway Design,1,Video
Transportation Engineering,Quick Revision of Highway Design,Beginner,28,Fundamentals of Highway Design,2,Quiz
Transportation Engineering,Essential Terminology of Highway Design,Beginner,17,Quick Revision of Highway Design,1,Quiz
Transportation Engineering,Highway Design: Core Concepts,Intermediate,53,Essential Terminology of Highway Design,3,Case Study
Transportation Engineering,Highway Design: Practical Applications,Intermediate,34,Highway Design: Core Concepts,3,Video
Transportation Engineering,Problem Solving using Highway Design,Intermediate,60,Highway Design: Practical Applications,3,Case Study
Transportation Engineering,Common Mistakes in Highway Design,Intermediate,49,Problem Solving using Highway Design,3,Video
Transportation Engineering,Hands-on Practice for Highway Design,Intermediate,54,Common Mistakes in Highway Design,4,Practice Problems
Transportation Engineering,Advanced Highway Design Techniques,Advanced,94,Hands-on Practice for Highway Design,4,Interactive Lab
Transportation Engineering,Highway Design: Case Study & Project Work,Advanced,62,Advanced Highway Design Techniques,4,Case Study
Transportation Engineering,Mini Project on Highway Design,Advanced,87,Highway Design: Case Study & Project Work,5,Mini Project
Transportation Engineering,Real-world Applications of Highway Design,Advanced,92,Mini Project on Highway Design,5,Practice Problems
Transportation Engineering,Interview Questions on Highway Design,Advanced,118,Real-world Applications of Highway Design,5,Interactive Lab
Transportation Engineering,Mastering Highway Design,Advanced,95,Interview Questions on Highway Design,4,Interactive Lab
Transportation Engineering,Introduction to Traffic Engineering,Beginner,26,Mastering Highway Design,1,Video
Transportation Engineering,Fundamentals of Traffic Engineering,Beginner,22,Introduction to Traffic Engineering,2,Video
Transportation Engineering,Quick Revision of Traffic Engineering,Beginner,30,Fundamentals of Traffic Engineering,2,Video
Transportation Engineering,Essential Terminology of Traffic Engineering,Beginner,19,Quick Revision of Traffic Engineering,2,Video
Transportation Engineering,Traffic Engineering: Core Concepts,Intermediate,44,Essential Terminology of Traffic Engineering,4,Quiz
Transportation Engineering,Traffic Engineering: Practical Applications,Intermediate,57,Traffic Engineering: Core Concepts,4,Quiz
Transportation Engineering,Problem Solving using Traffic Engineering,Intermediate,40,Traffic Engineering: Practical Applications,3,Quiz
Transportation Engineering,Common Mistakes in Traffic Engineering,Intermediate,35,Problem Solving using Traffic Engineering,2,Quiz
Transportation Engineering,Hands-on Practice for Traffic Engineering,Intermediate,41,Common Mistakes in Traffic Engineering,3,Practice Problems
Transportation Engineering,Advanced Traffic Engineering Techniques,Advanced,65,Hands-on Practice for Traffic Engineering,4,Mini Project
Transportation Engineering,Traffic Engineering: Case Study & Project Work,Advanced,93,Advanced Traffic Engineering Techniques,5,Case Study
Transportation Engineering,Mini Project on Traffic Engineering,Advanced,62,Traffic Engineering: Case Study & Project Work,5,Mini Project
Transportation Engineering,Real-world Applications of Traffic Engineering,Advanced,65,Mini Project on Traffic Engineering,5,Case Study
Transportation Engineering,Interview Questions on Traffic Engineering,Advanced,79,Real-world Applications of Traffic Engineering,4,Mini Project
Transportation Engineering,Mastering Traffic Engineering,Advanced,85,Interview Questions on Traffic Engineering,4,Mini Project
Transportation Engineering,Introduction to Pavement Design,Beginner,22,Mastering Traffic Engineering,2,PDF Notes
Transportation Engineering,Fundamentals of Pavement Design,Beginner,21,Introduction to Pavement Design,2,PDF Notes
Transportation Engineering,Quick Revision of Pavement Design,Beginner,21,Fundamentals of Pavement Design,2,Video
Transportation Engineering,Essential Terminology of Pavement Design,Beginner,28,Quick Revision of Pavement Design,2,PDF Notes
Transportation Engineering,Pavement Design: Core Concepts,Intermediate,34,Essential Terminology of Pavement Design,4,Case Study
Transportation Engineering,Pavement Design: Practical Applications,Intermediate,46,Pavement Design: Core Concepts,3,Quiz
Transportation Engineering,Problem Solving using Pavement Design,Intermediate,41,Pavement Design: Practical Applications,4,Practice Problems
Transportation Engineering,Common Mistakes in Pavement Design,Intermediate,60,Problem Solving using Pavement Design,4,Quiz
Transportation Engineering,Hands-on Practice for Pavement Design,Intermediate,50,Common Mistakes in Pavement Design,4,Case Study
Transportation Engineering,Advanced Pavement Design Techniques,Advanced,106,Hands-on Practice for Pavement Design,5,Case Study
Transportation Engineering,Pavement Design: Case Study & Project Work,Advanced,107,Advanced Pavement Design Techniques,5,Case Study
Transportation Engineering,Mini Project on Pavement Design,Advanced,64,Pavement Design: Case Study & Project Work,4,Case Study
Transportation Engineering,Real-world Applications of Pavement Design,Advanced,88,Mini Project on Pavement Design,5,Interactive Lab
Transportation Engineering,Interview Questions on Pavement Design,Advanced,63,Real-world Applications of Pavement Design,4,Practice Problems
Transportation Engineering,Mastering Pavement Design,Advanced,107,Interview Questions on Pavement Design,4,Case Study
Transportation Engineering,Introduction to Railway Engineering,Beginner,28,Mastering Pavement Design,2,Quiz
Transportation Engineering,Fundamentals of Railway Engineering,Beginner,30,Introduction to Railway Engineering,2,PDF Notes
Transportation Engineering,Quick Revision of Railway Engineering,Beginner,20,Fundamentals of Railway Engineering,2,Quiz
Transportation Engineering,Essential Terminology of Railway Engineering,Beginner,15,Quick Revision of Railway Engineering,1,Quiz
Transportation Engineering,Railway Engineering: Core Concepts,Intermediate,45,Essential Terminology of Railway Engineering,4,Case Study
Transportation Engineering,Railway Engineering: Practical Applications,Intermediate,55,Railway Engineering: Core Concepts,4,Quiz
Transportation Engineering,Problem Solving using Railway Engineering,Intermediate,53,Railway Engineering: Practical Applications,4,Video
Transportation Engineering,Common Mistakes in Railway Engineering,Intermediate,41,Problem Solving using Railway Engineering,3,Practice Problems
Transportation Engineering,Hands-on Practice for Railway Engineering,Intermediate,39,Common Mistakes in Railway Engineering,3,Case Study
Transportation Engineering,Advanced Railway Engineering Techniques,Advanced,120,Hands-on Practice for Railway Engineering,4,Case Study
Transportation Engineering,Railway Engineering: Case Study & Project Work,Advanced,113,Advanced Railway Engineering Techniques,5,Interactive Lab
Transportation Engineering,Mini Project on Railway Engineering,Advanced,68,Railway Engineering: Case Study & Project Work,4,Mini Project
Transportation Engineering,Real-world Applications of Railway Engineering,Advanced,78,Mini Project on Railway Engineering,4,Interactive Lab
Transportation Engineering,Interview Questions on Railway Engineering,Advanced,95,Real-world Applications of Railway Engineering,4,Case Study
Transportation Engineering,Mastering Railway Engineering,Advanced,113,Interview Questions on Railway Engineering,5,Practice Problems
VLSI Design,Introduction to CMOS Design,Beginner,22,None,2,Quiz
VLSI Design,Fundamentals of CMOS Design,Beginner,29,Introduction to CMOS Design,2,PDF Notes
VLSI Design,Quick Revision of CMOS Design,Beginner,24,Fundamentals of CMOS Design,2,Quiz
VLSI Design,Essential Terminology of CMOS Design,Beginner,23,Quick Revision of CMOS Design,2,PDF Notes
VLSI Design,CMOS Design: Core Concepts,Intermediate,59,Essential Terminology of CMOS Design,4,Case Study
VLSI Design,CMOS Design: Practical Applications,Intermediate,33,CMOS Design: Core Concepts,2,Case Study
VLSI Design,Problem Solving using CMOS Design,Intermediate,30,CMOS Design: Practical Applications,3,Video
VLSI Design,Common Mistakes in CMOS Design,Intermediate,33,Problem Solving using CMOS Design,2,Video
VLSI Design,Hands-on Practice for CMOS Design,Intermediate,34,Common Mistakes in CMOS Design,3,Case Study
VLSI Design,Advanced CMOS Design Techniques,Advanced,106,Hands-on Practice for CMOS Design,5,Practice Problems
VLSI Design,CMOS Design: Case Study & Project Work,Advanced,87,Advanced CMOS Design Techniques,4,Interactive Lab
VLSI Design,Mini Project on CMOS Design,Advanced,89,CMOS Design: Case Study & Project Work,4,Mini Project
VLSI Design,Real-world Applications of CMOS Design,Advanced,77,Mini Project on CMOS Design,5,Interactive Lab
VLSI Design,Interview Questions on CMOS Design,Advanced,90,Real-world Applications of CMOS Design,5,Case Study
VLSI Design,Mastering CMOS Design,Advanced,115,Interview Questions on CMOS Design,4,Interactive Lab
VLSI Design,Introduction to Layout Design,Beginner,29,Mastering CMOS Design,2,PDF Notes
VLSI Design,Fundamentals of Layout Design,Beginner,19,Introduction to Layout Design,2,PDF Notes
VLSI Design,Quick Revision of Layout Design,Beginner,16,Fundamentals of Layout Design,1,Video
VLSI Design,Essential Terminology of Layout Design,Beginner,30,Quick Revision of Layout Design,1,Video
VLSI Design,Layout Design: Core Concepts,Intermediate,56,Essential Terminology of Layout Design,2,Quiz
VLSI Design,Layout Design: Practical Applications,Intermediate,45,Layout Design: Core Concepts,2,Practice Problems
VLSI Design,Problem Solving using Layout Design,Intermediate,37,Layout Design: Practical Applications,3,Video
VLSI Design,Common Mistakes in Layout Design,Intermediate,32,Problem Solving using Layout Design,2,Quiz
VLSI Design,Hands-on Practice for Layout Design,Intermediate,47,Common Mistakes in Layout Design,3,Practice Problems
VLSI Design,Advanced Layout Design Techniques,Advanced,82,Hands-on Practice for Layout Design,5,Practice Problems
VLSI Design,Layout Design: Case Study & Project Work,Advanced,67,Advanced Layout Design Techniques,4,Mini Project
VLSI Design,Mini Project on Layout Design,Advanced,117,Layout Design: Case Study & Project Work,4,Practice Problems
VLSI Design,Real-world Applications of Layout Design,Advanced,78,Mini Project on Layout Design,5,Interactive Lab
VLSI Design,Interview Questions on Layout Design,Advanced,82,Real-world Applications of Layout Design,4,Practice Problems
VLSI Design,Mastering Layout Design,Advanced,69,Interview Questions on Layout Design,4,Interactive Lab
VLSI Design,Introduction to Fabrication Process,Beginner,15,Mastering Layout Design,1,Video
VLSI Design,Fundamentals of Fabrication Process,Beginner,25,Introduction to Fabrication Process,1,Quiz
VLSI Design,Quick Revision of Fabrication Process,Beginner,17,Fundamentals of Fabrication Process,1,Video
VLSI Design,Essential Terminology of Fabrication Process,Beginner,29,Quick Revision of Fabrication Process,2,Quiz
VLSI Design,Fabrication Process: Core Concepts,Intermediate,51,Essential Terminology of Fabrication Process,3,Case Study
VLSI Design,Fabrication Process: Practical Applications,Intermediate,32,Fabrication Process: Core Concepts,3,Video
VLSI Design,Problem Solving using Fabrication Process,Intermediate,59,Fabrication Process: Practical Applications,2,Quiz
VLSI Design,Common Mistakes in Fabrication Process,Intermediate,57,Problem Solving using Fabrication Process,4,Case Study
VLSI Design,Hands-on Practice for Fabrication Process,Intermediate,56,Common Mistakes in Fabrication Process,2,Quiz
VLSI Design,Advanced Fabrication Process Techniques,Advanced,97,Hands-on Practice for Fabrication Process,4,Interactive Lab
VLSI Design,Fabrication Process: Case Study & Project Work,Advanced,80,Advanced Fabrication Process Techniques,4,Mini Project
VLSI Design,Mini Project on Fabrication Process,Advanced,105,Fabrication Process: Case Study & Project Work,5,Mini Project
VLSI Design,Real-world Applications of Fabrication Process,Advanced,108,Mini Project on Fabrication Process,4,Case Study
VLSI Design,Interview Questions on Fabrication Process,Advanced,100,Real-world Applications of Fabrication Process,4,Interactive Lab
VLSI Design,Mastering Fabrication Process,Advanced,115,Interview Questions on Fabrication Process,4,Case Study
VLSI Design,Introduction to Timing Analysis,Beginner,29,Mastering Fabrication Process,2,Video
VLSI Design,Fundamentals of Timing Analysis,Beginner,15,Introduction to Timing Analysis,1,Quiz
VLSI Design,Quick Revision of Timing Analysis,Beginner,23,Fundamentals of Timing Analysis,2,Video
VLSI Design,Essential Terminology of Timing Analysis,Beginner,28,Quick Revision of Timing Analysis,1,Video
VLSI Design,Timing Analysis: Core Concepts,Intermediate,48,Essential Terminology of Timing Analysis,4,Video
VLSI Design,Timing Analysis: Practical Applications,Intermediate,59,Timing Analysis: Core Concepts,4,Case Study
VLSI Design,Problem Solving using Timing Analysis,Intermediate,52,Timing Analysis: Practical Applications,4,Quiz
VLSI Design,Common Mistakes in Timing Analysis,Intermediate,43,Problem Solving using Timing Analysis,2,Practice Problems
VLSI Design,Hands-on Practice for Timing Analysis,Intermediate,45,Common Mistakes in Timing Analysis,3,Video
VLSI Design,Advanced Timing Analysis Techniques,Advanced,106,Hands-on Practice for Timing Analysis,4,Mini Project
VLSI Design,Timing Analysis: Case Study & Project Work,Advanced,75,Advanced Timing Analysis Techniques,5,Case Study
VLSI Design,Mini Project on Timing Analysis,Advanced,107,Timing Analysis: Case Study & Project Work,4,Case Study
VLSI Design,Real-world Applications of Timing Analysis,Advanced,86,Mini Project on Timing Analysis,4,Interactive Lab
VLSI Design,Interview Questions on Timing Analysis,Advanced,114,Real-world Applications of Timing Analysis,4,Case Study
VLSI Design,Mastering Timing Analysis,Advanced,87,Interview Questions on Timing Analysis,4,Case Study
VLSI Design,Introduction to Verification,Beginner,28,Mastering Timing Analysis,2,PDF Notes
VLSI Design,Fundamentals of Verification,Beginner,16,Introduction to Verification,1,PDF Notes
VLSI Design,Quick Revision of Verification,Beginner,18,Fundamentals of Verification,2,PDF Notes
VLSI Design,Essential Terminology of Verification,Beginner,27,Quick Revision of Verification,2,PDF Notes
VLSI Design,Verification: Core Concepts,Intermediate,55,Essential Terminology of Verification,4,Case Study
VLSI Design,Verification: Practical Applications,Intermediate,47,Verification: Core Concepts,3,Video
VLSI Design,Problem Solving using Verification,Intermediate,49,Verification: Practical Applications,3,Video
VLSI Design,Common Mistakes in Verification,Intermediate,51,Problem Solving using Verification,2,Quiz
VLSI Design,Hands-on Practice for Verification,Intermediate,31,Common Mistakes in Verification,2,Video
VLSI Design,Advanced Verification Techniques,Advanced,77,Hands-on Practice for Verification,4,Interactive Lab
VLSI Design,Verification: Case Study & Project Work,Advanced,100,Advanced Verification Techniques,4,Interactive Lab
VLSI Design,Mini Project on Verification,Advanced,66,Verification: Case Study & Project Work,4,Mini Project
VLSI Design,Real-world Applications of Verification,Advanced,60,Mini Project on Verification,5,Practice Problems
VLSI Design,Interview Questions on Verification,Advanced,73,Real-world Applications of Verification,5,Practice Problems
VLSI Design,Mastering Verification,Advanced,61,Interview Questions on Verification,5,Mini Project
Web Development,Introduction to HTML & CSS,Beginner,17,None,2,PDF Notes
Web Development,Fundamentals of HTML & CSS,Beginner,18,Introduction to HTML & CSS,1,PDF Notes
Web Development,Quick Revision of HTML & CSS,Beginner,15,Fundamentals of HTML & CSS,2,Quiz
Web Development,Essential Terminology of HTML & CSS,Beginner,28,Quick Revision of HTML & CSS,1,Quiz
Web Development,HTML & CSS: Core Concepts,Intermediate,37,Essential Terminology of HTML & CSS,4,Quiz
Web Development,HTML & CSS: Practical Applications,Intermediate,45,HTML & CSS: Core Concepts,3,Video
Web Development,Problem Solving using HTML & CSS,Intermediate,37,HTML & CSS: Practical Applications,2,Practice Problems
Web Development,Common Mistakes in HTML & CSS,Intermediate,32,Problem Solving using HTML & CSS,2,Case Study
Web Development,Hands-on Practice for HTML & CSS,Intermediate,44,Common Mistakes in HTML & CSS,4,Quiz
Web Development,Advanced HTML & CSS Techniques,Advanced,86,Hands-on Practice for HTML & CSS,4,Practice Problems
Web Development,HTML & CSS: Case Study & Project Work,Advanced,61,Advanced HTML & CSS Techniques,4,Mini Project
Web Development,Mini Project on HTML & CSS,Advanced,90,HTML & CSS: Case Study & Project Work,4,Practice Problems
Web Development,Real-world Applications of HTML & CSS,Advanced,96,Mini Project on HTML & CSS,4,Interactive Lab
Web Development,Interview Questions on HTML & CSS,Advanced,93,Real-world Applications of HTML & CSS,5,Case Study
Web Development,Mastering HTML & CSS,Advanced,114,Interview Questions on HTML & CSS,4,Case Study
Web Development,Introduction to JavaScript Basics,Beginner,15,Mastering HTML & CSS,2,PDF Notes
Web Development,Fundamentals of JavaScript Basics,Beginner,28,Introduction to JavaScript Basics,2,Quiz
Web Development,Quick Revision of JavaScript Basics,Beginner,15,Fundamentals of JavaScript Basics,2,Video
Web Development,Essential Terminology of JavaScript Basics,Beginner,18,Quick Revision of JavaScript Basics,1,Video
Web Development,JavaScript Basics: Core Concepts,Intermediate,46,Essential Terminology of JavaScript Basics,3,Practice Problems
Web Development,JavaScript Basics: Practical Applications,Intermediate,37,JavaScript Basics: Core Concepts,3,Video
Web Development,Problem Solving using JavaScript Basics,Intermediate,47,JavaScript Basics: Practical Applications,4,Video
Web Development,Common Mistakes in JavaScript Basics,Intermediate,56,Problem Solving using JavaScript Basics,3,Practice Problems
Web Development,Hands-on Practice for JavaScript Basics,Intermediate,37,Common Mistakes in JavaScript Basics,3,Case Study
Web Development,Advanced JavaScript Basics Techniques,Advanced,71,Hands-on Practice for JavaScript Basics,4,Practice Problems
Web Development,JavaScript Basics: Case Study & Project Work,Advanced,110,Advanced JavaScript Basics Techniques,4,Case Study
Web Development,Mini Project on JavaScript Basics,Advanced,62,JavaScript Basics: Case Study & Project Work,5,Mini Project
Web Development,Real-world Applications of JavaScript Basics,Advanced,68,Mini Project on JavaScript Basics,4,Interactive Lab
Web Development,Interview Questions on JavaScript Basics,Advanced,113,Real-world Applications of JavaScript Basics,4,Interactive Lab
Web Development,Mastering JavaScript Basics,Advanced,101,Interview Questions on JavaScript Basics,4,Practice Problems
Web Development,Introduction to Responsive Design,Beginner,30,Mastering JavaScript Basics,1,Quiz
Web Development,Fundamentals of Responsive Design,Beginner,25,Introduction to Responsive Design,2,Quiz
Web Development,Quick Revision of Responsive Design,Beginner,29,Fundamentals of Responsive Design,1,Quiz
Web Development,Essential Terminology of Responsive Design,Beginner,21,Quick Revision of Responsive Design,1,PDF Notes
Web Development,Responsive Design: Core Concepts,Intermediate,55,Essential Terminology of Responsive Design,4,Practice Problems
Web Development,Responsive Design: Practical Applications,Intermediate,47,Responsive Design: Core Concepts,4,Video
Web Development,Problem Solving using Responsive Design,Intermediate,51,Responsive Design: Practical Applications,4,Video
Web Development,Common Mistakes in Responsive Design,Intermediate,32,Problem Solving using Responsive Design,4,Practice Problems
Web Development,Hands-on Practice for Responsive Design,Intermediate,30,Common Mistakes in Responsive Design,3,Case Study
Web Development,Advanced Responsive Design Techniques,Advanced,60,Hands-on Practice for Responsive Design,4,Interactive Lab
Web Development,Responsive Design: Case Study & Project Work,Advanced,85,Advanced Responsive Design Techniques,5,Mini Project
Web Development,Mini Project on Responsive Design,Advanced,75,Responsive Design: Case Study & Project Work,5,Mini Project
Web Development,Real-world Applications of Responsive Design,Advanced,101,Mini Project on Responsive Design,4,Mini Project
Web Development,Interview Questions on Responsive Design,Advanced,87,Real-world Applications of Responsive Design,5,Practice Problems
Web Development,Mastering Responsive Design,Advanced,108,Interview Questions on Responsive Design,5,Mini Project
Web Development,Introduction to Backend Basics,Beginner,17,Mastering Responsive Design,1,PDF Notes
Web Development,Fundamentals of Backend Basics,Beginner,26,Introduction to Backend Basics,2,PDF Notes
Web Development,Quick Revision of Backend Basics,Beginner,25,Fundamentals of Backend Basics,1,PDF Notes
Web Development,Essential Terminology of Backend Basics,Beginner,16,Quick Revision of Backend Basics,2,Quiz
Web Development,Backend Basics: Core Concepts,Intermediate,55,Essential Terminology of Backend Basics,2,Quiz
Web Development,Backend Basics: Practical Applications,Intermediate,53,Backend Basics: Core Concepts,2,Case Study
Web Development,Problem Solving using Backend Basics,Intermediate,54,Backend Basics: Practical Applications,3,Video
Web Development,Common Mistakes in Backend Basics,Intermediate,60,Problem Solving using Backend Basics,4,Practice Problems
Web Development,Hands-on Practice for Backend Basics,Intermediate,48,Common Mistakes in Backend Basics,2,Case Study
Web Development,Advanced Backend Basics Techniques,Advanced,69,Hands-on Practice for Backend Basics,4,Interactive Lab
Web Development,Backend Basics: Case Study & Project Work,Advanced,120,Advanced Backend Basics Techniques,5,Mini Project
Web Development,Mini Project on Backend Basics,Advanced,82,Backend Basics: Case Study & Project Work,5,Case Study
Web Development,Real-world Applications of Backend Basics,Advanced,74,Mini Project on Backend Basics,5,Case Study
Web Development,Interview Questions on Backend Basics,Advanced,82,Real-world Applications of Backend Basics,5,Interactive Lab
Web Development,Mastering Backend Basics,Advanced,104,Interview Questions on Backend Basics,5,Interactive Lab
Web Development,Introduction to REST APIs,Beginner,21,Mastering Backend Basics,2,PDF Notes
Web Development,Fundamentals of REST APIs,Beginner,23,Introduction to REST APIs,2,Quiz
Web Development,Quick Revision of REST APIs,Beginner,18,Fundamentals of REST APIs,1,Video
Web Development,Essential Terminology of REST APIs,Beginner,24,Quick Revision of REST APIs,1,Quiz
Web Development,REST APIs: Core Concepts,Intermediate,59,Essential Terminology of REST APIs,2,Video
Web Development,REST APIs: Practical Applications,Intermediate,38,REST APIs: Core Concepts,3,Practice Problems
Web Development,Problem Solving using REST APIs,Intermediate,55,REST APIs: Practical Applications,3,Case Study
Web Development,Common Mistakes in REST APIs,Intermediate,43,Problem Solving using REST APIs,2,Quiz
Web Development,Hands-on Practice for REST APIs,Intermediate,46,Common Mistakes in REST APIs,2,Case Study
Web Development,Advanced REST APIs Techniques,Advanced,86,Hands-on Practice for REST APIs,4,Interactive Lab
Web Development,REST APIs: Case Study & Project Work,Advanced,102,Advanced REST APIs Techniques,4,Mini Project
Web Development,Mini Project on REST APIs,Advanced,71,REST APIs: Case Study & Project Work,4,Case Study
Web Development,Real-world Applications of REST APIs,Advanced,74,Mini Project on REST APIs,4,Mini Project
Web Development,Interview Questions on REST APIs,Advanced,92,Real-world Applications of REST APIs,5,Case Study
Web Development,Mastering REST APIs,Advanced,111,Interview Questions on REST APIs,5,Mini Project
Web Technologies,Introduction to Frontend Frameworks,Beginner,27,None,1,Video
Web Technologies,Fundamentals of Frontend Frameworks,Beginner,27,Introduction to Frontend Frameworks,2,Quiz
Web Technologies,Quick Revision of Frontend Frameworks,Beginner,18,Fundamentals of Frontend Frameworks,1,Video
Web Technologies,Essential Terminology of Frontend Frameworks,Beginner,28,Quick Revision of Frontend Frameworks,2,Video
Web Technologies,Frontend Frameworks: Core Concepts,Intermediate,52,Essential Terminology of Frontend Frameworks,2,Practice Problems
Web Technologies,Frontend Frameworks: Practical Applications,Intermediate,46,Frontend Frameworks: Core Concepts,2,Quiz
Web Technologies,Problem Solving using Frontend Frameworks,Intermediate,51,Frontend Frameworks: Practical Applications,4,Video
Web Technologies,Common Mistakes in Frontend Frameworks,Intermediate,31,Problem Solving using Frontend Frameworks,3,Quiz
Web Technologies,Hands-on Practice for Frontend Frameworks,Intermediate,56,Common Mistakes in Frontend Frameworks,3,Video
Web Technologies,Advanced Frontend Frameworks Techniques,Advanced,64,Hands-on Practice for Frontend Frameworks,5,Case Study
Web Technologies,Frontend Frameworks: Case Study & Project Work,Advanced,62,Advanced Frontend Frameworks Techniques,4,Mini Project
Web Technologies,Mini Project on Frontend Frameworks,Advanced,83,Frontend Frameworks: Case Study & Project Work,5,Case Study
Web Technologies,Real-world Applications of Frontend Frameworks,Advanced,104,Mini Project on Frontend Frameworks,4,Interactive Lab
Web Technologies,Interview Questions on Frontend Frameworks,Advanced,115,Real-world Applications of Frontend Frameworks,4,Case Study
Web Technologies,Mastering Frontend Frameworks,Advanced,88,Interview Questions on Frontend Frameworks,5,Interactive Lab
Web Technologies,Introduction to Backend Frameworks,Beginner,24,Mastering Frontend Frameworks,2,Quiz
Web Technologies,Fundamentals of Backend Frameworks,Beginner,21,Introduction to Backend Frameworks,1,Video
Web Technologies,Quick Revision of Backend Frameworks,Beginner,18,Fundamentals of Backend Frameworks,2,PDF Notes
Web Technologies,Essential Terminology of Backend Frameworks,Beginner,18,Quick Revision of Backend Frameworks,2,PDF Notes
Web Technologies,Backend Frameworks: Core Concepts,Intermediate,41,Essential Terminology of Backend Frameworks,3,Quiz
Web Technologies,Backend Frameworks: Practical Applications,Intermediate,60,Backend Frameworks: Core Concepts,2,Case Study
Web Technologies,Problem Solving using Backend Frameworks,Intermediate,36,Backend Frameworks: Practical Applications,2,Case Study
Web Technologies,Common Mistakes in Backend Frameworks,Intermediate,38,Problem Solving using Backend Frameworks,3,Video
Web Technologies,Hands-on Practice for Backend Frameworks,Intermediate,46,Common Mistakes in Backend Frameworks,2,Video
Web Technologies,Advanced Backend Frameworks Techniques,Advanced,72,Hands-on Practice for Backend Frameworks,4,Mini Project
Web Technologies,Backend Frameworks: Case Study & Project Work,Advanced,75,Advanced Backend Frameworks Techniques,5,Practice Problems
Web Technologies,Mini Project on Backend Frameworks,Advanced,70,Backend Frameworks: Case Study & Project Work,5,Practice Problems
Web Technologies,Real-world Applications of Backend Frameworks,Advanced,62,Mini Project on Backend Frameworks,5,Interactive Lab
Web Technologies,Interview Questions on Backend Frameworks,Advanced,100,Real-world Applications of Backend Frameworks,4,Practice Problems
Web Technologies,Mastering Backend Frameworks,Advanced,72,Interview Questions on Backend Frameworks,5,Practice Problems
Web Technologies,Introduction to APIs and Microservices,Beginner,22,Mastering Backend Frameworks,1,Video
Web Technologies,Fundamentals of APIs and Microservices,Beginner,21,Introduction to APIs and Microservices,2,PDF Notes
Web Technologies,Quick Revision of APIs and Microservices,Beginner,27,Fundamentals of APIs and Microservices,2,Video
Web Technologies,Essential Terminology of APIs and Microservices,Beginner,29,Quick Revision of APIs and Microservices,2,Quiz
Web Technologies,APIs and Microservices: Core Concepts,Intermediate,43,Essential Terminology of APIs and Microservices,2,Video
Web Technologies,APIs and Microservices: Practical Applications,Intermediate,53,APIs and Microservices: Core Concepts,4,Case Study
Web Technologies,Problem Solving using APIs and Microservices,Intermediate,32,APIs and Microservices: Practical Applications,3,Case Study
Web Technologies,Common Mistakes in APIs and Microservices,Intermediate,56,Problem Solving using APIs and Microservices,3,Practice Problems
Web Technologies,Hands-on Practice for APIs and Microservices,Intermediate,42,Common Mistakes in APIs and Microservices,2,Practice Problems
Web Technologies,Advanced APIs and Microservices Techniques,Advanced,112,Hands-on Practice for APIs and Microservices,4,Case Study
Web Technologies,APIs and Microservices: Case Study & Project Work,Advanced,116,Advanced APIs and Microservices Techniques,5,Interactive Lab
Web Technologies,Mini Project on APIs and Microservices,Advanced,107,APIs and Microservices: Case Study & Project Work,4,Mini Project
Web Technologies,Real-world Applications of APIs and Microservices,Advanced,100,Mini Project on APIs and Microservices,5,Mini Project
Web Technologies,Interview Questions on APIs and Microservices,Advanced,120,Real-world Applications of APIs and Microservices,4,Interactive Lab
Web Technologies,Mastering APIs and Microservices,Advanced,77,Interview Questions on APIs and Microservices,5,Mini Project
Web Technologies,Introduction to Web Security,Beginner,30,Mastering APIs and Microservices,1,Video
Web Technologies,Fundamentals of Web Security,Beginner,15,Introduction to Web Security,1,Quiz
Web Technologies,Quick Revision of Web Security,Beginner,18,Fundamentals of Web Security,1,PDF Notes
Web Technologies,Essential Terminology of Web Security,Beginner,20,Quick Revision of Web Security,2,PDF Notes
Web Technologies,Web Security: Core Concepts,Intermediate,43,Essential Terminology of Web Security,3,Quiz
Web Technologies,Web Security: Practical Applications,Intermediate,55,Web Security: Core Concepts,2,Video
Web Technologies,Problem Solving using Web Security,Intermediate,36,Web Security: Practical Applications,4,Video
Web Technologies,Common Mistakes in Web Security,Intermediate,52,Problem Solving using Web Security,3,Practice Problems
Web Technologies,Hands-on Practice for Web Security,Intermediate,35,Common Mistakes in Web Security,4,Video
Web Technologies,Advanced Web Security Techniques,Advanced,88,Hands-on Practice for Web Security,5,Mini Project
Web Technologies,Web Security: Case Study & Project Work,Advanced,119,Advanced Web Security Techniques,4,Case Study
Web Technologies,Mini Project on Web Security,Advanced,66,Web Security: Case Study & Project Work,5,Interactive Lab
Web Technologies,Real-world Applications of Web Security,Advanced,114,Mini Project on Web Security,4,Interactive Lab
Web Technologies,Interview Questions on Web Security,Advanced,117,Real-world Applications of Web Security,5,Case Study
Web Technologies,Mastering Web Security,Advanced,104,Interview Questions on Web Security,5,Practice Problems
Zoology,Introduction to Animal Diversity,Beginner,29,None,2,PDF Notes
Zoology,Fundamentals of Animal Diversity,Beginner,15,Introduction to Animal Diversity,2,PDF Notes
Zoology,Quick Revision of Animal Diversity,Beginner,28,Fundamentals of Animal Diversity,2,Quiz
Zoology,Essential Terminology of Animal Diversity,Beginner,22,Quick Revision of Animal Diversity,2,Quiz
Zoology,Animal Diversity: Core Concepts,Intermediate,45,Essential Terminology of Animal Diversity,2,Quiz
Zoology,Animal Diversity: Practical Applications,Intermediate,41,Animal Diversity: Core Concepts,3,Case Study
Zoology,Problem Solving using Animal Diversity,Intermediate,35,Animal Diversity: Practical Applications,2,Practice Problems
Zoology,Common Mistakes in Animal Diversity,Intermediate,58,Problem Solving using Animal Diversity,4,Practice Problems
Zoology,Hands-on Practice for Animal Diversity,Intermediate,39,Common Mistakes in Animal Diversity,3,Video
Zoology,Advanced Animal Diversity Techniques,Advanced,79,Hands-on Practice for Animal Diversity,5,Practice Problems
Zoology,Animal Diversity: Case Study & Project Work,Advanced,114,Advanced Animal Diversity Techniques,5,Interactive Lab
Zoology,Mini Project on Animal Diversity,Advanced,95,Animal Diversity: Case Study & Project Work,4,Mini Project
Zoology,Real-world Applications of Animal Diversity,Advanced,117,Mini Project on Animal Diversity,4,Practice Problems
Zoology,Interview Questions on Animal Diversity,Advanced,60,Real-world Applications of Animal Diversity,5,Mini Project
Zoology,Mastering Animal Diversity,Advanced,84,Interview Questions on Animal Diversity,5,Interactive Lab
Zoology,Introduction to Animal Physiology,Beginner,17,Mastering Animal Diversity,2,PDF Notes
Zoology,Fundamentals of Animal Physiology,Beginner,24,Introduction to Animal Physiology,1,Quiz
Zoology,Quick Revision of Animal Physiology,Beginner,22,Fundamentals of Animal Physiology,1,Quiz
Zoology,Essential Terminology of Animal Physiology,Beginner,23,Quick Revision of Animal Physiology,1,PDF Notes
Zoology,Animal Physiology: Core Concepts,Intermediate,45,Essential Terminology of Animal Physiology,4,Quiz
Zoology,Animal Physiology: Practical Applications,Intermediate,44,Animal Physiology: Core Concepts,2,Practice Problems
Zoology,Problem Solving using Animal Physiology,Intermediate,60,Animal Physiology: Practical Applications,2,Case Study
Zoology,Common Mistakes in Animal Physiology,Intermediate,37,Problem Solving using Animal Physiology,4,Quiz
Zoology,Hands-on Practice for Animal Physiology,Intermediate,54,Common Mistakes in Animal Physiology,2,Video
Zoology,Advanced Animal Physiology Techniques,Advanced,88,Hands-on Practice for Animal Physiology,5,Case Study
Zoology,Animal Physiology: Case Study & Project Work,Advanced,113,Advanced Animal Physiology Techniques,5,Practice Problems
Zoology,Mini Project on Animal Physiology,Advanced,102,Animal Physiology: Case Study & Project Work,4,Mini Project
Zoology,Real-world Applications of Animal Physiology,Advanced,62,Mini Project on Animal Physiology,4,Practice Problems
Zoology,Interview Questions on Animal Physiology,Advanced,114,Real-world Applications of Animal Physiology,4,Case Study
Zoology,Mastering Animal Physiology,Advanced,80,Interview Questions on Animal Physiology,5,Mini Project
Zoology,Introduction to Developmental Biology,Beginner,29,Mastering Animal Physiology,1,Video
Zoology,Fundamentals of Developmental Biology,Beginner,22,Introduction to Developmental Biology,1,Quiz
Zoology,Quick Revision of Developmental Biology,Beginner,26,Fundamentals of Developmental Biology,1,PDF Notes
Zoology,Essential Terminology of Developmental Biology,Beginner,17,Quick Revision of Developmental Biology,2,Video
Zoology,Developmental Biology: Core Concepts,Intermediate,58,Essential Terminology of Developmental Biology,3,Practice Problems
Zoology,Developmental Biology: Practical Applications,Intermediate,49,Developmental Biology: Core Concepts,3,Practice Problems
Zoology,Problem Solving using Developmental Biology,Intermediate,32,Developmental Biology: Practical Applications,3,Practice Problems
Zoology,Common Mistakes in Developmental Biology,Intermediate,55,Problem Solving using Developmental Biology,4,Video
Zoology,Hands-on Practice for Developmental Biology,Intermediate,60,Common Mistakes in Developmental Biology,2,Video
Zoology,Advanced Developmental Biology Techniques,Advanced,109,Hands-on Practice for Developmental Biology,4,Case Study
Zoology,Developmental Biology: Case Study & Project Work,Advanced,111,Advanced Developmental Biology Techniques,5,Case Study
Zoology,Mini Project on Developmental Biology,Advanced,120,Developmental Biology: Case Study & Project Work,5,Case Study
Zoology,Real-world Applications of Developmental Biology,Advanced,83,Mini Project on Developmental Biology,5,Interactive Lab
Zoology,Interview Questions on Developmental Biology,Advanced,112,Real-world Applications of Developmental Biology,4,Mini Project
Zoology,Mastering Developmental Biology,Advanced,67,Interview Questions on Developmental Biology,4,Interactive Lab
Zoology,Introduction to Animal Behavior,Beginner,19,Mastering Developmental Biology,2,Quiz
Zoology,Fundamentals of Animal Behavior,Beginner,16,Introduction to Animal Behavior,2,Video
Zoology,Quick Revision of Animal Behavior,Beginner,28,Fundamentals of Animal Behavior,1,PDF Notes
Zoology,Essential Terminology of Animal Behavior,Beginner,21,Quick Revision of Animal Behavior,1,Quiz
Zoology,Animal Behavior: Core Concepts,Intermediate,37,Essential Terminology of Animal Behavior,2,Video
Zoology,Animal Behavior: Practical Applications,Intermediate,56,Animal Behavior: Core Concepts,3,Video
Zoology,Problem Solving using Animal Behavior,Intermediate,42,Animal Behavior: Practical Applications,4,Quiz
Zoology,Common Mistakes in Animal Behavior,Intermediate,34,Problem Solving using Animal Behavior,4,Practice Problems
Zoology,Hands-on Practice for Animal Behavior,Intermediate,60,Common Mistakes in Animal Behavior,4,Practice Problems
Zoology,Advanced Animal Behavior Techniques,Advanced,80,Hands-on Practice for Animal Behavior,4,Mini Project
Zoology,Animal Behavior: Case Study & Project Work,Advanced,87,Advanced Animal Behavior Techniques,5,Mini Project
Zoology,Mini Project on Animal Behavior,Advanced,96,Animal Behavior: Case Study & Project Work,5,Interactive Lab
Zoology,Real-world Applications of Animal Behavior,Advanced,91,Mini Project on Animal Behavior,4,Mini Project
Zoology,Interview Questions on Animal Behavior,Advanced,83,Real-world Applications of Animal Behavior,4,Practice Problems
Zoology,Mastering Animal Behavior,Advanced,113,Interview Questions on Animal Behavior,5,Case Study
